group,backbone,strategy,lam,cond,window,feat,fusion,config,seed,eval_set,seconds,best_ep1,best_ep2,auroc,event_recall,bin_recall,fpr,fa_per_pole_week,recall_by_kind
G3,lstm,ft_pole,0.0,full,96,raw,False,lstm|ft_pole|lam0.0|full|w96,0,A_val,28.6,32.0,4.0,0.9843187034169556,0.875,0.9266802443991852,0.0687580151918713,6.826446280991736,"{""camera_dead|large"": 1.0, ""camera_dead|medium"": 1.0, ""camera_dead|small"": 1.0, ""drift|large"": 1.0, ""drift|medium"": 1.0, ""drift|small"": 1.0, ""dropout|large"": 1.0, ""dropout|medium"": 1.0, ""dropout|small"": 1.0, ""lamp_off_night|large"": 1.0, ""lamp_off_night|medium"": 1.0, ""lamp_off_night|small"": 0.0, ""lamp_on_day|large"": 1.0, ""lamp_on_day|medium"": 1.0, ""lamp_on_day|small"": 0.0, ""level_shift|large"": 1.0, ""level_shift|medium"": 1.0, ""level_shift|small"": 1.0, ""signage_stuck|large"": 1.0, ""signage_stuck|medium"": 1.0, ""signage_stuck|small"": 0.0, ""spike|large"": 1.0, ""spike|medium"": 1.0, ""spike|small"": 1.0}"
G3,lstm,ft_pole,0.0,full,96,raw,False,lstm|ft_pole|lam0.0|full|w96,0,A_test,28.6,32.0,4.0,0.9732905587948916,0.9375,0.9269345732314844,0.1295631358467983,10.0,"{""camera_dead|large"": 1.0, ""camera_dead|medium"": 1.0, ""camera_dead|small"": 1.0, ""drift|large"": 1.0, ""drift|medium"": 1.0, ""drift|small"": 1.0, ""dropout|large"": 1.0, ""dropout|medium"": 1.0, ""dropout|small"": 1.0, ""lamp_off_night|large"": 1.0, ""lamp_off_night|medium"": 1.0, ""lamp_off_night|small"": 0.75, ""lamp_on_day|large"": 1.0, ""lamp_on_day|medium"": 1.0, ""lamp_on_day|small"": 0.5, ""level_shift|large"": 1.0, ""level_shift|medium"": 1.0, ""level_shift|small"": 1.0, ""signage_stuck|large"": 1.0, ""signage_stuck|medium"": 1.0, ""signage_stuck|small"": 0.25, ""spike|large"": 1.0, ""spike|medium"": 1.0, ""spike|small"": 1.0}"
G3,lstm,ft_pole,0.0,full,96,raw,False,lstm|ft_pole|lam0.0|full|w96,0,B_val,28.6,32.0,4.0,0.7289371653344621,0.5,0.191904047976012,0.013455788124733,2.555555555555556,"{""drift|large"": 1.0, ""drift|medium"": 0.5, ""drift|small"": 0.5, ""dropout|large"": 1.0, ""dropout|medium"": 1.0, ""dropout|small"": 1.0, ""lamp_off_night|large"": 0.0, ""lamp_off_night|medium"": 0.0, ""lamp_off_night|small"": 0.0, ""lamp_on_day|large"": 0.0, ""lamp_on_day|medium"": 1.0, ""lamp_on_day|small"": 0.0, ""level_shift|large"": 1.0, ""level_shift|medium"": 0.0, ""level_shift|small"": 0.0, ""spike|large"": 1.0, ""spike|medium"": 0.5, ""spike|small"": 0.5}"
G3,lstm,ft_pole,0.0,full,96,raw,False,lstm|ft_pole|lam0.0|full|w96,0,B_test,28.6,32.0,4.0,0.7072666688491107,0.4305555555555556,0.1188486536675951,0.0117524610781039,2.1477272727272725,"{""drift|large"": 1.0, ""drift|medium"": 1.0, ""drift|small"": 0.5, ""dropout|large"": 0.75, ""dropout|medium"": 0.75, ""dropout|small"": 0.25, ""lamp_off_night|large"": 0.25, ""lamp_off_night|medium"": 0.0, ""lamp_off_night|small"": 0.0, ""lamp_on_day|large"": 0.0, ""lamp_on_day|medium"": 0.25, ""lamp_on_day|small"": 0.25, ""level_shift|large"": 0.75, ""level_shift|medium"": 0.25, ""level_shift|small"": 0.5, ""spike|large"": 1.0, ""spike|medium"": 0.25, ""spike|small"": 0.0}"
G3,lstm,ft_pole,0.0,full,96,raw,False,lstm|ft_pole|lam0.0|full|w96,1,A_val,19.9,17.0,9.0,0.9859313019239944,0.875,0.9253224711473184,0.0299891486633126,5.727272727272728,"{""camera_dead|large"": 1.0, ""camera_dead|medium"": 1.0, ""camera_dead|small"": 1.0, ""drift|large"": 1.0, ""drift|medium"": 1.0, ""drift|small"": 1.0, ""dropout|large"": 1.0, ""dropout|medium"": 1.0, ""dropout|small"": 1.0, ""lamp_off_night|large"": 1.0, ""lamp_off_night|medium"": 1.0, ""lamp_off_night|small"": 0.0, ""lamp_on_day|large"": 1.0, ""lamp_on_day|medium"": 1.0, ""lamp_on_day|small"": 0.0, ""level_shift|large"": 1.0, ""level_shift|medium"": 1.0, ""level_shift|small"": 1.0, ""signage_stuck|large"": 1.0, ""signage_stuck|medium"": 1.0, ""signage_stuck|small"": 0.0, ""spike|large"": 1.0, ""spike|medium"": 1.0, ""spike|small"": 1.0}"
G3,lstm,ft_pole,0.0,full,96,raw,False,lstm|ft_pole|lam0.0|full|w96,1,A_test,19.9,17.0,9.0,0.9728370799190122,0.8958333333333334,0.919628030554633,0.0870736086175942,9.92,"{""camera_dead|large"": 1.0, ""camera_dead|medium"": 1.0, ""camera_dead|small"": 1.0, ""drift|large"": 1.0, ""drift|medium"": 1.0, ""drift|small"": 1.0, ""dropout|large"": 1.0, ""dropout|medium"": 1.0, ""dropout|small"": 1.0, ""lamp_off_night|large"": 1.0, ""lamp_off_night|medium"": 1.0, ""lamp_off_night|small"": 0.5, ""lamp_on_day|large"": 1.0, ""lamp_on_day|medium"": 1.0, ""lamp_on_day|small"": 0.0, ""level_shift|large"": 1.0, ""level_shift|medium"": 1.0, ""level_shift|small"": 1.0, ""signage_stuck|large"": 1.0, ""signage_stuck|medium"": 1.0, ""signage_stuck|small"": 0.0, ""spike|large"": 1.0, ""spike|medium"": 1.0, ""spike|small"": 1.0}"
G3,lstm,ft_pole,0.0,full,96,raw,False,lstm|ft_pole|lam0.0|full|w96,1,B_val,19.9,17.0,9.0,0.7119413915425884,0.4722222222222222,0.1679160419790105,0.0126014523707817,2.111111111111111,"{""drift|large"": 1.0, ""drift|medium"": 0.5, ""drift|small"": 0.0, ""dropout|large"": 1.0, ""dropout|medium"": 1.0, ""dropout|small"": 0.5, ""lamp_off_night|large"": 0.0, ""lamp_off_night|medium"": 0.0, ""lamp_off_night|small"": 0.0, ""lamp_on_day|large"": 0.0, ""lamp_on_day|medium"": 1.0, ""lamp_on_day|small"": 0.0, ""level_shift|large"": 1.0, ""level_shift|medium"": 0.0, ""level_shift|small"": 0.0, ""spike|large"": 1.0, ""spike|medium"": 1.0, ""spike|small"": 0.5}"
G3,lstm,ft_pole,0.0,full,96,raw,False,lstm|ft_pole|lam0.0|full|w96,1,B_test,19.9,17.0,9.0,0.7372166260518667,0.4444444444444444,0.1128133704735376,0.0078927967388004,1.6439393939393938,"{""drift|large"": 1.0, ""drift|medium"": 1.0, ""drift|small"": 0.25, ""dropout|large"": 1.0, ""dropout|medium"": 1.0, ""dropout|small"": 0.25, ""lamp_off_night|large"": 0.25, ""lamp_off_night|medium"": 0.0, ""lamp_off_night|small"": 0.0, ""lamp_on_day|large"": 0.0, ""lamp_on_day|medium"": 0.25, ""lamp_on_day|small"": 0.25, ""level_shift|large"": 0.75, ""level_shift|medium"": 0.25, ""level_shift|small"": 0.5, ""spike|large"": 1.0, ""spike|medium"": 0.25, ""spike|small"": 0.0}"
G3,lstm,ft_pole,0.0,full,96,raw,False,lstm|ft_pole|lam0.0|full|w96,2,A_val,27.1,24.0,18.0,0.9866012813859492,0.875,0.9253224711473184,0.0422215645654532,6.132231404958678,"{""camera_dead|large"": 1.0, ""camera_dead|medium"": 1.0, ""camera_dead|small"": 1.0, ""drift|large"": 1.0, ""drift|medium"": 1.0, ""drift|small"": 1.0, ""dropout|large"": 1.0, ""dropout|medium"": 1.0, ""dropout|small"": 1.0, ""lamp_off_night|large"": 1.0, ""lamp_off_night|medium"": 1.0, ""lamp_off_night|small"": 0.0, ""lamp_on_day|large"": 1.0, ""lamp_on_day|medium"": 1.0, ""lamp_on_day|small"": 0.0, ""level_shift|large"": 1.0, ""level_shift|medium"": 1.0, ""level_shift|small"": 1.0, ""signage_stuck|large"": 1.0, ""signage_stuck|medium"": 1.0, ""signage_stuck|small"": 0.0, ""spike|large"": 1.0, ""spike|medium"": 1.0, ""spike|small"": 1.0}"
G3,lstm,ft_pole,0.0,full,96,raw,False,lstm|ft_pole|lam0.0|full|w96,2,A_test,27.1,24.0,18.0,0.979902386640964,0.9375,0.9275988043839256,0.0866247755834829,9.64,"{""camera_dead|large"": 1.0, ""camera_dead|medium"": 1.0, ""camera_dead|small"": 1.0, ""drift|large"": 1.0, ""drift|medium"": 1.0, ""drift|small"": 1.0, ""dropout|large"": 1.0, ""dropout|medium"": 1.0, ""dropout|small"": 1.0, ""lamp_off_night|large"": 1.0, ""lamp_off_night|medium"": 1.0, ""lamp_off_night|small"": 0.75, ""lamp_on_day|large"": 1.0, ""lamp_on_day|medium"": 1.0, ""lamp_on_day|small"": 0.5, ""level_shift|large"": 1.0, ""level_shift|medium"": 1.0, ""level_shift|small"": 1.0, ""signage_stuck|large"": 1.0, ""signage_stuck|medium"": 1.0, ""signage_stuck|small"": 0.25, ""spike|large"": 1.0, ""spike|medium"": 1.0, ""spike|small"": 1.0}"
G3,lstm,ft_pole,0.0,full,96,raw,False,lstm|ft_pole|lam0.0|full|w96,2,B_val,27.1,24.0,18.0,0.7261458442073281,0.5,0.1604197901049475,0.0111063648013669,1.7777777777777777,"{""drift|large"": 1.0, ""drift|medium"": 0.5, ""drift|small"": 0.0, ""dropout|large"": 1.0, ""dropout|medium"": 1.0, ""dropout|small"": 1.0, ""lamp_off_night|large"": 0.0, ""lamp_off_night|medium"": 0.0, ""lamp_off_night|small"": 0.0, ""lamp_on_day|large"": 0.0, ""lamp_on_day|medium"": 0.5, ""lamp_on_day|small"": 0.0, ""level_shift|large"": 1.0, ""level_shift|medium"": 0.0, ""level_shift|small"": 0.5, ""spike|large"": 1.0, ""spike|medium"": 1.0, ""spike|small"": 0.5}"
G3,lstm,ft_pole,0.0,full,96,raw,False,lstm|ft_pole|lam0.0|full|w96,2,B_test,27.1,24.0,18.0,0.73241704105447,0.4305555555555556,0.1049210770659238,0.0094973762955895,2.015151515151515,"{""drift|large"": 1.0, ""drift|medium"": 1.0, ""drift|small"": 0.25, ""dropout|large"": 1.0, ""dropout|medium"": 1.0, ""dropout|small"": 0.25, ""lamp_off_night|large"": 0.25, ""lamp_off_night|medium"": 0.0, ""lamp_off_night|small"": 0.0, ""lamp_on_day|large"": 0.0, ""lamp_on_day|medium"": 0.25, ""lamp_on_day|small"": 0.25, ""level_shift|large"": 0.75, ""level_shift|medium"": 0.25, ""level_shift|small"": 0.5, ""spike|large"": 0.75, ""spike|medium"": 0.25, ""spike|small"": 0.0}"
G5,lstm,ft_pole,0.5,full,48,raw,False,lstm|ft_pole|lam0.5|full|w48,0,A_val,32.9,25.0,27.0,0.9870742317018556,0.9166666666666666,0.9327902240325866,0.0628391042714807,7.636363636363637,"{""camera_dead|large"": 1.0, ""camera_dead|medium"": 1.0, ""camera_dead|small"": 1.0, ""drift|large"": 1.0, ""drift|medium"": 1.0, ""drift|small"": 1.0, ""dropout|large"": 1.0, ""dropout|medium"": 1.0, ""dropout|small"": 1.0, ""lamp_off_night|large"": 1.0, ""lamp_off_night|medium"": 1.0, ""lamp_off_night|small"": 0.0, ""lamp_on_day|large"": 1.0, ""lamp_on_day|medium"": 1.0, ""lamp_on_day|small"": 0.5, ""level_shift|large"": 1.0, ""level_shift|medium"": 1.0, ""level_shift|small"": 1.0, ""signage_stuck|large"": 1.0, ""signage_stuck|medium"": 1.0, ""signage_stuck|small"": 0.5, ""spike|large"": 1.0, ""spike|medium"": 1.0, ""spike|small"": 1.0}"
G5,lstm,ft_pole,0.5,full,48,raw,False,lstm|ft_pole|lam0.5|full|w48,0,A_test,32.9,25.0,27.0,0.9732756275066428,0.9166666666666666,0.9176353370973098,0.1074207061639736,10.0,"{""camera_dead|large"": 1.0, ""camera_dead|medium"": 1.0, ""camera_dead|small"": 1.0, ""drift|large"": 1.0, ""drift|medium"": 1.0, ""drift|small"": 1.0, ""dropout|large"": 1.0, ""dropout|medium"": 1.0, ""dropout|small"": 1.0, ""lamp_off_night|large"": 1.0, ""lamp_off_night|medium"": 1.0, ""lamp_off_night|small"": 0.75, ""lamp_on_day|large"": 1.0, ""lamp_on_day|medium"": 1.0, ""lamp_on_day|small"": 0.0, ""level_shift|large"": 1.0, ""level_shift|medium"": 1.0, ""level_shift|small"": 1.0, ""signage_stuck|large"": 1.0, ""signage_stuck|medium"": 1.0, ""signage_stuck|small"": 0.25, ""spike|large"": 1.0, ""spike|medium"": 1.0, ""spike|small"": 1.0}"
G5,lstm,ft_pole,0.5,full,48,raw,False,lstm|ft_pole|lam0.5|full|w48,0,B_val,32.9,25.0,27.0,0.7685126360356772,0.4722222222222222,0.2053973013493253,0.013455788124733,3.111111111111111,"{""drift|large"": 1.0, ""drift|medium"": 0.0, ""drift|small"": 0.5, ""dropout|large"": 1.0, ""dropout|medium"": 1.0, ""dropout|small"": 1.0, ""lamp_off_night|large"": 0.0, ""lamp_off_night|medium"": 0.0, ""lamp_off_night|small"": 0.0, ""lamp_on_day|large"": 0.0, ""lamp_on_day|medium"": 0.5, ""lamp_on_day|small"": 0.0, ""level_shift|large"": 1.0, ""level_shift|medium"": 0.0, ""level_shift|small"": 0.0, ""spike|large"": 1.0, ""spike|medium"": 1.0, ""spike|small"": 0.5}"
G5,lstm,ft_pole,0.5,full,48,raw,False,lstm|ft_pole|lam0.5|full|w48,0,B_test,32.9,25.0,27.0,0.7562144590299085,0.5555555555555556,0.1694521819870009,0.0155687584023591,3.128787878787879,"{""drift|large"": 1.0, ""drift|medium"": 1.0, ""drift|small"": 0.5, ""dropout|large"": 1.0, ""dropout|medium"": 1.0, ""dropout|small"": 0.75, ""lamp_off_night|large"": 0.25, ""lamp_off_night|medium"": 0.0, ""lamp_off_night|small"": 0.0, ""lamp_on_day|large"": 0.25, ""lamp_on_day|medium"": 0.75, ""lamp_on_day|small"": 0.25, ""level_shift|large"": 1.0, ""level_shift|medium"": 0.25, ""level_shift|small"": 0.5, ""spike|large"": 1.0, ""spike|medium"": 0.5, ""spike|small"": 0.0}"
G5,lstm,ft_pole,0.5,full,48,raw,False,lstm|ft_pole|lam0.5|full|w48,1,A_val,44.0,51.0,16.0,0.988673636890821,0.875,0.9287169042769856,0.0414323764427345,6.884297520661158,"{""camera_dead|large"": 1.0, ""camera_dead|medium"": 1.0, ""camera_dead|small"": 1.0, ""drift|large"": 1.0, ""drift|medium"": 1.0, ""drift|small"": 1.0, ""dropout|large"": 1.0, ""dropout|medium"": 1.0, ""dropout|small"": 1.0, ""lamp_off_night|large"": 1.0, ""lamp_off_night|medium"": 1.0, ""lamp_off_night|small"": 0.0, ""lamp_on_day|large"": 1.0, ""lamp_on_day|medium"": 1.0, ""lamp_on_day|small"": 0.0, ""level_shift|large"": 1.0, ""level_shift|medium"": 1.0, ""level_shift|small"": 1.0, ""signage_stuck|large"": 1.0, ""signage_stuck|medium"": 1.0, ""signage_stuck|small"": 0.0, ""spike|large"": 1.0, ""spike|medium"": 1.0, ""spike|small"": 1.0}"
G5,lstm,ft_pole,0.5,full,48,raw,False,lstm|ft_pole|lam0.5|full|w48,1,A_test,44.0,51.0,16.0,0.974300768516636,0.90625,0.918963799402192,0.1139287851585876,11.32,"{""camera_dead|large"": 1.0, ""camera_dead|medium"": 1.0, ""camera_dead|small"": 1.0, ""drift|large"": 1.0, ""drift|medium"": 1.0, ""drift|small"": 1.0, ""dropout|large"": 1.0, ""dropout|medium"": 1.0, ""dropout|small"": 1.0, ""lamp_off_night|large"": 1.0, ""lamp_off_night|medium"": 1.0, ""lamp_off_night|small"": 0.75, ""lamp_on_day|large"": 1.0, ""lamp_on_day|medium"": 1.0, ""lamp_on_day|small"": 0.0, ""level_shift|large"": 1.0, ""level_shift|medium"": 1.0, ""level_shift|small"": 1.0, ""signage_stuck|large"": 1.0, ""signage_stuck|medium"": 1.0, ""signage_stuck|small"": 0.0, ""spike|large"": 1.0, ""spike|medium"": 1.0, ""spike|small"": 1.0}"
G5,lstm,ft_pole,0.5,full,48,raw,False,lstm|ft_pole|lam0.5|full|w48,1,B_val,44.0,51.0,16.0,0.7622637848098591,0.5277777777777778,0.2263868065967016,0.0160187953865869,3.2222222222222223,"{""drift|large"": 1.0, ""drift|medium"": 0.5, ""drift|small"": 1.0, ""dropout|large"": 1.0, ""dropout|medium"": 1.0, ""dropout|small"": 0.5, ""lamp_off_night|large"": 0.0, ""lamp_off_night|medium"": 0.0, ""lamp_off_night|small"": 0.0, ""lamp_on_day|large"": 0.0, ""lamp_on_day|medium"": 0.5, ""lamp_on_day|small"": 0.0, ""level_shift|large"": 1.0, ""level_shift|medium"": 0.0, ""level_shift|small"": 0.0, ""spike|large"": 1.0, ""spike|medium"": 1.0, ""spike|small"": 1.0}"
G5,lstm,ft_pole,0.5,full,48,raw,False,lstm|ft_pole|lam0.5|full|w48,1,B_test,44.0,51.0,16.0,0.7604681310221816,0.5694444444444444,0.1745589600742804,0.0215967734940804,4.587121212121212,"{""drift|large"": 1.0, ""drift|medium"": 1.0, ""drift|small"": 0.5, ""dropout|large"": 1.0, ""dropout|medium"": 1.0, ""dropout|small"": 0.5, ""lamp_off_night|large"": 0.25, ""lamp_off_night|medium"": 0.0, ""lamp_off_night|small"": 0.0, ""lamp_on_day|large"": 0.25, ""lamp_on_day|medium"": 0.5, ""lamp_on_day|small"": 0.5, ""level_shift|large"": 1.0, ""level_shift|medium"": 0.25, ""level_shift|small"": 0.75, ""spike|large"": 1.0, ""spike|medium"": 0.5, ""spike|small"": 0.25}"
G5,lstm,ft_pole,0.5,full,48,raw,False,lstm|ft_pole|lam0.5|full|w48,2,A_val,32.1,27.0,29.0,0.9874746522539378,0.8958333333333334,0.9280380176510524,0.0511985794613791,6.421487603305786,"{""camera_dead|large"": 1.0, ""camera_dead|medium"": 1.0, ""camera_dead|small"": 1.0, ""drift|large"": 1.0, ""drift|medium"": 1.0, ""drift|small"": 1.0, ""dropout|large"": 1.0, ""dropout|medium"": 1.0, ""dropout|small"": 1.0, ""lamp_off_night|large"": 1.0, ""lamp_off_night|medium"": 1.0, ""lamp_off_night|small"": 0.0, ""lamp_on_day|large"": 1.0, ""lamp_on_day|medium"": 1.0, ""lamp_on_day|small"": 0.0, ""level_shift|large"": 1.0, ""level_shift|medium"": 1.0, ""level_shift|small"": 1.0, ""signage_stuck|large"": 1.0, ""signage_stuck|medium"": 1.0, ""signage_stuck|small"": 0.5, ""spike|large"": 1.0, ""spike|medium"": 1.0, ""spike|small"": 1.0}"
G5,lstm,ft_pole,0.5,full,48,raw,False,lstm|ft_pole|lam0.5|full|w48,2,A_test,32.1,27.0,29.0,0.9773707506944912,0.9375,0.920292261707074,0.0865499700777977,10.44,"{""camera_dead|large"": 1.0, ""camera_dead|medium"": 1.0, ""camera_dead|small"": 1.0, ""drift|large"": 1.0, ""drift|medium"": 1.0, ""drift|small"": 1.0, ""dropout|large"": 1.0, ""dropout|medium"": 1.0, ""dropout|small"": 1.0, ""lamp_off_night|large"": 1.0, ""lamp_off_night|medium"": 1.0, ""lamp_off_night|small"": 0.75, ""lamp_on_day|large"": 1.0, ""lamp_on_day|medium"": 1.0, ""lamp_on_day|small"": 0.5, ""level_shift|large"": 1.0, ""level_shift|medium"": 1.0, ""level_shift|small"": 1.0, ""signage_stuck|large"": 1.0, ""signage_stuck|medium"": 1.0, ""signage_stuck|small"": 0.25, ""spike|large"": 1.0, ""spike|medium"": 1.0, ""spike|small"": 1.0}"
G5,lstm,ft_pole,0.5,full,48,raw,False,lstm|ft_pole|lam0.5|full|w48,2,B_val,32.1,27.0,29.0,0.7391227496034127,0.5,0.2016491754122938,0.013455788124733,3.0,"{""drift|large"": 1.0, ""drift|medium"": 0.5, ""drift|small"": 0.5, ""dropout|large"": 1.0, ""dropout|medium"": 1.0, ""dropout|small"": 1.0, ""lamp_off_night|large"": 0.0, ""lamp_off_night|medium"": 0.0, ""lamp_off_night|small"": 0.0, ""lamp_on_day|large"": 0.0, ""lamp_on_day|medium"": 0.5, ""lamp_on_day|small"": 0.0, ""level_shift|large"": 1.0, ""level_shift|medium"": 0.0, ""level_shift|small"": 0.0, ""spike|large"": 1.0, ""spike|medium"": 1.0, ""spike|small"": 0.5}"
G5,lstm,ft_pole,0.5,full,48,raw,False,lstm|ft_pole|lam0.5|full|w48,2,B_test,32.1,27.0,29.0,0.7480398370930361,0.4861111111111111,0.1453110492107706,0.0170866039290515,3.5795454545454546,"{""drift|large"": 1.0, ""drift|medium"": 0.75, ""drift|small"": 0.5, ""dropout|large"": 1.0, ""dropout|medium"": 1.0, ""dropout|small"": 0.25, ""lamp_off_night|large"": 0.25, ""lamp_off_night|medium"": 0.0, ""lamp_off_night|small"": 0.0, ""lamp_on_day|large"": 0.25, ""lamp_on_day|medium"": 0.5, ""lamp_on_day|small"": 0.25, ""level_shift|large"": 0.75, ""level_shift|medium"": 0.25, ""level_shift|small"": 0.5, ""spike|large"": 1.0, ""spike|medium"": 0.25, ""spike|small"": 0.25}"
G2,lstm,b_only,0.5,full,96,raw,False,lstm|b_only|lam0.5|full|w96,0,B_val,13.4,32.0,,0.7210379218763108,0.4166666666666667,0.1551724137931034,0.0123878684322938,2.333333333333333,"{""drift|large"": 1.0, ""drift|medium"": 0.0, ""drift|small"": 0.0, ""dropout|large"": 1.0, ""dropout|medium"": 1.0, ""dropout|small"": 0.5, ""lamp_off_night|large"": 0.0, ""lamp_off_night|medium"": 0.0, ""lamp_off_night|small"": 0.0, ""lamp_on_day|large"": 0.0, ""lamp_on_day|medium"": 0.5, ""lamp_on_day|small"": 0.0, ""level_shift|large"": 1.0, ""level_shift|medium"": 0.0, ""level_shift|small"": 0.0, ""spike|large"": 1.0, ""spike|medium"": 1.0, ""spike|small"": 0.5}"
G2,lstm,b_only,0.5,full,96,raw,False,lstm|b_only|lam0.5|full|w96,0,B_test,13.4,32.0,,0.7306588246862445,0.4166666666666667,0.1114206128133704,0.0115356260028622,2.386363636363636,"{""drift|large"": 1.0, ""drift|medium"": 0.5, ""drift|small"": 0.5, ""dropout|large"": 0.75, ""dropout|medium"": 1.0, ""dropout|small"": 0.5, ""lamp_off_night|large"": 0.25, ""lamp_off_night|medium"": 0.0, ""lamp_off_night|small"": 0.0, ""lamp_on_day|large"": 0.0, ""lamp_on_day|medium"": 0.25, ""lamp_on_day|small"": 0.25, ""level_shift|large"": 0.75, ""level_shift|medium"": 0.0, ""level_shift|small"": 0.5, ""spike|large"": 1.0, ""spike|medium"": 0.25, ""spike|small"": 0.0}"
G2,lstm,ft_decoder,0.5,full,96,raw,False,lstm|ft_decoder|lam0.5|full|w96,0,A_val,21.0,18.0,10.0,0.9874713706672088,0.875,0.9287169042769856,0.05692019335109,8.851239669421489,"{""camera_dead|large"": 1.0, ""camera_dead|medium"": 1.0, ""camera_dead|small"": 1.0, ""drift|large"": 1.0, ""drift|medium"": 1.0, ""drift|small"": 1.0, ""dropout|large"": 1.0, ""dropout|medium"": 1.0, ""dropout|small"": 1.0, ""lamp_off_night|large"": 1.0, ""lamp_off_night|medium"": 1.0, ""lamp_off_night|small"": 0.0, ""lamp_on_day|large"": 1.0, ""lamp_on_day|medium"": 1.0, ""lamp_on_day|small"": 0.0, ""level_shift|large"": 1.0, ""level_shift|medium"": 1.0, ""level_shift|small"": 1.0, ""signage_stuck|large"": 1.0, ""signage_stuck|medium"": 1.0, ""signage_stuck|small"": 0.0, ""spike|large"": 1.0, ""spike|medium"": 1.0, ""spike|small"": 1.0}"
G2,lstm,ft_decoder,0.5,full,96,raw,False,lstm|ft_decoder|lam0.5|full|w96,0,A_test,21.0,18.0,10.0,0.975450900061037,0.9270833333333334,0.9339090003321155,0.1181926989826451,10.12,"{""camera_dead|large"": 1.0, ""camera_dead|medium"": 1.0, ""camera_dead|small"": 1.0, ""drift|large"": 1.0, ""drift|medium"": 1.0, ""drift|small"": 1.0, ""dropout|large"": 1.0, ""dropout|medium"": 1.0, ""dropout|small"": 1.0, ""lamp_off_night|large"": 1.0, ""lamp_off_night|medium"": 1.0, ""lamp_off_night|small"": 0.75, ""lamp_on_day|large"": 1.0, ""lamp_on_day|medium"": 1.0, ""lamp_on_day|small"": 0.25, ""level_shift|large"": 1.0, ""level_shift|medium"": 1.0, ""level_shift|small"": 1.0, ""signage_stuck|large"": 1.0, ""signage_stuck|medium"": 1.0, ""signage_stuck|small"": 0.25, ""spike|large"": 1.0, ""spike|medium"": 1.0, ""spike|small"": 1.0}"
G2,lstm,ft_decoder,0.5,full,96,raw,False,lstm|ft_decoder|lam0.5|full|w96,0,B_val,21.0,18.0,10.0,0.7110936202125335,0.4722222222222222,0.1889055472263868,0.0128150363092695,2.7777777777777777,"{""drift|large"": 1.0, ""drift|medium"": 0.5, ""drift|small"": 0.5, ""dropout|large"": 1.0, ""dropout|medium"": 1.0, ""dropout|small"": 0.5, ""lamp_off_night|large"": 0.0, ""lamp_off_night|medium"": 0.0, ""lamp_off_night|small"": 0.0, ""lamp_on_day|large"": 0.0, ""lamp_on_day|medium"": 1.0, ""lamp_on_day|small"": 0.0, ""level_shift|large"": 1.0, ""level_shift|medium"": 0.0, ""level_shift|small"": 0.0, ""spike|large"": 1.0, ""spike|medium"": 0.5, ""spike|small"": 0.5}"
G2,lstm,ft_decoder,0.5,full,96,raw,False,lstm|ft_decoder|lam0.5|full|w96,0,B_test,21.0,18.0,10.0,0.7038646936245212,0.4166666666666667,0.1114206128133704,0.0074157595732685,1.2992424242424243,"{""drift|large"": 1.0, ""drift|medium"": 0.75, ""drift|small"": 0.25, ""dropout|large"": 0.75, ""dropout|medium"": 0.75, ""dropout|small"": 0.25, ""lamp_off_night|large"": 0.25, ""lamp_off_night|medium"": 0.0, ""lamp_off_night|small"": 0.0, ""lamp_on_day|large"": 0.0, ""lamp_on_day|medium"": 0.5, ""lamp_on_day|small"": 0.25, ""level_shift|large"": 0.75, ""level_shift|medium"": 0.25, ""level_shift|small"": 0.5, ""spike|large"": 1.0, ""spike|medium"": 0.25, ""spike|small"": 0.0}"
G2,lstm,ft_pole,0.5,full,96,raw,False,lstm|ft_pole|lam0.5|full|w96,0,A_val,9.8,18.0,20.0,0.9874214771546982,0.875,0.9280380176510524,0.0553418171056525,7.925619834710744,"{""camera_dead|large"": 1.0, ""camera_dead|medium"": 1.0, ""camera_dead|small"": 1.0, ""drift|large"": 1.0, ""drift|medium"": 1.0, ""drift|small"": 1.0, ""dropout|large"": 1.0, ""dropout|medium"": 1.0, ""dropout|small"": 1.0, ""lamp_off_night|large"": 1.0, ""lamp_off_night|medium"": 1.0, ""lamp_off_night|small"": 0.0, ""lamp_on_day|large"": 1.0, ""lamp_on_day|medium"": 1.0, ""lamp_on_day|small"": 0.0, ""level_shift|large"": 1.0, ""level_shift|medium"": 1.0, ""level_shift|small"": 1.0, ""signage_stuck|large"": 1.0, ""signage_stuck|medium"": 1.0, ""signage_stuck|small"": 0.0, ""spike|large"": 1.0, ""spike|medium"": 1.0, ""spike|small"": 1.0}"
G2,lstm,ft_pole,0.5,full,96,raw,False,lstm|ft_pole|lam0.5|full|w96,0,A_test,9.8,18.0,20.0,0.9744761676764292,0.9166666666666666,0.9269345732314844,0.1128067025733094,9.48,"{""camera_dead|large"": 1.0, ""camera_dead|medium"": 1.0, ""camera_dead|small"": 1.0, ""drift|large"": 1.0, ""drift|medium"": 1.0, ""drift|small"": 1.0, ""dropout|large"": 1.0, ""dropout|medium"": 1.0, ""dropout|small"": 1.0, ""lamp_off_night|large"": 1.0, ""lamp_off_night|medium"": 1.0, ""lamp_off_night|small"": 0.75, ""lamp_on_day|large"": 1.0, ""lamp_on_day|medium"": 1.0, ""lamp_on_day|small"": 0.25, ""level_shift|large"": 1.0, ""level_shift|medium"": 1.0, ""level_shift|small"": 1.0, ""signage_stuck|large"": 1.0, ""signage_stuck|medium"": 1.0, ""signage_stuck|small"": 0.0, ""spike|large"": 1.0, ""spike|medium"": 1.0, ""spike|small"": 1.0}"
G2,lstm,ft_pole,0.5,full,96,raw,False,lstm|ft_pole|lam0.5|full|w96,0,B_val,9.8,18.0,20.0,0.7410514093657997,0.4722222222222222,0.1731634182908545,0.0132422041862451,2.555555555555556,"{""drift|large"": 1.0, ""drift|medium"": 0.5, ""drift|small"": 0.0, ""dropout|large"": 1.0, ""dropout|medium"": 1.0, ""dropout|small"": 1.0, ""lamp_off_night|large"": 0.0, ""lamp_off_night|medium"": 0.0, ""lamp_off_night|small"": 0.0, ""lamp_on_day|large"": 0.0, ""lamp_on_day|medium"": 0.5, ""lamp_on_day|small"": 0.0, ""level_shift|large"": 1.0, ""level_shift|medium"": 0.0, ""level_shift|small"": 0.0, ""spike|large"": 1.0, ""spike|medium"": 1.0, ""spike|small"": 0.5}"
G2,lstm,ft_pole,0.5,full,96,raw,False,lstm|ft_pole|lam0.5|full|w96,0,B_test,9.8,18.0,20.0,0.7384211982479405,0.4444444444444444,0.1114206128133704,0.0102779825664599,2.0946969696969697,"{""drift|large"": 1.0, ""drift|medium"": 1.0, ""drift|small"": 0.5, ""dropout|large"": 0.75, ""dropout|medium"": 1.0, ""dropout|small"": 0.25, ""lamp_off_night|large"": 0.25, ""lamp_off_night|medium"": 0.0, ""lamp_off_night|small"": 0.0, ""lamp_on_day|large"": 0.0, ""lamp_on_day|medium"": 0.25, ""lamp_on_day|small"": 0.25, ""level_shift|large"": 0.75, ""level_shift|medium"": 0.25, ""level_shift|small"": 0.5, ""spike|large"": 1.0, ""spike|medium"": 0.25, ""spike|small"": 0.0}"
G2,lstm,joint,0.5,full,96,raw,False,lstm|joint|lam0.5|full|w96,0,A_val,26.7,16.0,,0.9865457622961892,0.8958333333333334,0.9321113374066532,0.0704350399526487,6.537190082644629,"{""camera_dead|large"": 1.0, ""camera_dead|medium"": 1.0, ""camera_dead|small"": 1.0, ""drift|large"": 1.0, ""drift|medium"": 1.0, ""drift|small"": 1.0, ""dropout|large"": 1.0, ""dropout|medium"": 1.0, ""dropout|small"": 1.0, ""lamp_off_night|large"": 1.0, ""lamp_off_night|medium"": 1.0, ""lamp_off_night|small"": 0.0, ""lamp_on_day|large"": 1.0, ""lamp_on_day|medium"": 1.0, ""lamp_on_day|small"": 0.0, ""level_shift|large"": 1.0, ""level_shift|medium"": 1.0, ""level_shift|small"": 1.0, ""signage_stuck|large"": 1.0, ""signage_stuck|medium"": 1.0, ""signage_stuck|small"": 0.5, ""spike|large"": 1.0, ""spike|medium"": 1.0, ""spike|small"": 1.0}"
G2,lstm,joint,0.5,full,96,raw,False,lstm|joint|lam0.5|full|w96,0,A_test,26.7,16.0,,0.9727610570537196,0.9375,0.9305878445699104,0.1298623578695392,10.96,"{""camera_dead|large"": 1.0, ""camera_dead|medium"": 1.0, ""camera_dead|small"": 1.0, ""drift|large"": 1.0, ""drift|medium"": 1.0, ""drift|small"": 1.0, ""dropout|large"": 1.0, ""dropout|medium"": 1.0, ""dropout|small"": 1.0, ""lamp_off_night|large"": 1.0, ""lamp_off_night|medium"": 1.0, ""lamp_off_night|small"": 0.75, ""lamp_on_day|large"": 1.0, ""lamp_on_day|medium"": 1.0, ""lamp_on_day|small"": 0.5, ""level_shift|large"": 1.0, ""level_shift|medium"": 1.0, ""level_shift|small"": 1.0, ""signage_stuck|large"": 1.0, ""signage_stuck|medium"": 1.0, ""signage_stuck|small"": 0.25, ""spike|large"": 1.0, ""spike|medium"": 1.0, ""spike|small"": 1.0}"
G2,lstm,joint,0.5,full,96,raw,False,lstm|joint|lam0.5|full|w96,0,B_val,26.7,16.0,,0.7308486935515581,0.4722222222222222,0.1814092953523238,0.0128150363092695,2.555555555555556,"{""drift|large"": 1.0, ""drift|medium"": 0.5, ""drift|small"": 0.0, ""dropout|large"": 1.0, ""dropout|medium"": 1.0, ""dropout|small"": 0.5, ""lamp_off_night|large"": 0.0, ""lamp_off_night|medium"": 0.0, ""lamp_off_night|small"": 0.0, ""lamp_on_day|large"": 0.0, ""lamp_on_day|medium"": 1.0, ""lamp_on_day|small"": 0.0, ""level_shift|large"": 1.0, ""level_shift|medium"": 0.0, ""level_shift|small"": 0.0, ""spike|large"": 1.0, ""spike|medium"": 1.0, ""spike|small"": 0.5}"
G2,lstm,joint,0.5,full,96,raw,False,lstm|joint|lam0.5|full|w96,0,B_test,26.7,16.0,,0.7188177269861579,0.4444444444444444,0.116991643454039,0.0144845830261503,2.412878787878788,"{""drift|large"": 1.0, ""drift|medium"": 1.0, ""drift|small"": 0.25, ""dropout|large"": 0.75, ""dropout|medium"": 1.0, ""dropout|small"": 0.5, ""lamp_off_night|large"": 0.25, ""lamp_off_night|medium"": 0.0, ""lamp_off_night|small"": 0.0, ""lamp_on_day|large"": 0.0, ""lamp_on_day|medium"": 0.25, ""lamp_on_day|small"": 0.25, ""level_shift|large"": 0.75, ""level_shift|medium"": 0.25, ""level_shift|small"": 0.5, ""spike|large"": 1.0, ""spike|medium"": 0.25, ""spike|small"": 0.0}"
G2,lstm,no_update,0.5,full,96,raw,False,lstm|no_update|lam0.5|full|w96,0,A_val,0.9,18.0,,0.9897907158017976,0.9166666666666666,0.9375424304141208,0.0565255992897306,8.388429752066116,"{""camera_dead|large"": 1.0, ""camera_dead|medium"": 1.0, ""camera_dead|small"": 1.0, ""drift|large"": 1.0, ""drift|medium"": 1.0, ""drift|small"": 1.0, ""dropout|large"": 1.0, ""dropout|medium"": 1.0, ""dropout|small"": 1.0, ""lamp_off_night|large"": 1.0, ""lamp_off_night|medium"": 1.0, ""lamp_off_night|small"": 0.0, ""lamp_on_day|large"": 1.0, ""lamp_on_day|medium"": 1.0, ""lamp_on_day|small"": 0.5, ""level_shift|large"": 1.0, ""level_shift|medium"": 1.0, ""level_shift|small"": 1.0, ""signage_stuck|large"": 1.0, ""signage_stuck|medium"": 1.0, ""signage_stuck|small"": 0.5, ""spike|large"": 1.0, ""spike|medium"": 1.0, ""spike|small"": 1.0}"
G2,lstm,no_update,0.5,full,96,raw,False,lstm|no_update|lam0.5|full|w96,0,A_test,0.9,18.0,,0.975419497151975,0.9375,0.9375622716705414,0.1204368641532016,10.32,"{""camera_dead|large"": 1.0, ""camera_dead|medium"": 1.0, ""camera_dead|small"": 1.0, ""drift|large"": 1.0, ""drift|medium"": 1.0, ""drift|small"": 1.0, ""dropout|large"": 1.0, ""dropout|medium"": 1.0, ""dropout|small"": 1.0, ""lamp_off_night|large"": 1.0, ""lamp_off_night|medium"": 1.0, ""lamp_off_night|small"": 0.75, ""lamp_on_day|large"": 1.0, ""lamp_on_day|medium"": 1.0, ""lamp_on_day|small"": 0.5, ""level_shift|large"": 1.0, ""level_shift|medium"": 1.0, ""level_shift|small"": 1.0, ""signage_stuck|large"": 1.0, ""signage_stuck|medium"": 1.0, ""signage_stuck|small"": 0.25, ""spike|large"": 1.0, ""spike|medium"": 1.0, ""spike|small"": 1.0}"
G2,lstm,no_update,0.5,full,96,raw,False,lstm|no_update|lam0.5|full|w96,0,B_val,0.9,18.0,,0.6790059156666861,0.4444444444444444,0.2136431784107946,0.0115335326783425,2.555555555555556,"{""drift|large"": 1.0, ""drift|medium"": 0.5, ""drift|small"": 0.5, ""dropout|large"": 1.0, ""dropout|medium"": 0.5, ""dropout|small"": 0.0, ""lamp_off_night|large"": 0.0, ""lamp_off_night|medium"": 0.5, ""lamp_off_night|small"": 0.0, ""lamp_on_day|large"": 0.0, ""lamp_on_day|medium"": 0.5, ""lamp_on_day|small"": 0.0, ""level_shift|large"": 1.0, ""level_shift|medium"": 1.0, ""level_shift|small"": 0.0, ""spike|large"": 1.0, ""spike|medium"": 0.5, ""spike|small"": 0.0}"
G2,lstm,no_update,0.5,full,96,raw,False,lstm|no_update|lam0.5|full|w96,0,B_test,0.9,18.0,,0.6693455764416524,0.3611111111111111,0.1327762302692665,0.0040331323994969,1.2196969696969695,"{""drift|large"": 1.0, ""drift|medium"": 0.5, ""drift|small"": 0.0, ""dropout|large"": 0.75, ""dropout|medium"": 0.5, ""dropout|small"": 0.25, ""lamp_off_night|large"": 0.25, ""lamp_off_night|medium"": 0.25, ""lamp_off_night|small"": 0.25, ""lamp_on_day|large"": 0.0, ""lamp_on_day|medium"": 0.5, ""lamp_on_day|small"": 0.0, ""level_shift|large"": 0.75, ""level_shift|medium"": 0.25, ""level_shift|small"": 0.5, ""spike|large"": 0.5, ""spike|medium"": 0.25, ""spike|small"": 0.0}"
G2,lstm,b_only,0.5,full,96,raw,False,lstm|b_only|lam0.5|full|w96,1,B_val,7.6,14.0,,0.705468549364788,0.4722222222222222,0.156671664167916,0.0130286202477573,2.2222222222222223,"{""drift|large"": 1.0, ""drift|medium"": 0.5, ""drift|small"": 0.5, ""dropout|large"": 1.0, ""dropout|medium"": 1.0, ""dropout|small"": 0.5, ""lamp_off_night|large"": 0.0, ""lamp_off_night|medium"": 0.0, ""lamp_off_night|small"": 0.0, ""lamp_on_day|large"": 0.0, ""lamp_on_day|medium"": 0.5, ""lamp_on_day|small"": 0.0, ""level_shift|large"": 1.0, ""level_shift|medium"": 0.0, ""level_shift|small"": 0.0, ""spike|large"": 1.0, ""spike|medium"": 1.0, ""spike|small"": 0.5}"
G2,lstm,b_only,0.5,full,96,raw,False,lstm|b_only|lam0.5|full|w96,1,B_test,7.6,14.0,,0.6833512801101274,0.3888888888888889,0.0993500464252553,0.0076325946485103,1.431818181818182,"{""drift|large"": 1.0, ""drift|medium"": 0.5, ""drift|small"": 0.25, ""dropout|large"": 0.75, ""dropout|medium"": 1.0, ""dropout|small"": 0.5, ""lamp_off_night|large"": 0.25, ""lamp_off_night|medium"": 0.0, ""lamp_off_night|small"": 0.0, ""lamp_on_day|large"": 0.0, ""lamp_on_day|medium"": 0.25, ""lamp_on_day|small"": 0.25, ""level_shift|large"": 0.75, ""level_shift|medium"": 0.25, ""level_shift|small"": 0.5, ""spike|large"": 0.5, ""spike|medium"": 0.25, ""spike|small"": 0.0}"
G2,lstm,ft_decoder,0.5,full,96,raw,False,lstm|ft_decoder|lam0.5|full|w96,1,A_val,23.5,20.0,14.0,0.9863917286334044,0.875,0.926001357773252,0.0374864358291407,5.206611570247934,"{""camera_dead|large"": 1.0, ""camera_dead|medium"": 1.0, ""camera_dead|small"": 1.0, ""drift|large"": 1.0, ""drift|medium"": 1.0, ""drift|small"": 1.0, ""dropout|large"": 1.0, ""dropout|medium"": 1.0, ""dropout|small"": 1.0, ""lamp_off_night|large"": 1.0, ""lamp_off_night|medium"": 1.0, ""lamp_off_night|small"": 0.0, ""lamp_on_day|large"": 1.0, ""lamp_on_day|medium"": 1.0, ""lamp_on_day|small"": 0.0, ""level_shift|large"": 1.0, ""level_shift|medium"": 1.0, ""level_shift|small"": 1.0, ""signage_stuck|large"": 1.0, ""signage_stuck|medium"": 1.0, ""signage_stuck|small"": 0.0, ""spike|large"": 1.0, ""spike|medium"": 1.0, ""spike|small"": 1.0}"
G2,lstm,ft_decoder,0.5,full,96,raw,False,lstm|ft_decoder|lam0.5|full|w96,1,A_test,23.5,20.0,14.0,0.975716980089562,0.90625,0.9156426436399868,0.0769000598444045,9.48,"{""camera_dead|large"": 1.0, ""camera_dead|medium"": 1.0, ""camera_dead|small"": 1.0, ""drift|large"": 1.0, ""drift|medium"": 1.0, ""drift|small"": 1.0, ""dropout|large"": 1.0, ""dropout|medium"": 1.0, ""dropout|small"": 1.0, ""lamp_off_night|large"": 1.0, ""lamp_off_night|medium"": 1.0, ""lamp_off_night|small"": 0.75, ""lamp_on_day|large"": 1.0, ""lamp_on_day|medium"": 1.0, ""lamp_on_day|small"": 0.0, ""level_shift|large"": 1.0, ""level_shift|medium"": 1.0, ""level_shift|small"": 1.0, ""signage_stuck|large"": 1.0, ""signage_stuck|medium"": 1.0, ""signage_stuck|small"": 0.0, ""spike|large"": 1.0, ""spike|medium"": 1.0, ""spike|small"": 1.0}"
G2,lstm,ft_decoder,0.5,full,96,raw,False,lstm|ft_decoder|lam0.5|full|w96,1,B_val,23.5,20.0,14.0,0.702911145879431,0.4444444444444444,0.191904047976012,0.018368218709953,2.555555555555556,"{""drift|large"": 1.0, ""drift|medium"": 0.5, ""drift|small"": 0.5, ""dropout|large"": 1.0, ""dropout|medium"": 1.0, ""dropout|small"": 0.5, ""lamp_off_night|large"": 0.0, ""lamp_off_night|medium"": 0.0, ""lamp_off_night|small"": 0.0, ""lamp_on_day|large"": 0.0, ""lamp_on_day|medium"": 0.5, ""lamp_on_day|small"": 0.0, ""level_shift|large"": 1.0, ""level_shift|medium"": 0.0, ""level_shift|small"": 0.0, ""spike|large"": 1.0, ""spike|medium"": 0.5, ""spike|small"": 0.5}"
G2,lstm,ft_decoder,0.5,full,96,raw,False,lstm|ft_decoder|lam0.5|full|w96,1,B_test,23.5,20.0,14.0,0.7215531407201654,0.4027777777777778,0.1012070566388115,0.0103647165965566,1.803030303030303,"{""drift|large"": 1.0, ""drift|medium"": 0.75, ""drift|small"": 0.25, ""dropout|large"": 0.75, ""dropout|medium"": 0.75, ""dropout|small"": 0.25, ""lamp_off_night|large"": 0.25, ""lamp_off_night|medium"": 0.0, ""lamp_off_night|small"": 0.0, ""lamp_on_day|large"": 0.0, ""lamp_on_day|medium"": 0.25, ""lamp_on_day|small"": 0.25, ""level_shift|large"": 0.75, ""level_shift|medium"": 0.25, ""level_shift|small"": 0.5, ""spike|large"": 1.0, ""spike|medium"": 0.25, ""spike|small"": 0.0}"
G2,lstm,ft_pole,0.5,full,96,raw,False,lstm|ft_pole|lam0.5|full|w96,1,A_val,8.6,20.0,16.0,0.9864142979135606,0.875,0.9253224711473184,0.0334418467002071,4.62809917355372,"{""camera_dead|large"": 1.0, ""camera_dead|medium"": 1.0, ""camera_dead|small"": 1.0, ""drift|large"": 1.0, ""drift|medium"": 1.0, ""drift|small"": 1.0, ""dropout|large"": 1.0, ""dropout|medium"": 1.0, ""dropout|small"": 1.0, ""lamp_off_night|large"": 1.0, ""lamp_off_night|medium"": 1.0, ""lamp_off_night|small"": 0.0, ""lamp_on_day|large"": 1.0, ""lamp_on_day|medium"": 1.0, ""lamp_on_day|small"": 0.0, ""level_shift|large"": 1.0, ""level_shift|medium"": 1.0, ""level_shift|small"": 1.0, ""signage_stuck|large"": 1.0, ""signage_stuck|medium"": 1.0, ""signage_stuck|small"": 0.0, ""spike|large"": 1.0, ""spike|medium"": 1.0, ""spike|small"": 1.0}"
G2,lstm,ft_pole,0.5,full,96,raw,False,lstm|ft_pole|lam0.5|full|w96,1,A_test,8.6,20.0,16.0,0.9746572561290826,0.90625,0.9146462969113252,0.083931777378815,10.32,"{""camera_dead|large"": 1.0, ""camera_dead|medium"": 1.0, ""camera_dead|small"": 1.0, ""drift|large"": 1.0, ""drift|medium"": 1.0, ""drift|small"": 1.0, ""dropout|large"": 1.0, ""dropout|medium"": 1.0, ""dropout|small"": 1.0, ""lamp_off_night|large"": 1.0, ""lamp_off_night|medium"": 1.0, ""lamp_off_night|small"": 0.75, ""lamp_on_day|large"": 1.0, ""lamp_on_day|medium"": 1.0, ""lamp_on_day|small"": 0.0, ""level_shift|large"": 1.0, ""level_shift|medium"": 1.0, ""level_shift|small"": 1.0, ""signage_stuck|large"": 1.0, ""signage_stuck|medium"": 1.0, ""signage_stuck|small"": 0.0, ""spike|large"": 1.0, ""spike|medium"": 1.0, ""spike|small"": 1.0}"
G2,lstm,ft_pole,0.5,full,96,raw,False,lstm|ft_pole|lam0.5|full|w96,1,B_val,8.6,20.0,16.0,0.7241025471886012,0.4444444444444444,0.1724137931034483,0.0128150363092695,2.333333333333333,"{""drift|large"": 1.0, ""drift|medium"": 0.5, ""drift|small"": 0.0, ""dropout|large"": 1.0, ""dropout|medium"": 1.0, ""dropout|small"": 0.5, ""lamp_off_night|large"": 0.0, ""lamp_off_night|medium"": 0.0, ""lamp_off_night|small"": 0.0, ""lamp_on_day|large"": 0.0, ""lamp_on_day|medium"": 0.5, ""lamp_on_day|small"": 0.0, ""level_shift|large"": 1.0, ""level_shift|medium"": 0.0, ""level_shift|small"": 0.0, ""spike|large"": 1.0, ""spike|medium"": 1.0, ""spike|small"": 0.5}"
G2,lstm,ft_pole,0.5,full,96,raw,False,lstm|ft_pole|lam0.5|full|w96,1,B_test,8.6,20.0,16.0,0.7401449263632515,0.4166666666666667,0.1039925719591457,0.0076325946485103,1.7234848484848484,"{""drift|large"": 1.0, ""drift|medium"": 0.75, ""drift|small"": 0.25, ""dropout|large"": 0.75, ""dropout|medium"": 1.0, ""dropout|small"": 0.25, ""lamp_off_night|large"": 0.25, ""lamp_off_night|medium"": 0.0, ""lamp_off_night|small"": 0.0, ""lamp_on_day|large"": 0.0, ""lamp_on_day|medium"": 0.25, ""lamp_on_day|small"": 0.25, ""level_shift|large"": 0.75, ""level_shift|medium"": 0.25, ""level_shift|small"": 0.5, ""spike|large"": 1.0, ""spike|medium"": 0.25, ""spike|small"": 0.0}"
G2,lstm,joint,0.5,full,96,raw,False,lstm|joint|lam0.5|full|w96,1,A_val,22.1,12.0,,0.9900444695184458,0.8958333333333334,0.93346911065852,0.036697247706422,5.669421487603306,"{""camera_dead|large"": 1.0, ""camera_dead|medium"": 1.0, ""camera_dead|small"": 1.0, ""drift|large"": 1.0, ""drift|medium"": 1.0, ""drift|small"": 1.0, ""dropout|large"": 1.0, ""dropout|medium"": 1.0, ""dropout|small"": 1.0, ""lamp_off_night|large"": 1.0, ""lamp_off_night|medium"": 1.0, ""lamp_off_night|small"": 0.0, ""lamp_on_day|large"": 1.0, ""lamp_on_day|medium"": 1.0, ""lamp_on_day|small"": 0.0, ""level_shift|large"": 1.0, ""level_shift|medium"": 1.0, ""level_shift|small"": 1.0, ""signage_stuck|large"": 1.0, ""signage_stuck|medium"": 1.0, ""signage_stuck|small"": 0.5, ""spike|large"": 1.0, ""spike|medium"": 1.0, ""spike|small"": 1.0}"
G2,lstm,joint,0.5,full,96,raw,False,lstm|joint|lam0.5|full|w96,1,A_test,22.1,12.0,,0.9771875008074324,0.9270833333333334,0.9335768847558952,0.0974715739078396,12.32,"{""camera_dead|large"": 1.0, ""camera_dead|medium"": 1.0, ""camera_dead|small"": 1.0, ""drift|large"": 1.0, ""drift|medium"": 1.0, ""drift|small"": 1.0, ""dropout|large"": 1.0, ""dropout|medium"": 1.0, ""dropout|small"": 1.0, ""lamp_off_night|large"": 1.0, ""lamp_off_night|medium"": 1.0, ""lamp_off_night|small"": 0.75, ""lamp_on_day|large"": 1.0, ""lamp_on_day|medium"": 1.0, ""lamp_on_day|small"": 0.25, ""level_shift|large"": 1.0, ""level_shift|medium"": 1.0, ""level_shift|small"": 1.0, ""signage_stuck|large"": 1.0, ""signage_stuck|medium"": 1.0, ""signage_stuck|small"": 0.25, ""spike|large"": 1.0, ""spike|medium"": 1.0, ""spike|small"": 1.0}"
G2,lstm,joint,0.5,full,96,raw,False,lstm|joint|lam0.5|full|w96,1,B_val,22.1,12.0,,0.7200329245885387,0.5,0.1739130434782608,0.0119607005553182,2.333333333333333,"{""drift|large"": 1.0, ""drift|medium"": 0.5, ""drift|small"": 0.5, ""dropout|large"": 1.0, ""dropout|medium"": 1.0, ""dropout|small"": 1.0, ""lamp_off_night|large"": 0.0, ""lamp_off_night|medium"": 0.0, ""lamp_off_night|small"": 0.0, ""lamp_on_day|large"": 0.0, ""lamp_on_day|medium"": 0.5, ""lamp_on_day|small"": 0.0, ""level_shift|large"": 1.0, ""level_shift|medium"": 0.0, ""level_shift|small"": 0.0, ""spike|large"": 1.0, ""spike|medium"": 1.0, ""spike|small"": 0.5}"
G2,lstm,joint,0.5,full,96,raw,False,lstm|joint|lam0.5|full|w96,1,B_test,22.1,12.0,,0.7320454417059336,0.4444444444444444,0.1207056638811513,0.0101045145062665,1.962121212121212,"{""drift|large"": 1.0, ""drift|medium"": 0.75, ""drift|small"": 0.5, ""dropout|large"": 0.75, ""dropout|medium"": 1.0, ""dropout|small"": 0.5, ""lamp_off_night|large"": 0.25, ""lamp_off_night|medium"": 0.0, ""lamp_off_night|small"": 0.0, ""lamp_on_day|large"": 0.0, ""lamp_on_day|medium"": 0.25, ""lamp_on_day|small"": 0.25, ""level_shift|large"": 0.75, ""level_shift|medium"": 0.25, ""level_shift|small"": 0.5, ""spike|large"": 1.0, ""spike|medium"": 0.25, ""spike|small"": 0.0}"
G2,lstm,no_update,0.5,full,96,raw,False,lstm|no_update|lam0.5|full|w96,1,A_val,0.9,20.0,,0.9890287179691184,0.9166666666666666,0.9321113374066532,0.0379796784058399,5.264462809917355,"{""camera_dead|large"": 1.0, ""camera_dead|medium"": 1.0, ""camera_dead|small"": 1.0, ""drift|large"": 1.0, ""drift|medium"": 1.0, ""drift|small"": 1.0, ""dropout|large"": 1.0, ""dropout|medium"": 1.0, ""dropout|small"": 1.0, ""lamp_off_night|large"": 1.0, ""lamp_off_night|medium"": 1.0, ""lamp_off_night|small"": 0.0, ""lamp_on_day|large"": 1.0, ""lamp_on_day|medium"": 1.0, ""lamp_on_day|small"": 0.5, ""level_shift|large"": 1.0, ""level_shift|medium"": 1.0, ""level_shift|small"": 1.0, ""signage_stuck|large"": 1.0, ""signage_stuck|medium"": 1.0, ""signage_stuck|small"": 0.5, ""spike|large"": 1.0, ""spike|medium"": 1.0, ""spike|small"": 1.0}"
G2,lstm,no_update,0.5,full,96,raw,False,lstm|no_update|lam0.5|full|w96,1,A_test,0.9,20.0,,0.9763903290170234,0.9166666666666666,0.9262703420790436,0.0829593058049072,10.28,"{""camera_dead|large"": 1.0, ""camera_dead|medium"": 1.0, ""camera_dead|small"": 1.0, ""drift|large"": 1.0, ""drift|medium"": 1.0, ""drift|small"": 1.0, ""dropout|large"": 1.0, ""dropout|medium"": 1.0, ""dropout|small"": 1.0, ""lamp_off_night|large"": 1.0, ""lamp_off_night|medium"": 1.0, ""lamp_off_night|small"": 0.75, ""lamp_on_day|large"": 1.0, ""lamp_on_day|medium"": 1.0, ""lamp_on_day|small"": 0.0, ""level_shift|large"": 1.0, ""level_shift|medium"": 1.0, ""level_shift|small"": 1.0, ""signage_stuck|large"": 1.0, ""signage_stuck|medium"": 1.0, ""signage_stuck|small"": 0.25, ""spike|large"": 1.0, ""spike|medium"": 1.0, ""spike|small"": 1.0}"
G2,lstm,no_update,0.5,full,96,raw,False,lstm|no_update|lam0.5|full|w96,1,B_val,0.9,20.0,,0.6639951596179697,0.5277777777777778,0.2106446776611694,0.0123878684322938,2.7777777777777777,"{""drift|large"": 1.0, ""drift|medium"": 0.5, ""drift|small"": 1.0, ""dropout|large"": 1.0, ""dropout|medium"": 0.5, ""dropout|small"": 0.5, ""lamp_off_night|large"": 0.0, ""lamp_off_night|medium"": 0.5, ""lamp_off_night|small"": 0.0, ""lamp_on_day|large"": 0.0, ""lamp_on_day|medium"": 0.5, ""lamp_on_day|small"": 0.0, ""level_shift|large"": 1.0, ""level_shift|medium"": 1.0, ""level_shift|small"": 0.5, ""spike|large"": 1.0, ""spike|medium"": 0.5, ""spike|small"": 0.0}"
G2,lstm,no_update,0.5,full,96,raw,False,lstm|no_update|lam0.5|full|w96,1,B_test,0.9,20.0,,0.6589283724689438,0.3055555555555556,0.1049210770659238,0.0041198664295936,0.981060606060606,"{""drift|large"": 0.75, ""drift|medium"": 0.25, ""drift|small"": 0.25, ""dropout|large"": 0.75, ""dropout|medium"": 0.25, ""dropout|small"": 0.25, ""lamp_off_night|large"": 0.25, ""lamp_off_night|medium"": 0.25, ""lamp_off_night|small"": 0.25, ""lamp_on_day|large"": 0.0, ""lamp_on_day|medium"": 0.25, ""lamp_on_day|small"": 0.0, ""level_shift|large"": 0.5, ""level_shift|medium"": 0.25, ""level_shift|small"": 0.5, ""spike|large"": 0.5, ""spike|medium"": 0.25, ""spike|small"": 0.0}"
G2,lstm,b_only,0.5,full,96,raw,False,lstm|b_only|lam0.5|full|w96,2,B_val,11.5,25.0,,0.7144067329854936,0.4444444444444444,0.1499250374812593,0.0117471166168304,2.0,"{""drift|large"": 1.0, ""drift|medium"": 0.5, ""drift|small"": 0.0, ""dropout|large"": 1.0, ""dropout|medium"": 1.0, ""dropout|small"": 0.5, ""lamp_off_night|large"": 0.0, ""lamp_off_night|medium"": 0.0, ""lamp_off_night|small"": 0.0, ""lamp_on_day|large"": 0.0, ""lamp_on_day|medium"": 0.5, ""lamp_on_day|small"": 0.0, ""level_shift|large"": 1.0, ""level_shift|medium"": 0.0, ""level_shift|small"": 0.0, ""spike|large"": 1.0, ""spike|medium"": 1.0, ""spike|small"": 0.5}"
G2,lstm,b_only,0.5,full,96,raw,False,lstm|b_only|lam0.5|full|w96,2,B_test,11.5,25.0,,0.7248607111473724,0.3611111111111111,0.0988857938718663,0.0084132009193807,1.696969696969697,"{""drift|large"": 1.0, ""drift|medium"": 0.5, ""drift|small"": 0.25, ""dropout|large"": 0.75, ""dropout|medium"": 1.0, ""dropout|small"": 0.25, ""lamp_off_night|large"": 0.25, ""lamp_off_night|medium"": 0.0, ""lamp_off_night|small"": 0.0, ""lamp_on_day|large"": 0.0, ""lamp_on_day|medium"": 0.25, ""lamp_on_day|small"": 0.0, ""level_shift|large"": 0.75, ""level_shift|medium"": 0.0, ""level_shift|small"": 0.25, ""spike|large"": 1.0, ""spike|medium"": 0.25, ""spike|small"": 0.0}"
G2,lstm,ft_decoder,0.5,full,96,raw,False,lstm|ft_decoder|lam0.5|full|w96,2,A_val,23.1,20.0,14.0,0.9852585096734144,0.875,0.926001357773252,0.0427148071421525,5.727272727272728,"{""camera_dead|large"": 1.0, ""camera_dead|medium"": 1.0, ""camera_dead|small"": 1.0, ""drift|large"": 1.0, ""drift|medium"": 1.0, ""drift|small"": 1.0, ""dropout|large"": 1.0, ""dropout|medium"": 1.0, ""dropout|small"": 1.0, ""lamp_off_night|large"": 1.0, ""lamp_off_night|medium"": 1.0, ""lamp_off_night|small"": 0.0, ""lamp_on_day|large"": 1.0, ""lamp_on_day|medium"": 1.0, ""lamp_on_day|small"": 0.0, ""level_shift|large"": 1.0, ""level_shift|medium"": 1.0, ""level_shift|small"": 1.0, ""signage_stuck|large"": 1.0, ""signage_stuck|medium"": 1.0, ""signage_stuck|small"": 0.0, ""spike|large"": 1.0, ""spike|medium"": 1.0, ""spike|small"": 1.0}"
G2,lstm,ft_decoder,0.5,full,96,raw,False,lstm|ft_decoder|lam0.5|full|w96,2,A_test,23.1,20.0,14.0,0.9808819636199289,0.9270833333333334,0.9256061109266024,0.0788450029922202,9.16,"{""camera_dead|large"": 1.0, ""camera_dead|medium"": 1.0, ""camera_dead|small"": 1.0, ""drift|large"": 1.0, ""drift|medium"": 1.0, ""drift|small"": 1.0, ""dropout|large"": 1.0, ""dropout|medium"": 1.0, ""dropout|small"": 1.0, ""lamp_off_night|large"": 1.0, ""lamp_off_night|medium"": 1.0, ""lamp_off_night|small"": 0.75, ""lamp_on_day|large"": 1.0, ""lamp_on_day|medium"": 1.0, ""lamp_on_day|small"": 0.25, ""level_shift|large"": 1.0, ""level_shift|medium"": 1.0, ""level_shift|small"": 1.0, ""signage_stuck|large"": 1.0, ""signage_stuck|medium"": 1.0, ""signage_stuck|small"": 0.25, ""spike|large"": 1.0, ""spike|medium"": 1.0, ""spike|small"": 1.0}"
G2,lstm,ft_decoder,0.5,full,96,raw,False,lstm|ft_decoder|lam0.5|full|w96,2,B_val,23.1,20.0,14.0,0.714042167297385,0.4444444444444444,0.176911544227886,0.0115335326783425,2.2222222222222223,"{""drift|large"": 1.0, ""drift|medium"": 0.5, ""drift|small"": 0.5, ""dropout|large"": 1.0, ""dropout|medium"": 1.0, ""dropout|small"": 0.5, ""lamp_off_night|large"": 0.0, ""lamp_off_night|medium"": 0.0, ""lamp_off_night|small"": 0.0, ""lamp_on_day|large"": 0.0, ""lamp_on_day|medium"": 0.5, ""lamp_on_day|small"": 0.0, ""level_shift|large"": 1.0, ""level_shift|medium"": 0.0, ""level_shift|small"": 0.0, ""spike|large"": 1.0, ""spike|medium"": 0.5, ""spike|small"": 0.5}"
G2,lstm,ft_decoder,0.5,full,96,raw,False,lstm|ft_decoder|lam0.5|full|w96,2,B_test,23.1,20.0,14.0,0.7066971999444484,0.3888888888888889,0.1049210770659238,0.004900472700464,1.0340909090909092,"{""drift|large"": 1.0, ""drift|medium"": 0.5, ""drift|small"": 0.25, ""dropout|large"": 0.75, ""dropout|medium"": 1.0, ""dropout|small"": 0.25, ""lamp_off_night|large"": 0.25, ""lamp_off_night|medium"": 0.0, ""lamp_off_night|small"": 0.0, ""lamp_on_day|large"": 0.0, ""lamp_on_day|medium"": 0.25, ""lamp_on_day|small"": 0.25, ""level_shift|large"": 0.75, ""level_shift|medium"": 0.25, ""level_shift|small"": 0.5, ""spike|large"": 0.75, ""spike|medium"": 0.25, ""spike|small"": 0.0}"
G2,lstm,ft_pole,0.5,full,96,raw,False,lstm|ft_pole|lam0.5|full|w96,2,A_val,7.3,20.0,13.0,0.9854252678561684,0.875,0.9266802443991852,0.0421229160501134,5.785123966942149,"{""camera_dead|large"": 1.0, ""camera_dead|medium"": 1.0, ""camera_dead|small"": 1.0, ""drift|large"": 1.0, ""drift|medium"": 1.0, ""drift|small"": 1.0, ""dropout|large"": 1.0, ""dropout|medium"": 1.0, ""dropout|small"": 1.0, ""lamp_off_night|large"": 1.0, ""lamp_off_night|medium"": 1.0, ""lamp_off_night|small"": 0.0, ""lamp_on_day|large"": 1.0, ""lamp_on_day|medium"": 1.0, ""lamp_on_day|small"": 0.0, ""level_shift|large"": 1.0, ""level_shift|medium"": 1.0, ""level_shift|small"": 1.0, ""signage_stuck|large"": 1.0, ""signage_stuck|medium"": 1.0, ""signage_stuck|small"": 0.0, ""spike|large"": 1.0, ""spike|medium"": 1.0, ""spike|small"": 1.0}"
G2,lstm,ft_pole,0.5,full,96,raw,False,lstm|ft_pole|lam0.5|full|w96,2,A_test,7.3,20.0,13.0,0.9805729033440322,0.9270833333333334,0.9272666888077052,0.0812387791741472,8.8,"{""camera_dead|large"": 1.0, ""camera_dead|medium"": 1.0, ""camera_dead|small"": 1.0, ""drift|large"": 1.0, ""drift|medium"": 1.0, ""drift|small"": 1.0, ""dropout|large"": 1.0, ""dropout|medium"": 1.0, ""dropout|small"": 1.0, ""lamp_off_night|large"": 1.0, ""lamp_off_night|medium"": 1.0, ""lamp_off_night|small"": 0.75, ""lamp_on_day|large"": 1.0, ""lamp_on_day|medium"": 1.0, ""lamp_on_day|small"": 0.25, ""level_shift|large"": 1.0, ""level_shift|medium"": 1.0, ""level_shift|small"": 1.0, ""signage_stuck|large"": 1.0, ""signage_stuck|medium"": 1.0, ""signage_stuck|small"": 0.25, ""spike|large"": 1.0, ""spike|medium"": 1.0, ""spike|small"": 1.0}"
G2,lstm,ft_pole,0.5,full,96,raw,False,lstm|ft_pole|lam0.5|full|w96,2,B_val,7.3,20.0,13.0,0.7313106048428157,0.5,0.1574212893553223,0.0113199487398547,1.8888888888888888,"{""drift|large"": 1.0, ""drift|medium"": 0.5, ""drift|small"": 0.0, ""dropout|large"": 1.0, ""dropout|medium"": 1.0, ""dropout|small"": 1.0, ""lamp_off_night|large"": 0.0, ""lamp_off_night|medium"": 0.0, ""lamp_off_night|small"": 0.0, ""lamp_on_day|large"": 0.0, ""lamp_on_day|medium"": 0.5, ""lamp_on_day|small"": 0.0, ""level_shift|large"": 1.0, ""level_shift|medium"": 0.0, ""level_shift|small"": 0.5, ""spike|large"": 1.0, ""spike|medium"": 1.0, ""spike|small"": 0.5}"
G2,lstm,ft_pole,0.5,full,96,raw,False,lstm|ft_pole|lam0.5|full|w96,2,B_test,7.3,20.0,13.0,0.7464581289053719,0.4305555555555556,0.1030640668523676,0.0067652543475432,1.5113636363636362,"{""drift|large"": 1.0, ""drift|medium"": 1.0, ""drift|small"": 0.25, ""dropout|large"": 0.75, ""dropout|medium"": 1.0, ""dropout|small"": 0.25, ""lamp_off_night|large"": 0.25, ""lamp_off_night|medium"": 0.0, ""lamp_off_night|small"": 0.0, ""lamp_on_day|large"": 0.0, ""lamp_on_day|medium"": 0.25, ""lamp_on_day|small"": 0.25, ""level_shift|large"": 0.75, ""level_shift|medium"": 0.25, ""level_shift|small"": 0.5, ""spike|large"": 1.0, ""spike|medium"": 0.25, ""spike|small"": 0.0}"
G2,lstm,joint,0.5,full,96,raw,False,lstm|joint|lam0.5|full|w96,2,A_val,29.8,18.0,,0.9892124868259362,0.9166666666666666,0.93346911065852,0.0363026536450626,5.785123966942149,"{""camera_dead|large"": 1.0, ""camera_dead|medium"": 1.0, ""camera_dead|small"": 1.0, ""drift|large"": 1.0, ""drift|medium"": 1.0, ""drift|small"": 1.0, ""dropout|large"": 1.0, ""dropout|medium"": 1.0, ""dropout|small"": 1.0, ""lamp_off_night|large"": 1.0, ""lamp_off_night|medium"": 1.0, ""lamp_off_night|small"": 0.0, ""lamp_on_day|large"": 1.0, ""lamp_on_day|medium"": 1.0, ""lamp_on_day|small"": 0.5, ""level_shift|large"": 1.0, ""level_shift|medium"": 1.0, ""level_shift|small"": 1.0, ""signage_stuck|large"": 1.0, ""signage_stuck|medium"": 1.0, ""signage_stuck|small"": 0.5, ""spike|large"": 1.0, ""spike|medium"": 1.0, ""spike|small"": 1.0}"
G2,lstm,joint,0.5,full,96,raw,False,lstm|joint|lam0.5|full|w96,2,A_test,29.8,18.0,,0.978141885895741,0.9479166666666666,0.9375622716705414,0.0994165170556553,9.68,"{""camera_dead|large"": 1.0, ""camera_dead|medium"": 1.0, ""camera_dead|small"": 1.0, ""drift|large"": 1.0, ""drift|medium"": 1.0, ""drift|small"": 1.0, ""dropout|large"": 1.0, ""dropout|medium"": 1.0, ""dropout|small"": 1.0, ""lamp_off_night|large"": 1.0, ""lamp_off_night|medium"": 1.0, ""lamp_off_night|small"": 0.75, ""lamp_on_day|large"": 1.0, ""lamp_on_day|medium"": 1.0, ""lamp_on_day|small"": 0.5, ""level_shift|large"": 1.0, ""level_shift|medium"": 1.0, ""level_shift|small"": 1.0, ""signage_stuck|large"": 1.0, ""signage_stuck|medium"": 1.0, ""signage_stuck|small"": 0.5, ""spike|large"": 1.0, ""spike|medium"": 1.0, ""spike|small"": 1.0}"
G2,lstm,joint,0.5,full,96,raw,False,lstm|joint|lam0.5|full|w96,2,B_val,29.8,18.0,,0.7174481426522963,0.4722222222222222,0.1776611694152923,0.0128150363092695,2.333333333333333,"{""drift|large"": 1.0, ""drift|medium"": 1.0, ""drift|small"": 0.0, ""dropout|large"": 1.0, ""dropout|medium"": 1.0, ""dropout|small"": 0.5, ""lamp_off_night|large"": 0.0, ""lamp_off_night|medium"": 0.0, ""lamp_off_night|small"": 0.0, ""lamp_on_day|large"": 0.0, ""lamp_on_day|medium"": 0.5, ""lamp_on_day|small"": 0.0, ""level_shift|large"": 1.0, ""level_shift|medium"": 0.0, ""level_shift|small"": 0.0, ""spike|large"": 1.0, ""spike|medium"": 1.0, ""spike|small"": 0.5}"
G2,lstm,joint,0.5,full,96,raw,False,lstm|joint|lam0.5|full|w96,2,B_test,29.8,18.0,,0.7305355085454964,0.4444444444444444,0.1262766945218198,0.0100177804761698,1.803030303030303,"{""drift|large"": 1.0, ""drift|medium"": 0.75, ""drift|small"": 0.5, ""dropout|large"": 1.0, ""dropout|medium"": 1.0, ""dropout|small"": 0.25, ""lamp_off_night|large"": 0.25, ""lamp_off_night|medium"": 0.0, ""lamp_off_night|small"": 0.0, ""lamp_on_day|large"": 0.0, ""lamp_on_day|medium"": 0.25, ""lamp_on_day|small"": 0.25, ""level_shift|large"": 0.75, ""level_shift|medium"": 0.25, ""level_shift|small"": 0.5, ""spike|large"": 1.0, ""spike|medium"": 0.25, ""spike|small"": 0.0}"
G2,lstm,no_update,0.5,full,96,raw,False,lstm|no_update|lam0.5|full|w96,2,A_val,1.0,20.0,,0.9884991100537706,0.9166666666666666,0.9355057705363204,0.0437012922955509,6.132231404958678,"{""camera_dead|large"": 1.0, ""camera_dead|medium"": 1.0, ""camera_dead|small"": 1.0, ""drift|large"": 1.0, ""drift|medium"": 1.0, ""drift|small"": 1.0, ""dropout|large"": 1.0, ""dropout|medium"": 1.0, ""dropout|small"": 1.0, ""lamp_off_night|large"": 1.0, ""lamp_off_night|medium"": 1.0, ""lamp_off_night|small"": 0.0, ""lamp_on_day|large"": 1.0, ""lamp_on_day|medium"": 1.0, ""lamp_on_day|small"": 0.5, ""level_shift|large"": 1.0, ""level_shift|medium"": 1.0, ""level_shift|small"": 1.0, ""signage_stuck|large"": 1.0, ""signage_stuck|medium"": 1.0, ""signage_stuck|small"": 0.5, ""spike|large"": 1.0, ""spike|medium"": 1.0, ""spike|small"": 1.0}"
G2,lstm,no_update,0.5,full,96,raw,False,lstm|no_update|lam0.5|full|w96,2,A_test,1.0,20.0,,0.9808567965733463,0.9479166666666666,0.9375622716705414,0.0858767205266307,10.04,"{""camera_dead|large"": 1.0, ""camera_dead|medium"": 1.0, ""camera_dead|small"": 1.0, ""drift|large"": 1.0, ""drift|medium"": 1.0, ""drift|small"": 1.0, ""dropout|large"": 1.0, ""dropout|medium"": 1.0, ""dropout|small"": 1.0, ""lamp_off_night|large"": 1.0, ""lamp_off_night|medium"": 1.0, ""lamp_off_night|small"": 0.75, ""lamp_on_day|large"": 1.0, ""lamp_on_day|medium"": 1.0, ""lamp_on_day|small"": 0.5, ""level_shift|large"": 1.0, ""level_shift|medium"": 1.0, ""level_shift|small"": 1.0, ""signage_stuck|large"": 1.0, ""signage_stuck|medium"": 1.0, ""signage_stuck|small"": 0.5, ""spike|large"": 1.0, ""spike|medium"": 1.0, ""spike|small"": 1.0}"
G2,lstm,no_update,0.5,full,96,raw,False,lstm|no_update|lam0.5|full|w96,2,B_val,1.0,20.0,,0.6684344713589383,0.4444444444444444,0.197151424287856,0.0106791969243912,2.888888888888889,"{""drift|large"": 1.0, ""drift|medium"": 0.5, ""drift|small"": 0.5, ""dropout|large"": 0.5, ""dropout|medium"": 0.5, ""dropout|small"": 0.0, ""lamp_off_night|large"": 0.0, ""lamp_off_night|medium"": 0.5, ""lamp_off_night|small"": 0.0, ""lamp_on_day|large"": 0.0, ""lamp_on_day|medium"": 0.5, ""lamp_on_day|small"": 0.0, ""level_shift|large"": 1.0, ""level_shift|medium"": 1.0, ""level_shift|small"": 0.5, ""spike|large"": 1.0, ""spike|medium"": 0.5, ""spike|small"": 0.0}"
G2,lstm,no_update,0.5,full,96,raw,False,lstm|no_update|lam0.5|full|w96,2,B_test,1.0,20.0,,0.6426044562205151,0.375,0.117920148560817,0.004900472700464,1.246212121212121,"{""drift|large"": 1.0, ""drift|medium"": 0.75, ""drift|small"": 0.0, ""dropout|large"": 0.5, ""dropout|medium"": 0.5, ""dropout|small"": 0.25, ""lamp_off_night|large"": 0.25, ""lamp_off_night|medium"": 0.25, ""lamp_off_night|small"": 0.25, ""lamp_on_day|large"": 0.0, ""lamp_on_day|medium"": 0.5, ""lamp_on_day|small"": 0.0, ""level_shift|large"": 0.75, ""level_shift|medium"": 0.25, ""level_shift|small"": 0.5, ""spike|large"": 0.75, ""spike|medium"": 0.25, ""spike|small"": 0.0}"
G5,lstm,ft_pole,0.5,full,192,raw,False,lstm|ft_pole|lam0.5|full|w192,0,A_val,23.1,17.0,14.0,0.987179041563707,0.875,0.926001357773252,0.0224918614974844,4.743801652892563,"{""camera_dead|large"": 1.0, ""camera_dead|medium"": 1.0, ""camera_dead|small"": 1.0, ""drift|large"": 1.0, ""drift|medium"": 1.0, ""drift|small"": 1.0, ""dropout|large"": 1.0, ""dropout|medium"": 1.0, ""dropout|small"": 1.0, ""lamp_off_night|large"": 1.0, ""lamp_off_night|medium"": 1.0, ""lamp_off_night|small"": 0.0, ""lamp_on_day|large"": 1.0, ""lamp_on_day|medium"": 1.0, ""lamp_on_day|small"": 0.0, ""level_shift|large"": 1.0, ""level_shift|medium"": 1.0, ""level_shift|small"": 1.0, ""signage_stuck|large"": 1.0, ""signage_stuck|medium"": 1.0, ""signage_stuck|small"": 0.0, ""spike|large"": 1.0, ""spike|medium"": 1.0, ""spike|small"": 1.0}"
G5,lstm,ft_pole,0.5,full,192,raw,False,lstm|ft_pole|lam0.5|full|w192,0,A_test,23.1,17.0,14.0,0.9571520224765327,0.9375,0.9422118897376288,0.2249401555954518,13.24,"{""camera_dead|large"": 1.0, ""camera_dead|medium"": 1.0, ""camera_dead|small"": 1.0, ""drift|large"": 1.0, ""drift|medium"": 1.0, ""drift|small"": 1.0, ""dropout|large"": 1.0, ""dropout|medium"": 1.0, ""dropout|small"": 1.0, ""lamp_off_night|large"": 1.0, ""lamp_off_night|medium"": 1.0, ""lamp_off_night|small"": 0.75, ""lamp_on_day|large"": 1.0, ""lamp_on_day|medium"": 1.0, ""lamp_on_day|small"": 0.25, ""level_shift|large"": 1.0, ""level_shift|medium"": 1.0, ""level_shift|small"": 1.0, ""signage_stuck|large"": 1.0, ""signage_stuck|medium"": 1.0, ""signage_stuck|small"": 0.5, ""spike|large"": 1.0, ""spike|medium"": 1.0, ""spike|small"": 1.0}"
G5,lstm,ft_pole,0.5,full,192,raw,False,lstm|ft_pole|lam0.5|full|w192,0,B_val,23.1,17.0,14.0,0.7244464589576207,0.4166666666666667,0.1709145427286356,0.0128150363092695,2.2222222222222223,"{""drift|large"": 1.0, ""drift|medium"": 0.5, ""drift|small"": 0.5, ""dropout|large"": 1.0, ""dropout|medium"": 1.0, ""dropout|small"": 1.0, ""lamp_off_night|large"": 0.0, ""lamp_off_night|medium"": 0.0, ""lamp_off_night|small"": 0.0, ""lamp_on_day|large"": 0.0, ""lamp_on_day|medium"": 0.5, ""lamp_on_day|small"": 0.0, ""level_shift|large"": 0.5, ""level_shift|medium"": 0.0, ""level_shift|small"": 0.0, ""spike|large"": 1.0, ""spike|medium"": 0.5, ""spike|small"": 0.0}"
G5,lstm,ft_pole,0.5,full,192,raw,False,lstm|ft_pole|lam0.5|full|w192,0,B_test,23.1,17.0,14.0,0.7095558996193325,0.3888888888888889,0.10677808727948,0.0043800685198837,1.0340909090909092,"{""drift|large"": 1.0, ""drift|medium"": 1.0, ""drift|small"": 0.25, ""dropout|large"": 0.75, ""dropout|medium"": 1.0, ""dropout|small"": 0.5, ""lamp_off_night|large"": 0.25, ""lamp_off_night|medium"": 0.0, ""lamp_off_night|small"": 0.0, ""lamp_on_day|large"": 0.0, ""lamp_on_day|medium"": 0.25, ""lamp_on_day|small"": 0.25, ""level_shift|large"": 0.75, ""level_shift|medium"": 0.0, ""level_shift|small"": 0.0, ""spike|large"": 0.75, ""spike|medium"": 0.25, ""spike|small"": 0.0}"
G5,lstm,ft_pole,0.5,full,192,raw,False,lstm|ft_pole|lam0.5|full|w192,1,A_val,22.7,19.0,8.0,0.987535194180528,0.875,0.9253224711473184,0.0212094307980664,4.1652892561983474,"{""camera_dead|large"": 1.0, ""camera_dead|medium"": 1.0, ""camera_dead|small"": 1.0, ""drift|large"": 1.0, ""drift|medium"": 1.0, ""drift|small"": 1.0, ""dropout|large"": 1.0, ""dropout|medium"": 1.0, ""dropout|small"": 1.0, ""lamp_off_night|large"": 1.0, ""lamp_off_night|medium"": 1.0, ""lamp_off_night|small"": 0.0, ""lamp_on_day|large"": 1.0, ""lamp_on_day|medium"": 1.0, ""lamp_on_day|small"": 0.0, ""level_shift|large"": 1.0, ""level_shift|medium"": 1.0, ""level_shift|small"": 1.0, ""signage_stuck|large"": 1.0, ""signage_stuck|medium"": 1.0, ""signage_stuck|small"": 0.0, ""spike|large"": 1.0, ""spike|medium"": 1.0, ""spike|small"": 1.0}"
G5,lstm,ft_pole,0.5,full,192,raw,False,lstm|ft_pole|lam0.5|full|w192,1,A_test,22.7,19.0,8.0,0.9724206435569082,0.9166666666666666,0.9176353370973098,0.1116098144823459,15.68,"{""camera_dead|large"": 1.0, ""camera_dead|medium"": 1.0, ""camera_dead|small"": 1.0, ""drift|large"": 1.0, ""drift|medium"": 1.0, ""drift|small"": 1.0, ""dropout|large"": 1.0, ""dropout|medium"": 1.0, ""dropout|small"": 1.0, ""lamp_off_night|large"": 1.0, ""lamp_off_night|medium"": 1.0, ""lamp_off_night|small"": 0.75, ""lamp_on_day|large"": 1.0, ""lamp_on_day|medium"": 1.0, ""lamp_on_day|small"": 0.0, ""level_shift|large"": 1.0, ""level_shift|medium"": 1.0, ""level_shift|small"": 1.0, ""signage_stuck|large"": 1.0, ""signage_stuck|medium"": 1.0, ""signage_stuck|small"": 0.25, ""spike|large"": 1.0, ""spike|medium"": 1.0, ""spike|small"": 1.0}"
G5,lstm,ft_pole,0.5,full,192,raw,False,lstm|ft_pole|lam0.5|full|w192,1,B_val,22.7,19.0,8.0,0.7224788929755541,0.4722222222222222,0.1829085457271364,0.0130286202477573,2.888888888888889,"{""drift|large"": 1.0, ""drift|medium"": 0.5, ""drift|small"": 0.5, ""dropout|large"": 1.0, ""dropout|medium"": 1.0, ""dropout|small"": 0.5, ""lamp_off_night|large"": 0.0, ""lamp_off_night|medium"": 0.0, ""lamp_off_night|small"": 0.0, ""lamp_on_day|large"": 0.0, ""lamp_on_day|medium"": 1.0, ""lamp_on_day|small"": 0.0, ""level_shift|large"": 1.0, ""level_shift|medium"": 0.5, ""level_shift|small"": 0.0, ""spike|large"": 1.0, ""spike|medium"": 0.5, ""spike|small"": 0.0}"
G5,lstm,ft_pole,0.5,full,192,raw,False,lstm|ft_pole|lam0.5|full|w192,1,B_test,22.7,19.0,8.0,0.7014645085274973,0.4444444444444444,0.1234911792014856,0.0063315841970597,1.3257575757575757,"{""drift|large"": 1.0, ""drift|medium"": 1.0, ""drift|small"": 0.25, ""dropout|large"": 0.75, ""dropout|medium"": 1.0, ""dropout|small"": 0.5, ""lamp_off_night|large"": 0.25, ""lamp_off_night|medium"": 0.0, ""lamp_off_night|small"": 0.0, ""lamp_on_day|large"": 0.0, ""lamp_on_day|medium"": 0.25, ""lamp_on_day|small"": 0.25, ""level_shift|large"": 0.75, ""level_shift|medium"": 0.25, ""level_shift|small"": 0.5, ""spike|large"": 1.0, ""spike|medium"": 0.25, ""spike|small"": 0.0}"
G5,lstm,ft_pole,0.5,full,192,raw,False,lstm|ft_pole|lam0.5|full|w192,2,A_val,18.5,13.0,7.0,0.9868271081298232,0.9166666666666666,0.9273591310251188,0.0173621386998125,4.859504132231406,"{""camera_dead|large"": 1.0, ""camera_dead|medium"": 1.0, ""camera_dead|small"": 1.0, ""drift|large"": 1.0, ""drift|medium"": 1.0, ""drift|small"": 1.0, ""dropout|large"": 1.0, ""dropout|medium"": 1.0, ""dropout|small"": 1.0, ""lamp_off_night|large"": 1.0, ""lamp_off_night|medium"": 1.0, ""lamp_off_night|small"": 0.5, ""lamp_on_day|large"": 1.0, ""lamp_on_day|medium"": 1.0, ""lamp_on_day|small"": 0.5, ""level_shift|large"": 1.0, ""level_shift|medium"": 1.0, ""level_shift|small"": 1.0, ""signage_stuck|large"": 1.0, ""signage_stuck|medium"": 1.0, ""signage_stuck|small"": 0.0, ""spike|large"": 1.0, ""spike|medium"": 1.0, ""spike|small"": 1.0}"
G5,lstm,ft_pole,0.5,full,192,raw,False,lstm|ft_pole|lam0.5|full|w192,2,A_test,18.5,13.0,7.0,0.9660239157002816,0.9270833333333334,0.9332447691796744,0.1937462597247157,13.04,"{""camera_dead|large"": 1.0, ""camera_dead|medium"": 1.0, ""camera_dead|small"": 1.0, ""drift|large"": 1.0, ""drift|medium"": 1.0, ""drift|small"": 1.0, ""dropout|large"": 1.0, ""dropout|medium"": 1.0, ""dropout|small"": 1.0, ""lamp_off_night|large"": 1.0, ""lamp_off_night|medium"": 1.0, ""lamp_off_night|small"": 0.75, ""lamp_on_day|large"": 1.0, ""lamp_on_day|medium"": 1.0, ""lamp_on_day|small"": 0.25, ""level_shift|large"": 1.0, ""level_shift|medium"": 1.0, ""level_shift|small"": 1.0, ""signage_stuck|large"": 1.0, ""signage_stuck|medium"": 1.0, ""signage_stuck|small"": 0.25, ""spike|large"": 1.0, ""spike|medium"": 1.0, ""spike|small"": 1.0}"
G5,lstm,ft_pole,0.5,full,192,raw,False,lstm|ft_pole|lam0.5|full|w192,2,B_val,18.5,13.0,7.0,0.7231358156889091,0.4722222222222222,0.169415292353823,0.0128150363092695,2.333333333333333,"{""drift|large"": 1.0, ""drift|medium"": 0.5, ""drift|small"": 0.5, ""dropout|large"": 1.0, ""dropout|medium"": 1.0, ""dropout|small"": 0.5, ""lamp_off_night|large"": 0.0, ""lamp_off_night|medium"": 0.0, ""lamp_off_night|small"": 0.0, ""lamp_on_day|large"": 0.0, ""lamp_on_day|medium"": 1.0, ""lamp_on_day|small"": 0.0, ""level_shift|large"": 1.0, ""level_shift|medium"": 0.5, ""level_shift|small"": 0.0, ""spike|large"": 1.0, ""spike|medium"": 0.5, ""spike|small"": 0.0}"
G5,lstm,ft_pole,0.5,full,192,raw,False,lstm|ft_pole|lam0.5|full|w192,2,B_test,18.5,13.0,7.0,0.6777640019387512,0.3611111111111111,0.1021355617455896,0.008326466889284,1.4848484848484849,"{""drift|large"": 1.0, ""drift|medium"": 0.5, ""drift|small"": 0.25, ""dropout|large"": 0.75, ""dropout|medium"": 1.0, ""dropout|small"": 0.25, ""lamp_off_night|large"": 0.25, ""lamp_off_night|medium"": 0.0, ""lamp_off_night|small"": 0.0, ""lamp_on_day|large"": 0.0, ""lamp_on_day|medium"": 0.25, ""lamp_on_day|small"": 0.25, ""level_shift|large"": 0.75, ""level_shift|medium"": 0.0, ""level_shift|small"": 0.5, ""spike|large"": 0.5, ""spike|medium"": 0.25, ""spike|small"": 0.0}"
G4,lstm,ft_pole,0.5,no_light,96,raw,False,lstm|ft_pole|lam0.5|no_light|w96,0,A_val,26.0,25.0,10.0,0.9834452655778092,0.875,0.9293957909029192,0.0686593666765315,9.25619834710744,"{""camera_dead|large"": 1.0, ""camera_dead|medium"": 1.0, ""camera_dead|small"": 1.0, ""drift|large"": 1.0, ""drift|medium"": 1.0, ""drift|small"": 1.0, ""dropout|large"": 1.0, ""dropout|medium"": 1.0, ""dropout|small"": 1.0, ""lamp_off_night|large"": 1.0, ""lamp_off_night|medium"": 1.0, ""lamp_off_night|small"": 0.0, ""lamp_on_day|large"": 1.0, ""lamp_on_day|medium"": 1.0, ""lamp_on_day|small"": 0.0, ""level_shift|large"": 1.0, ""level_shift|medium"": 1.0, ""level_shift|small"": 1.0, ""signage_stuck|large"": 1.0, ""signage_stuck|medium"": 1.0, ""signage_stuck|small"": 0.0, ""spike|large"": 1.0, ""spike|medium"": 1.0, ""spike|small"": 1.0}"
G4,lstm,ft_pole,0.5,no_light,96,raw,False,lstm|ft_pole|lam0.5|no_light|w96,0,A_test,26.0,25.0,10.0,0.9778522785294932,0.9166666666666666,0.9256061109266024,0.1019599042489527,12.24,"{""camera_dead|large"": 1.0, ""camera_dead|medium"": 1.0, ""camera_dead|small"": 1.0, ""drift|large"": 1.0, ""drift|medium"": 1.0, ""drift|small"": 1.0, ""dropout|large"": 1.0, ""dropout|medium"": 1.0, ""dropout|small"": 1.0, ""lamp_off_night|large"": 1.0, ""lamp_off_night|medium"": 1.0, ""lamp_off_night|small"": 0.5, ""lamp_on_day|large"": 1.0, ""lamp_on_day|medium"": 1.0, ""lamp_on_day|small"": 0.25, ""level_shift|large"": 1.0, ""level_shift|medium"": 1.0, ""level_shift|small"": 1.0, ""signage_stuck|large"": 1.0, ""signage_stuck|medium"": 1.0, ""signage_stuck|small"": 0.25, ""spike|large"": 1.0, ""spike|medium"": 1.0, ""spike|small"": 1.0}"
G4,lstm,ft_pole,0.5,no_light,96,raw,False,lstm|ft_pole|lam0.5|no_light|w96,0,B_val,26.0,25.0,10.0,0.7301346123179333,0.5277777777777778,0.1941529235382308,0.0136693720632208,2.7777777777777777,"{""drift|large"": 1.0, ""drift|medium"": 0.5, ""drift|small"": 0.0, ""dropout|large"": 1.0, ""dropout|medium"": 1.0, ""dropout|small"": 1.0, ""lamp_off_night|large"": 0.0, ""lamp_off_night|medium"": 0.0, ""lamp_off_night|small"": 0.0, ""lamp_on_day|large"": 0.0, ""lamp_on_day|medium"": 0.5, ""lamp_on_day|small"": 0.0, ""level_shift|large"": 1.0, ""level_shift|medium"": 0.5, ""level_shift|small"": 0.5, ""spike|large"": 1.0, ""spike|medium"": 1.0, ""spike|small"": 0.5}"
G4,lstm,ft_pole,0.5,no_light,96,raw,False,lstm|ft_pole|lam0.5|no_light|w96,0,B_test,26.0,25.0,10.0,0.7283436622932824,0.4722222222222222,0.1248839368616527,0.0122728652586842,2.253787878787879,"{""drift|large"": 1.0, ""drift|medium"": 1.0, ""drift|small"": 0.5, ""dropout|large"": 1.0, ""dropout|medium"": 1.0, ""dropout|small"": 0.5, ""lamp_off_night|large"": 0.25, ""lamp_off_night|medium"": 0.0, ""lamp_off_night|small"": 0.0, ""lamp_on_day|large"": 0.0, ""lamp_on_day|medium"": 0.25, ""lamp_on_day|small"": 0.25, ""level_shift|large"": 0.75, ""level_shift|medium"": 0.25, ""level_shift|small"": 0.5, ""spike|large"": 1.0, ""spike|medium"": 0.25, ""spike|small"": 0.0}"
G4,lstm,ft_pole,0.5,no_light,96,raw,False,lstm|ft_pole|lam0.5|no_light|w96,1,A_val,26.7,22.0,20.0,0.9833332898020808,0.875,0.9273591310251188,0.0560323567130314,6.132231404958678,"{""camera_dead|large"": 1.0, ""camera_dead|medium"": 1.0, ""camera_dead|small"": 1.0, ""drift|large"": 1.0, ""drift|medium"": 1.0, ""drift|small"": 1.0, ""dropout|large"": 1.0, ""dropout|medium"": 1.0, ""dropout|small"": 1.0, ""lamp_off_night|large"": 1.0, ""lamp_off_night|medium"": 1.0, ""lamp_off_night|small"": 0.0, ""lamp_on_day|large"": 1.0, ""lamp_on_day|medium"": 1.0, ""lamp_on_day|small"": 0.0, ""level_shift|large"": 1.0, ""level_shift|medium"": 1.0, ""level_shift|small"": 1.0, ""signage_stuck|large"": 1.0, ""signage_stuck|medium"": 1.0, ""signage_stuck|small"": 0.0, ""spike|large"": 1.0, ""spike|medium"": 1.0, ""spike|small"": 1.0}"
G4,lstm,ft_pole,0.5,no_light,96,raw,False,lstm|ft_pole|lam0.5|no_light|w96,1,A_test,26.7,22.0,20.0,0.9754046403959468,0.9270833333333334,0.9192959149784125,0.1045032914422501,14.68,"{""camera_dead|large"": 1.0, ""camera_dead|medium"": 1.0, ""camera_dead|small"": 1.0, ""drift|large"": 1.0, ""drift|medium"": 1.0, ""drift|small"": 1.0, ""dropout|large"": 1.0, ""dropout|medium"": 1.0, ""dropout|small"": 1.0, ""lamp_off_night|large"": 1.0, ""lamp_off_night|medium"": 1.0, ""lamp_off_night|small"": 0.75, ""lamp_on_day|large"": 1.0, ""lamp_on_day|medium"": 1.0, ""lamp_on_day|small"": 0.25, ""level_shift|large"": 1.0, ""level_shift|medium"": 1.0, ""level_shift|small"": 1.0, ""signage_stuck|large"": 1.0, ""signage_stuck|medium"": 1.0, ""signage_stuck|small"": 0.25, ""spike|large"": 1.0, ""spike|medium"": 1.0, ""spike|small"": 1.0}"
G4,lstm,ft_pole,0.5,no_light,96,raw,False,lstm|ft_pole|lam0.5|no_light|w96,1,B_val,26.7,22.0,20.0,0.7479294846382873,0.5277777777777778,0.2083958020989505,0.0147372917556599,2.111111111111111,"{""drift|large"": 1.0, ""drift|medium"": 1.0, ""drift|small"": 0.5, ""dropout|large"": 1.0, ""dropout|medium"": 1.0, ""dropout|small"": 0.5, ""lamp_off_night|large"": 0.0, ""lamp_off_night|medium"": 0.0, ""lamp_off_night|small"": 0.0, ""lamp_on_day|large"": 0.0, ""lamp_on_day|medium"": 0.5, ""lamp_on_day|small"": 0.0, ""level_shift|large"": 1.0, ""level_shift|medium"": 0.5, ""level_shift|small"": 0.0, ""spike|large"": 1.0, ""spike|medium"": 1.0, ""spike|small"": 0.5}"
G4,lstm,ft_pole,0.5,no_light,96,raw,False,lstm|ft_pole|lam0.5|no_light|w96,1,B_test,26.7,22.0,20.0,0.7369173654614865,0.4166666666666667,0.1100278551532033,0.0115356260028622,2.0416666666666665,"{""drift|large"": 1.0, ""drift|medium"": 0.5, ""drift|small"": 0.5, ""dropout|large"": 0.75, ""dropout|medium"": 1.0, ""dropout|small"": 0.25, ""lamp_off_night|large"": 0.25, ""lamp_off_night|medium"": 0.0, ""lamp_off_night|small"": 0.0, ""lamp_on_day|large"": 0.0, ""lamp_on_day|medium"": 0.25, ""lamp_on_day|small"": 0.25, ""level_shift|large"": 0.75, ""level_shift|medium"": 0.25, ""level_shift|small"": 0.5, ""spike|large"": 1.0, ""spike|medium"": 0.25, ""spike|small"": 0.0}"
G4,lstm,ft_pole,0.5,no_light,96,raw,False,lstm|ft_pole|lam0.5|no_light|w96,2,A_val,24.7,20.0,15.0,0.9850810361054236,0.875,0.9266802443991852,0.0350202229456446,5.4958677685950414,"{""camera_dead|large"": 1.0, ""camera_dead|medium"": 1.0, ""camera_dead|small"": 1.0, ""drift|large"": 1.0, ""drift|medium"": 1.0, ""drift|small"": 1.0, ""dropout|large"": 1.0, ""dropout|medium"": 1.0, ""dropout|small"": 1.0, ""lamp_off_night|large"": 1.0, ""lamp_off_night|medium"": 1.0, ""lamp_off_night|small"": 0.0, ""lamp_on_day|large"": 1.0, ""lamp_on_day|medium"": 1.0, ""lamp_on_day|small"": 0.0, ""level_shift|large"": 1.0, ""level_shift|medium"": 1.0, ""level_shift|small"": 1.0, ""signage_stuck|large"": 1.0, ""signage_stuck|medium"": 1.0, ""signage_stuck|small"": 0.0, ""spike|large"": 1.0, ""spike|medium"": 1.0, ""spike|small"": 1.0}"
G4,lstm,ft_pole,0.5,no_light,96,raw,False,lstm|ft_pole|lam0.5|no_light|w96,2,A_test,24.7,20.0,15.0,0.977637178540047,0.9270833333333334,0.9149784124875456,0.0810143626570915,11.92,"{""camera_dead|large"": 1.0, ""camera_dead|medium"": 1.0, ""camera_dead|small"": 1.0, ""drift|large"": 1.0, ""drift|medium"": 1.0, ""drift|small"": 1.0, ""dropout|large"": 1.0, ""dropout|medium"": 1.0, ""dropout|small"": 1.0, ""lamp_off_night|large"": 1.0, ""lamp_off_night|medium"": 1.0, ""lamp_off_night|small"": 0.5, ""lamp_on_day|large"": 1.0, ""lamp_on_day|medium"": 1.0, ""lamp_on_day|small"": 0.5, ""level_shift|large"": 1.0, ""level_shift|medium"": 1.0, ""level_shift|small"": 1.0, ""signage_stuck|large"": 1.0, ""signage_stuck|medium"": 1.0, ""signage_stuck|small"": 0.25, ""spike|large"": 1.0, ""spike|medium"": 1.0, ""spike|small"": 1.0}"
G4,lstm,ft_pole,0.5,no_light,96,raw,False,lstm|ft_pole|lam0.5|no_light|w96,2,B_val,24.7,20.0,15.0,0.7307956978366861,0.4444444444444444,0.1671664167916042,0.0132422041862451,1.8888888888888888,"{""drift|large"": 1.0, ""drift|medium"": 0.5, ""drift|small"": 0.0, ""dropout|large"": 1.0, ""dropout|medium"": 1.0, ""dropout|small"": 0.5, ""lamp_off_night|large"": 0.0, ""lamp_off_night|medium"": 0.0, ""lamp_off_night|small"": 0.0, ""lamp_on_day|large"": 0.0, ""lamp_on_day|medium"": 0.5, ""lamp_on_day|small"": 0.0, ""level_shift|large"": 1.0, ""level_shift|medium"": 0.0, ""level_shift|small"": 0.0, ""spike|large"": 1.0, ""spike|medium"": 1.0, ""spike|small"": 0.5}"
G4,lstm,ft_pole,0.5,no_light,96,raw,False,lstm|ft_pole|lam0.5|no_light|w96,2,B_test,24.7,20.0,15.0,0.7443696064791689,0.4444444444444444,0.1197771587743732,0.0130534715295546,2.1742424242424243,"{""drift|large"": 1.0, ""drift|medium"": 1.0, ""drift|small"": 0.25, ""dropout|large"": 1.0, ""dropout|medium"": 1.0, ""dropout|small"": 0.25, ""lamp_off_night|large"": 0.25, ""lamp_off_night|medium"": 0.0, ""lamp_off_night|small"": 0.0, ""lamp_on_day|large"": 0.0, ""lamp_on_day|medium"": 0.25, ""lamp_on_day|small"": 0.25, ""level_shift|large"": 0.75, ""level_shift|medium"": 0.25, ""level_shift|small"": 0.5, ""spike|large"": 1.0, ""spike|medium"": 0.25, ""spike|small"": 0.0}"
G4,lstm,ft_pole,0.5,none,96,raw,False,lstm|ft_pole|lam0.5|none|w96,0,A_val,62.5,78.0,40.0,0.9822923570974458,0.8958333333333334,0.936184657162254,0.1572457334517115,11.801652892561984,"{""camera_dead|large"": 1.0, ""camera_dead|medium"": 1.0, ""camera_dead|small"": 1.0, ""drift|large"": 1.0, ""drift|medium"": 1.0, ""drift|small"": 1.0, ""dropout|large"": 1.0, ""dropout|medium"": 1.0, ""dropout|small"": 1.0, ""lamp_off_night|large"": 1.0, ""lamp_off_night|medium"": 1.0, ""lamp_off_night|small"": 0.0, ""lamp_on_day|large"": 1.0, ""lamp_on_day|medium"": 1.0, ""lamp_on_day|small"": 0.0, ""level_shift|large"": 1.0, ""level_shift|medium"": 1.0, ""level_shift|small"": 1.0, ""signage_stuck|large"": 1.0, ""signage_stuck|medium"": 1.0, ""signage_stuck|small"": 0.5, ""spike|large"": 1.0, ""spike|medium"": 1.0, ""spike|small"": 1.0}"
G4,lstm,ft_pole,0.5,none,96,raw,False,lstm|ft_pole|lam0.5|none|w96,0,A_test,62.5,78.0,40.0,0.9713512055636416,0.9166666666666666,0.9339090003321155,0.183572710951526,13.96,"{""camera_dead|large"": 1.0, ""camera_dead|medium"": 1.0, ""camera_dead|small"": 1.0, ""drift|large"": 1.0, ""drift|medium"": 1.0, ""drift|small"": 1.0, ""dropout|large"": 1.0, ""dropout|medium"": 1.0, ""dropout|small"": 1.0, ""lamp_off_night|large"": 1.0, ""lamp_off_night|medium"": 1.0, ""lamp_off_night|small"": 0.5, ""lamp_on_day|large"": 1.0, ""lamp_on_day|medium"": 1.0, ""lamp_on_day|small"": 0.0, ""level_shift|large"": 1.0, ""level_shift|medium"": 1.0, ""level_shift|small"": 1.0, ""signage_stuck|large"": 1.0, ""signage_stuck|medium"": 1.0, ""signage_stuck|small"": 0.5, ""spike|large"": 1.0, ""spike|medium"": 1.0, ""spike|small"": 1.0}"
G4,lstm,ft_pole,0.5,none,96,raw,False,lstm|ft_pole|lam0.5|none|w96,0,B_val,62.5,78.0,40.0,0.7431494632862979,0.5833333333333334,0.2691154422788606,0.0252029047415634,4.555555555555555,"{""drift|large"": 1.0, ""drift|medium"": 1.0, ""drift|small"": 1.0, ""dropout|large"": 1.0, ""dropout|medium"": 1.0, ""dropout|small"": 1.0, ""lamp_off_night|large"": 0.0, ""lamp_off_night|medium"": 0.0, ""lamp_off_night|small"": 0.0, ""lamp_on_day|large"": 0.0, ""lamp_on_day|medium"": 0.5, ""lamp_on_day|small"": 0.0, ""level_shift|large"": 1.0, ""level_shift|medium"": 0.5, ""level_shift|small"": 0.0, ""spike|large"": 1.0, ""spike|medium"": 1.0, ""spike|small"": 0.5}"
G4,lstm,ft_pole,0.5,none,96,raw,False,lstm|ft_pole|lam0.5|none|w96,0,B_test,62.5,78.0,40.0,0.74556298458965,0.6111111111111112,0.1987000928505106,0.0370354308512945,6.125,"{""drift|large"": 1.0, ""drift|medium"": 1.0, ""drift|small"": 1.0, ""dropout|large"": 1.0, ""dropout|medium"": 1.0, ""dropout|small"": 1.0, ""lamp_off_night|large"": 0.25, ""lamp_off_night|medium"": 0.0, ""lamp_off_night|small"": 0.0, ""lamp_on_day|large"": 0.25, ""lamp_on_day|medium"": 0.25, ""lamp_on_day|small"": 0.5, ""level_shift|large"": 0.75, ""level_shift|medium"": 0.75, ""level_shift|small"": 0.25, ""spike|large"": 1.0, ""spike|medium"": 0.25, ""spike|small"": 0.75}"
G4,lstm,ft_pole,0.5,none,96,raw,False,lstm|ft_pole|lam0.5|none|w96,1,A_val,62.4,80.0,34.0,0.9792915804329296,0.8958333333333334,0.9422946367956552,0.1471835848870474,13.074380165289258,"{""camera_dead|large"": 1.0, ""camera_dead|medium"": 1.0, ""camera_dead|small"": 1.0, ""drift|large"": 1.0, ""drift|medium"": 1.0, ""drift|small"": 1.0, ""dropout|large"": 1.0, ""dropout|medium"": 1.0, ""dropout|small"": 1.0, ""lamp_off_night|large"": 1.0, ""lamp_off_night|medium"": 1.0, ""lamp_off_night|small"": 0.0, ""lamp_on_day|large"": 1.0, ""lamp_on_day|medium"": 1.0, ""lamp_on_day|small"": 0.0, ""level_shift|large"": 1.0, ""level_shift|medium"": 1.0, ""level_shift|small"": 1.0, ""signage_stuck|large"": 1.0, ""signage_stuck|medium"": 1.0, ""signage_stuck|small"": 0.5, ""spike|large"": 1.0, ""spike|medium"": 1.0, ""spike|small"": 1.0}"
G4,lstm,ft_pole,0.5,none,96,raw,False,lstm|ft_pole|lam0.5|none|w96,1,A_test,62.4,80.0,34.0,0.9723129693418168,0.9375,0.9359016937894388,0.1735487731897067,15.8,"{""camera_dead|large"": 1.0, ""camera_dead|medium"": 1.0, ""camera_dead|small"": 1.0, ""drift|large"": 1.0, ""drift|medium"": 1.0, ""drift|small"": 1.0, ""dropout|large"": 1.0, ""dropout|medium"": 1.0, ""dropout|small"": 1.0, ""lamp_off_night|large"": 1.0, ""lamp_off_night|medium"": 1.0, ""lamp_off_night|small"": 0.5, ""lamp_on_day|large"": 1.0, ""lamp_on_day|medium"": 1.0, ""lamp_on_day|small"": 0.5, ""level_shift|large"": 1.0, ""level_shift|medium"": 1.0, ""level_shift|small"": 1.0, ""signage_stuck|large"": 1.0, ""signage_stuck|medium"": 1.0, ""signage_stuck|small"": 0.5, ""spike|large"": 1.0, ""spike|medium"": 1.0, ""spike|small"": 1.0}"
G4,lstm,ft_pole,0.5,none,96,raw,False,lstm|ft_pole|lam0.5|none|w96,1,B_val,62.4,80.0,34.0,0.74341204024216,0.6111111111111112,0.3013493253373313,0.036736437419906,5.0,"{""drift|large"": 1.0, ""drift|medium"": 1.0, ""drift|small"": 1.0, ""dropout|large"": 1.0, ""dropout|medium"": 1.0, ""dropout|small"": 1.0, ""lamp_off_night|large"": 0.0, ""lamp_off_night|medium"": 0.0, ""lamp_off_night|small"": 0.0, ""lamp_on_day|large"": 0.0, ""lamp_on_day|medium"": 0.5, ""lamp_on_day|small"": 0.0, ""level_shift|large"": 1.0, ""level_shift|medium"": 0.5, ""level_shift|small"": 0.0, ""spike|large"": 1.0, ""spike|medium"": 1.0, ""spike|small"": 1.0}"
G4,lstm,ft_pole,0.5,none,96,raw,False,lstm|ft_pole|lam0.5|none|w96,1,B_test,62.4,80.0,34.0,0.753061471676769,0.5833333333333334,0.2209842154131847,0.022160544689709,4.7727272727272725,"{""drift|large"": 1.0, ""drift|medium"": 1.0, ""drift|small"": 1.0, ""dropout|large"": 1.0, ""dropout|medium"": 1.0, ""dropout|small"": 0.75, ""lamp_off_night|large"": 0.25, ""lamp_off_night|medium"": 0.0, ""lamp_off_night|small"": 0.0, ""lamp_on_day|large"": 0.25, ""lamp_on_day|medium"": 0.5, ""lamp_on_day|small"": 0.25, ""level_shift|large"": 0.75, ""level_shift|medium"": 0.25, ""level_shift|small"": 0.5, ""spike|large"": 1.0, ""spike|medium"": 0.25, ""spike|small"": 0.75}"
G4,lstm,ft_pole,0.5,none,96,raw,False,lstm|ft_pole|lam0.5|none|w96,2,A_val,60.1,68.0,35.0,0.9844506365976884,0.9166666666666666,0.9375424304141208,0.0937160895728519,12.03305785123967,"{""camera_dead|large"": 1.0, ""camera_dead|medium"": 1.0, ""camera_dead|small"": 1.0, ""drift|large"": 1.0, ""drift|medium"": 1.0, ""drift|small"": 1.0, ""dropout|large"": 1.0, ""dropout|medium"": 1.0, ""dropout|small"": 1.0, ""lamp_off_night|large"": 1.0, ""lamp_off_night|medium"": 1.0, ""lamp_off_night|small"": 0.0, ""lamp_on_day|large"": 1.0, ""lamp_on_day|medium"": 1.0, ""lamp_on_day|small"": 0.5, ""level_shift|large"": 1.0, ""level_shift|medium"": 1.0, ""level_shift|small"": 1.0, ""signage_stuck|large"": 1.0, ""signage_stuck|medium"": 1.0, ""signage_stuck|small"": 0.5, ""spike|large"": 1.0, ""spike|medium"": 1.0, ""spike|small"": 1.0}"
G4,lstm,ft_pole,0.5,none,96,raw,False,lstm|ft_pole|lam0.5|none|w96,2,A_test,60.1,68.0,35.0,0.9765115929403874,0.9166666666666666,0.927930919960146,0.1321065230400957,13.88,"{""camera_dead|large"": 1.0, ""camera_dead|medium"": 1.0, ""camera_dead|small"": 1.0, ""drift|large"": 1.0, ""drift|medium"": 1.0, ""drift|small"": 1.0, ""dropout|large"": 1.0, ""dropout|medium"": 1.0, ""dropout|small"": 1.0, ""lamp_off_night|large"": 1.0, ""lamp_off_night|medium"": 1.0, ""lamp_off_night|small"": 0.5, ""lamp_on_day|large"": 1.0, ""lamp_on_day|medium"": 1.0, ""lamp_on_day|small"": 0.0, ""level_shift|large"": 1.0, ""level_shift|medium"": 1.0, ""level_shift|small"": 1.0, ""signage_stuck|large"": 1.0, ""signage_stuck|medium"": 1.0, ""signage_stuck|small"": 0.5, ""spike|large"": 1.0, ""spike|medium"": 1.0, ""spike|small"": 1.0}"
G4,lstm,ft_pole,0.5,none,96,raw,False,lstm|ft_pole|lam0.5|none|w96,2,B_val,60.1,68.0,35.0,0.7364513492933158,0.5833333333333334,0.2691154422788606,0.0249893208030756,4.555555555555555,"{""drift|large"": 1.0, ""drift|medium"": 0.5, ""drift|small"": 1.0, ""dropout|large"": 1.0, ""dropout|medium"": 1.0, ""dropout|small"": 1.0, ""lamp_off_night|large"": 0.0, ""lamp_off_night|medium"": 0.0, ""lamp_off_night|small"": 0.0, ""lamp_on_day|large"": 0.0, ""lamp_on_day|medium"": 0.5, ""lamp_on_day|small"": 0.0, ""level_shift|large"": 1.0, ""level_shift|medium"": 0.5, ""level_shift|small"": 0.5, ""spike|large"": 1.0, ""spike|medium"": 1.0, ""spike|small"": 0.5}"
G4,lstm,ft_pole,0.5,none,96,raw,False,lstm|ft_pole|lam0.5|none|w96,2,B_test,60.1,68.0,35.0,0.7525474900021313,0.5833333333333334,0.1945218198700092,0.0267140812697862,5.037878787878788,"{""drift|large"": 1.0, ""drift|medium"": 1.0, ""drift|small"": 0.75, ""dropout|large"": 1.0, ""dropout|medium"": 1.0, ""dropout|small"": 0.75, ""lamp_off_night|large"": 0.25, ""lamp_off_night|medium"": 0.0, ""lamp_off_night|small"": 0.0, ""lamp_on_day|large"": 0.25, ""lamp_on_day|medium"": 0.25, ""lamp_on_day|small"": 0.25, ""level_shift|large"": 0.75, ""level_shift|medium"": 0.25, ""level_shift|small"": 0.75, ""spike|large"": 1.0, ""spike|medium"": 0.5, ""spike|small"": 0.75}"
G3,lstm,ft_pole,1.0,full,96,raw,False,lstm|ft_pole|lam1.0|full|w96,0,A_val,23.3,18.0,13.0,0.9864763801767782,0.875,0.9273591310251188,0.0546512774982736,5.785123966942149,"{""camera_dead|large"": 1.0, ""camera_dead|medium"": 1.0, ""camera_dead|small"": 1.0, ""drift|large"": 1.0, ""drift|medium"": 1.0, ""drift|small"": 1.0, ""dropout|large"": 1.0, ""dropout|medium"": 1.0, ""dropout|small"": 1.0, ""lamp_off_night|large"": 1.0, ""lamp_off_night|medium"": 1.0, ""lamp_off_night|small"": 0.0, ""lamp_on_day|large"": 1.0, ""lamp_on_day|medium"": 1.0, ""lamp_on_day|small"": 0.0, ""level_shift|large"": 1.0, ""level_shift|medium"": 1.0, ""level_shift|small"": 1.0, ""signage_stuck|large"": 1.0, ""signage_stuck|medium"": 1.0, ""signage_stuck|small"": 0.0, ""spike|large"": 1.0, ""spike|medium"": 1.0, ""spike|small"": 1.0}"
G3,lstm,ft_pole,1.0,full,96,raw,False,lstm|ft_pole|lam1.0|full|w96,0,A_test,23.3,18.0,13.0,0.9784524865042022,0.9270833333333334,0.932912653603454,0.0851286654697785,9.96,"{""camera_dead|large"": 1.0, ""camera_dead|medium"": 1.0, ""camera_dead|small"": 1.0, ""drift|large"": 1.0, ""drift|medium"": 1.0, ""drift|small"": 1.0, ""dropout|large"": 1.0, ""dropout|medium"": 1.0, ""dropout|small"": 1.0, ""lamp_off_night|large"": 1.0, ""lamp_off_night|medium"": 1.0, ""lamp_off_night|small"": 0.75, ""lamp_on_day|large"": 1.0, ""lamp_on_day|medium"": 1.0, ""lamp_on_day|small"": 0.25, ""level_shift|large"": 1.0, ""level_shift|medium"": 1.0, ""level_shift|small"": 1.0, ""signage_stuck|large"": 1.0, ""signage_stuck|medium"": 1.0, ""signage_stuck|small"": 0.25, ""spike|large"": 1.0, ""spike|medium"": 1.0, ""spike|small"": 1.0}"
G3,lstm,ft_pole,1.0,full,96,raw,False,lstm|ft_pole|lam1.0|full|w96,0,B_val,23.3,18.0,13.0,0.7305813133586987,0.4444444444444444,0.1499250374812593,0.0113199487398547,2.2222222222222223,"{""drift|large"": 1.0, ""drift|medium"": 0.5, ""drift|small"": 0.5, ""dropout|large"": 1.0, ""dropout|medium"": 1.0, ""dropout|small"": 0.5, ""lamp_off_night|large"": 0.0, ""lamp_off_night|medium"": 0.0, ""lamp_off_night|small"": 0.0, ""lamp_on_day|large"": 0.0, ""lamp_on_day|medium"": 0.5, ""lamp_on_day|small"": 0.0, ""level_shift|large"": 1.0, ""level_shift|medium"": 0.0, ""level_shift|small"": 0.0, ""spike|large"": 1.0, ""spike|medium"": 0.5, ""spike|small"": 0.5}"
G3,lstm,ft_pole,1.0,full,96,raw,False,lstm|ft_pole|lam1.0|full|w96,0,B_test,23.3,18.0,13.0,0.7405268540677394,0.4583333333333333,0.1128133704735376,0.0078927967388004,1.5113636363636362,"{""drift|large"": 1.0, ""drift|medium"": 1.0, ""drift|small"": 0.75, ""dropout|large"": 0.75, ""dropout|medium"": 1.0, ""dropout|small"": 0.25, ""lamp_off_night|large"": 0.25, ""lamp_off_night|medium"": 0.0, ""lamp_off_night|small"": 0.0, ""lamp_on_day|large"": 0.0, ""lamp_on_day|medium"": 0.25, ""lamp_on_day|small"": 0.25, ""level_shift|large"": 0.75, ""level_shift|medium"": 0.25, ""level_shift|small"": 0.5, ""spike|large"": 1.0, ""spike|medium"": 0.25, ""spike|small"": 0.0}"
G3,lstm,ft_pole,1.0,full,96,raw,False,lstm|ft_pole|lam1.0|full|w96,1,A_val,25.0,27.0,8.0,0.9865404046035706,0.8958333333333334,0.9253224711473184,0.0337377922462266,5.4958677685950414,"{""camera_dead|large"": 1.0, ""camera_dead|medium"": 1.0, ""camera_dead|small"": 1.0, ""drift|large"": 1.0, ""drift|medium"": 1.0, ""drift|small"": 1.0, ""dropout|large"": 1.0, ""dropout|medium"": 1.0, ""dropout|small"": 1.0, ""lamp_off_night|large"": 1.0, ""lamp_off_night|medium"": 1.0, ""lamp_off_night|small"": 0.0, ""lamp_on_day|large"": 1.0, ""lamp_on_day|medium"": 1.0, ""lamp_on_day|small"": 0.5, ""level_shift|large"": 1.0, ""level_shift|medium"": 1.0, ""level_shift|small"": 1.0, ""signage_stuck|large"": 1.0, ""signage_stuck|medium"": 1.0, ""signage_stuck|small"": 0.0, ""spike|large"": 1.0, ""spike|medium"": 1.0, ""spike|small"": 1.0}"
G3,lstm,ft_pole,1.0,full,96,raw,False,lstm|ft_pole|lam1.0|full|w96,1,A_test,25.0,27.0,8.0,0.9731962010032632,0.90625,0.9163068747924278,0.0879712746858168,10.08,"{""camera_dead|large"": 1.0, ""camera_dead|medium"": 1.0, ""camera_dead|small"": 1.0, ""drift|large"": 1.0, ""drift|medium"": 1.0, ""drift|small"": 1.0, ""dropout|large"": 1.0, ""dropout|medium"": 1.0, ""dropout|small"": 1.0, ""lamp_off_night|large"": 1.0, ""lamp_off_night|medium"": 1.0, ""lamp_off_night|small"": 0.5, ""lamp_on_day|large"": 1.0, ""lamp_on_day|medium"": 1.0, ""lamp_on_day|small"": 0.25, ""level_shift|large"": 1.0, ""level_shift|medium"": 1.0, ""level_shift|small"": 1.0, ""signage_stuck|large"": 1.0, ""signage_stuck|medium"": 1.0, ""signage_stuck|small"": 0.0, ""spike|large"": 1.0, ""spike|medium"": 1.0, ""spike|small"": 1.0}"
G3,lstm,ft_pole,1.0,full,96,raw,False,lstm|ft_pole|lam1.0|full|w96,1,B_val,25.0,27.0,8.0,0.7136133983414102,0.4444444444444444,0.1671664167916042,0.0145237078171721,2.2222222222222223,"{""drift|large"": 1.0, ""drift|medium"": 0.5, ""drift|small"": 0.0, ""dropout|large"": 1.0, ""dropout|medium"": 1.0, ""dropout|small"": 0.5, ""lamp_off_night|large"": 0.0, ""lamp_off_night|medium"": 0.0, ""lamp_off_night|small"": 0.0, ""lamp_on_day|large"": 0.0, ""lamp_on_day|medium"": 0.5, ""lamp_on_day|small"": 0.0, ""level_shift|large"": 1.0, ""level_shift|medium"": 0.0, ""level_shift|small"": 0.0, ""spike|large"": 1.0, ""spike|medium"": 1.0, ""spike|small"": 0.5}"
G3,lstm,ft_pole,1.0,full,96,raw,False,lstm|ft_pole|lam1.0|full|w96,1,B_test,25.0,27.0,8.0,0.7292125125878096,0.4166666666666667,0.1021355617455896,0.0061581161368662,1.6704545454545454,"{""drift|large"": 1.0, ""drift|medium"": 0.75, ""drift|small"": 0.25, ""dropout|large"": 0.75, ""dropout|medium"": 1.0, ""dropout|small"": 0.25, ""lamp_off_night|large"": 0.25, ""lamp_off_night|medium"": 0.0, ""lamp_off_night|small"": 0.0, ""lamp_on_day|large"": 0.0, ""lamp_on_day|medium"": 0.25, ""lamp_on_day|small"": 0.25, ""level_shift|large"": 0.75, ""level_shift|medium"": 0.25, ""level_shift|small"": 0.5, ""spike|large"": 1.0, ""spike|medium"": 0.25, ""spike|small"": 0.0}"
G3,lstm,ft_pole,1.0,full,96,raw,False,lstm|ft_pole|lam1.0|full|w96,2,A_val,18.9,11.0,13.0,0.9832735515293836,0.875,0.9273591310251188,0.0719147676827463,5.958677685950414,"{""camera_dead|large"": 1.0, ""camera_dead|medium"": 1.0, ""camera_dead|small"": 1.0, ""drift|large"": 1.0, ""drift|medium"": 1.0, ""drift|small"": 1.0, ""dropout|large"": 1.0, ""dropout|medium"": 1.0, ""dropout|small"": 1.0, ""lamp_off_night|large"": 1.0, ""lamp_off_night|medium"": 1.0, ""lamp_off_night|small"": 0.0, ""lamp_on_day|large"": 1.0, ""lamp_on_day|medium"": 1.0, ""lamp_on_day|small"": 0.0, ""level_shift|large"": 1.0, ""level_shift|medium"": 1.0, ""level_shift|small"": 1.0, ""signage_stuck|large"": 1.0, ""signage_stuck|medium"": 1.0, ""signage_stuck|small"": 0.0, ""spike|large"": 1.0, ""spike|medium"": 1.0, ""spike|small"": 1.0}"
G3,lstm,ft_pole,1.0,full,96,raw,False,lstm|ft_pole|lam1.0|full|w96,2,A_test,18.9,11.0,13.0,0.976919060591913,0.9375,0.9262703420790436,0.1001645721125074,10.08,"{""camera_dead|large"": 1.0, ""camera_dead|medium"": 1.0, ""camera_dead|small"": 1.0, ""drift|large"": 1.0, ""drift|medium"": 1.0, ""drift|small"": 1.0, ""dropout|large"": 1.0, ""dropout|medium"": 1.0, ""dropout|small"": 1.0, ""lamp_off_night|large"": 1.0, ""lamp_off_night|medium"": 1.0, ""lamp_off_night|small"": 0.75, ""lamp_on_day|large"": 1.0, ""lamp_on_day|medium"": 1.0, ""lamp_on_day|small"": 0.25, ""level_shift|large"": 1.0, ""level_shift|medium"": 1.0, ""level_shift|small"": 1.0, ""signage_stuck|large"": 1.0, ""signage_stuck|medium"": 1.0, ""signage_stuck|small"": 0.5, ""spike|large"": 1.0, ""spike|medium"": 1.0, ""spike|small"": 1.0}"
G3,lstm,ft_pole,1.0,full,96,raw,False,lstm|ft_pole|lam1.0|full|w96,2,B_val,18.9,11.0,13.0,0.735672424360225,0.4722222222222222,0.164167916041979,0.012174284493806,2.555555555555556,"{""drift|large"": 1.0, ""drift|medium"": 0.5, ""drift|small"": 0.0, ""dropout|large"": 1.0, ""dropout|medium"": 1.0, ""dropout|small"": 0.5, ""lamp_off_night|large"": 0.0, ""lamp_off_night|medium"": 0.0, ""lamp_off_night|small"": 0.0, ""lamp_on_day|large"": 0.0, ""lamp_on_day|medium"": 0.5, ""lamp_on_day|small"": 0.0, ""level_shift|large"": 1.0, ""level_shift|medium"": 0.0, ""level_shift|small"": 0.5, ""spike|large"": 1.0, ""spike|medium"": 1.0, ""spike|small"": 0.5}"
G3,lstm,ft_pole,1.0,full,96,raw,False,lstm|ft_pole|lam1.0|full|w96,2,B_test,18.9,11.0,13.0,0.748982757605002,0.4166666666666667,0.107242339832869,0.0080228977839455,1.6704545454545454,"{""drift|large"": 1.0, ""drift|medium"": 0.75, ""drift|small"": 0.25, ""dropout|large"": 1.0, ""dropout|medium"": 1.0, ""dropout|small"": 0.25, ""lamp_off_night|large"": 0.25, ""lamp_off_night|medium"": 0.0, ""lamp_off_night|small"": 0.0, ""lamp_on_day|large"": 0.0, ""lamp_on_day|medium"": 0.25, ""lamp_on_day|small"": 0.25, ""level_shift|large"": 0.75, ""level_shift|medium"": 0.25, ""level_shift|small"": 0.5, ""spike|large"": 0.75, ""spike|medium"": 0.25, ""spike|small"": 0.0}"
G0,pca,ft_pole,0.5,full,96,raw,False,pca,0,A_val,0.5,,,0.9008087503978924,0.875,0.6286490156143923,0.0248594258656407,7.694214876033058,"{""camera_dead|large"": 1.0, ""camera_dead|medium"": 1.0, ""camera_dead|small"": 1.0, ""drift|large"": 1.0, ""drift|medium"": 1.0, ""drift|small"": 1.0, ""dropout|large"": 1.0, ""dropout|medium"": 1.0, ""dropout|small"": 1.0, ""lamp_off_night|large"": 1.0, ""lamp_off_night|medium"": 1.0, ""lamp_off_night|small"": 0.0, ""lamp_on_day|large"": 1.0, ""lamp_on_day|medium"": 1.0, ""lamp_on_day|small"": 0.5, ""level_shift|large"": 1.0, ""level_shift|medium"": 1.0, ""level_shift|small"": 1.0, ""signage_stuck|large"": 1.0, ""signage_stuck|medium"": 0.5, ""signage_stuck|small"": 0.0, ""spike|large"": 1.0, ""spike|medium"": 1.0, ""spike|small"": 1.0}"
G0,pca,ft_pole,0.5,full,96,raw,False,pca,0,A_test,0.5,,,0.857444208657623,0.90625,0.5479907007638658,0.0463794135248354,13.88,"{""camera_dead|large"": 1.0, ""camera_dead|medium"": 1.0, ""camera_dead|small"": 1.0, ""drift|large"": 1.0, ""drift|medium"": 1.0, ""drift|small"": 1.0, ""dropout|large"": 1.0, ""dropout|medium"": 1.0, ""dropout|small"": 1.0, ""lamp_off_night|large"": 1.0, ""lamp_off_night|medium"": 1.0, ""lamp_off_night|small"": 0.5, ""lamp_on_day|large"": 1.0, ""lamp_on_day|medium"": 1.0, ""lamp_on_day|small"": 0.25, ""level_shift|large"": 1.0, ""level_shift|medium"": 1.0, ""level_shift|small"": 1.0, ""signage_stuck|large"": 1.0, ""signage_stuck|medium"": 1.0, ""signage_stuck|small"": 0.0, ""spike|large"": 1.0, ""spike|medium"": 1.0, ""spike|small"": 1.0}"
G0,pca,ft_pole,0.5,full,96,raw,False,pca,0,B_val,0.5,,,0.5693376080007839,0.3055555555555556,0.0727136431784108,0.0155916275096112,6.333333333333333,"{""drift|large"": 1.0, ""drift|medium"": 0.0, ""drift|small"": 0.0, ""dropout|large"": 1.0, ""dropout|medium"": 0.5, ""dropout|small"": 0.0, ""lamp_off_night|large"": 0.0, ""lamp_off_night|medium"": 0.0, ""lamp_off_night|small"": 0.0, ""lamp_on_day|large"": 0.0, ""lamp_on_day|medium"": 0.0, ""lamp_on_day|small"": 0.0, ""level_shift|large"": 0.5, ""level_shift|medium"": 0.0, ""level_shift|small"": 0.0, ""spike|large"": 1.0, ""spike|medium"": 1.0, ""spike|small"": 0.5}"
G0,pca,ft_pole,0.5,full,96,raw,False,pca,0,B_test,0.5,,,0.5580846202807114,0.4444444444444444,0.0454967502321262,0.0091070731601543,4.321969696969697,"{""drift|large"": 1.0, ""drift|medium"": 0.5, ""drift|small"": 0.5, ""dropout|large"": 0.75, ""dropout|medium"": 0.75, ""dropout|small"": 0.5, ""lamp_off_night|large"": 0.5, ""lamp_off_night|medium"": 0.0, ""lamp_off_night|small"": 0.0, ""lamp_on_day|large"": 0.0, ""lamp_on_day|medium"": 0.25, ""lamp_on_day|small"": 0.5, ""level_shift|large"": 0.5, ""level_shift|medium"": 0.5, ""level_shift|small"": 0.0, ""spike|large"": 1.0, ""spike|medium"": 0.75, ""spike|small"": 0.0}"
G0,pca,ft_pole,0.5,full,96,raw,False,pca,1,A_val,0.5,,,0.9008087503978924,0.875,0.6286490156143923,0.0248594258656407,7.694214876033058,"{""camera_dead|large"": 1.0, ""camera_dead|medium"": 1.0, ""camera_dead|small"": 1.0, ""drift|large"": 1.0, ""drift|medium"": 1.0, ""drift|small"": 1.0, ""dropout|large"": 1.0, ""dropout|medium"": 1.0, ""dropout|small"": 1.0, ""lamp_off_night|large"": 1.0, ""lamp_off_night|medium"": 1.0, ""lamp_off_night|small"": 0.0, ""lamp_on_day|large"": 1.0, ""lamp_on_day|medium"": 1.0, ""lamp_on_day|small"": 0.5, ""level_shift|large"": 1.0, ""level_shift|medium"": 1.0, ""level_shift|small"": 1.0, ""signage_stuck|large"": 1.0, ""signage_stuck|medium"": 0.5, ""signage_stuck|small"": 0.0, ""spike|large"": 1.0, ""spike|medium"": 1.0, ""spike|small"": 1.0}"
G0,pca,ft_pole,0.5,full,96,raw,False,pca,1,A_test,0.5,,,0.857444208657623,0.90625,0.5479907007638658,0.0463794135248354,13.88,"{""camera_dead|large"": 1.0, ""camera_dead|medium"": 1.0, ""camera_dead|small"": 1.0, ""drift|large"": 1.0, ""drift|medium"": 1.0, ""drift|small"": 1.0, ""dropout|large"": 1.0, ""dropout|medium"": 1.0, ""dropout|small"": 1.0, ""lamp_off_night|large"": 1.0, ""lamp_off_night|medium"": 1.0, ""lamp_off_night|small"": 0.5, ""lamp_on_day|large"": 1.0, ""lamp_on_day|medium"": 1.0, ""lamp_on_day|small"": 0.25, ""level_shift|large"": 1.0, ""level_shift|medium"": 1.0, ""level_shift|small"": 1.0, ""signage_stuck|large"": 1.0, ""signage_stuck|medium"": 1.0, ""signage_stuck|small"": 0.0, ""spike|large"": 1.0, ""spike|medium"": 1.0, ""spike|small"": 1.0}"
G0,pca,ft_pole,0.5,full,96,raw,False,pca,1,B_val,0.5,,,0.5693376080007839,0.3055555555555556,0.0727136431784108,0.0155916275096112,6.333333333333333,"{""drift|large"": 1.0, ""drift|medium"": 0.0, ""drift|small"": 0.0, ""dropout|large"": 1.0, ""dropout|medium"": 0.5, ""dropout|small"": 0.0, ""lamp_off_night|large"": 0.0, ""lamp_off_night|medium"": 0.0, ""lamp_off_night|small"": 0.0, ""lamp_on_day|large"": 0.0, ""lamp_on_day|medium"": 0.0, ""lamp_on_day|small"": 0.0, ""level_shift|large"": 0.5, ""level_shift|medium"": 0.0, ""level_shift|small"": 0.0, ""spike|large"": 1.0, ""spike|medium"": 1.0, ""spike|small"": 0.5}"
G0,pca,ft_pole,0.5,full,96,raw,False,pca,1,B_test,0.5,,,0.5580846202807114,0.4444444444444444,0.0454967502321262,0.0091070731601543,4.321969696969697,"{""drift|large"": 1.0, ""drift|medium"": 0.5, ""drift|small"": 0.5, ""dropout|large"": 0.75, ""dropout|medium"": 0.75, ""dropout|small"": 0.5, ""lamp_off_night|large"": 0.5, ""lamp_off_night|medium"": 0.0, ""lamp_off_night|small"": 0.0, ""lamp_on_day|large"": 0.0, ""lamp_on_day|medium"": 0.25, ""lamp_on_day|small"": 0.5, ""level_shift|large"": 0.5, ""level_shift|medium"": 0.5, ""level_shift|small"": 0.0, ""spike|large"": 1.0, ""spike|medium"": 0.75, ""spike|small"": 0.0}"
G0,pca,ft_pole,0.5,full,96,raw,False,pca,2,A_val,0.4,,,0.9008087503978924,0.875,0.6286490156143923,0.0248594258656407,7.694214876033058,"{""camera_dead|large"": 1.0, ""camera_dead|medium"": 1.0, ""camera_dead|small"": 1.0, ""drift|large"": 1.0, ""drift|medium"": 1.0, ""drift|small"": 1.0, ""dropout|large"": 1.0, ""dropout|medium"": 1.0, ""dropout|small"": 1.0, ""lamp_off_night|large"": 1.0, ""lamp_off_night|medium"": 1.0, ""lamp_off_night|small"": 0.0, ""lamp_on_day|large"": 1.0, ""lamp_on_day|medium"": 1.0, ""lamp_on_day|small"": 0.5, ""level_shift|large"": 1.0, ""level_shift|medium"": 1.0, ""level_shift|small"": 1.0, ""signage_stuck|large"": 1.0, ""signage_stuck|medium"": 0.5, ""signage_stuck|small"": 0.0, ""spike|large"": 1.0, ""spike|medium"": 1.0, ""spike|small"": 1.0}"
G0,pca,ft_pole,0.5,full,96,raw,False,pca,2,A_test,0.4,,,0.857444208657623,0.90625,0.5479907007638658,0.0463794135248354,13.88,"{""camera_dead|large"": 1.0, ""camera_dead|medium"": 1.0, ""camera_dead|small"": 1.0, ""drift|large"": 1.0, ""drift|medium"": 1.0, ""drift|small"": 1.0, ""dropout|large"": 1.0, ""dropout|medium"": 1.0, ""dropout|small"": 1.0, ""lamp_off_night|large"": 1.0, ""lamp_off_night|medium"": 1.0, ""lamp_off_night|small"": 0.5, ""lamp_on_day|large"": 1.0, ""lamp_on_day|medium"": 1.0, ""lamp_on_day|small"": 0.25, ""level_shift|large"": 1.0, ""level_shift|medium"": 1.0, ""level_shift|small"": 1.0, ""signage_stuck|large"": 1.0, ""signage_stuck|medium"": 1.0, ""signage_stuck|small"": 0.0, ""spike|large"": 1.0, ""spike|medium"": 1.0, ""spike|small"": 1.0}"
G0,pca,ft_pole,0.5,full,96,raw,False,pca,2,B_val,0.4,,,0.5693376080007839,0.3055555555555556,0.0727136431784108,0.0155916275096112,6.333333333333333,"{""drift|large"": 1.0, ""drift|medium"": 0.0, ""drift|small"": 0.0, ""dropout|large"": 1.0, ""dropout|medium"": 0.5, ""dropout|small"": 0.0, ""lamp_off_night|large"": 0.0, ""lamp_off_night|medium"": 0.0, ""lamp_off_night|small"": 0.0, ""lamp_on_day|large"": 0.0, ""lamp_on_day|medium"": 0.0, ""lamp_on_day|small"": 0.0, ""level_shift|large"": 0.5, ""level_shift|medium"": 0.0, ""level_shift|small"": 0.0, ""spike|large"": 1.0, ""spike|medium"": 1.0, ""spike|small"": 0.5}"
G0,pca,ft_pole,0.5,full,96,raw,False,pca,2,B_test,0.4,,,0.5580846202807114,0.4444444444444444,0.0454967502321262,0.0091070731601543,4.321969696969697,"{""drift|large"": 1.0, ""drift|medium"": 0.5, ""drift|small"": 0.5, ""dropout|large"": 0.75, ""dropout|medium"": 0.75, ""dropout|small"": 0.5, ""lamp_off_night|large"": 0.5, ""lamp_off_night|medium"": 0.0, ""lamp_off_night|small"": 0.0, ""lamp_on_day|large"": 0.0, ""lamp_on_day|medium"": 0.25, ""lamp_on_day|small"": 0.5, ""level_shift|large"": 0.5, ""level_shift|medium"": 0.5, ""level_shift|small"": 0.0, ""spike|large"": 1.0, ""spike|medium"": 0.75, ""spike|small"": 0.0}"
G0,stat,ft_pole,0.5,full,96,raw,False,stat,0,A_val,0.7,,,0.9928590328788872,1.0,0.9660556687033266,0.0091743119266055,3.644628099173554,"{""camera_dead|large"": 1.0, ""camera_dead|medium"": 1.0, ""camera_dead|small"": 1.0, ""drift|large"": 1.0, ""drift|medium"": 1.0, ""drift|small"": 1.0, ""dropout|large"": 1.0, ""dropout|medium"": 1.0, ""dropout|small"": 1.0, ""lamp_off_night|large"": 1.0, ""lamp_off_night|medium"": 1.0, ""lamp_off_night|small"": 1.0, ""lamp_on_day|large"": 1.0, ""lamp_on_day|medium"": 1.0, ""lamp_on_day|small"": 1.0, ""level_shift|large"": 1.0, ""level_shift|medium"": 1.0, ""level_shift|small"": 1.0, ""signage_stuck|large"": 1.0, ""signage_stuck|medium"": 1.0, ""signage_stuck|small"": 1.0, ""spike|large"": 1.0, ""spike|medium"": 1.0, ""spike|small"": 1.0}"
G0,stat,ft_pole,0.5,full,96,raw,False,stat,0,A_test,0.7,,,0.9849206038063903,1.0,0.965792095649286,0.0437612208258527,8.96,"{""camera_dead|large"": 1.0, ""camera_dead|medium"": 1.0, ""camera_dead|small"": 1.0, ""drift|large"": 1.0, ""drift|medium"": 1.0, ""drift|small"": 1.0, ""dropout|large"": 1.0, ""dropout|medium"": 1.0, ""dropout|small"": 1.0, ""lamp_off_night|large"": 1.0, ""lamp_off_night|medium"": 1.0, ""lamp_off_night|small"": 1.0, ""lamp_on_day|large"": 1.0, ""lamp_on_day|medium"": 1.0, ""lamp_on_day|small"": 1.0, ""level_shift|large"": 1.0, ""level_shift|medium"": 1.0, ""level_shift|small"": 1.0, ""signage_stuck|large"": 1.0, ""signage_stuck|medium"": 1.0, ""signage_stuck|small"": 1.0, ""spike|large"": 1.0, ""spike|medium"": 1.0, ""spike|small"": 1.0}"
G0,stat,ft_pole,0.5,full,96,raw,False,stat,0,B_val,0.7,,,0.7926282480289116,0.5277777777777778,0.2788605697151424,0.0117471166168304,2.7777777777777777,"{""drift|large"": 1.0, ""drift|medium"": 1.0, ""drift|small"": 0.0, ""dropout|large"": 1.0, ""dropout|medium"": 0.5, ""dropout|small"": 0.5, ""lamp_off_night|large"": 0.5, ""lamp_off_night|medium"": 0.5, ""lamp_off_night|small"": 0.0, ""lamp_on_day|large"": 0.0, ""lamp_on_day|medium"": 0.5, ""lamp_on_day|small"": 0.0, ""level_shift|large"": 1.0, ""level_shift|medium"": 1.0, ""level_shift|small"": 0.0, ""spike|large"": 1.0, ""spike|medium"": 1.0, ""spike|small"": 0.0}"
G0,stat,ft_pole,0.5,full,96,raw,False,stat,0,B_test,0.7,,,0.7898029671816389,0.5555555555555556,0.2172701949860724,0.0117958280931523,3.393939393939394,"{""drift|large"": 1.0, ""drift|medium"": 0.75, ""drift|small"": 0.25, ""dropout|large"": 1.0, ""dropout|medium"": 1.0, ""dropout|small"": 0.75, ""lamp_off_night|large"": 0.75, ""lamp_off_night|medium"": 0.25, ""lamp_off_night|small"": 0.5, ""lamp_on_day|large"": 0.0, ""lamp_on_day|medium"": 0.25, ""lamp_on_day|small"": 0.25, ""level_shift|large"": 1.0, ""level_shift|medium"": 0.75, ""level_shift|small"": 0.25, ""spike|large"": 1.0, ""spike|medium"": 0.25, ""spike|small"": 0.0}"
G0,stat,ft_pole,0.5,full,96,raw,False,stat,1,A_val,0.7,,,0.9928590328788872,1.0,0.9660556687033266,0.0091743119266055,3.644628099173554,"{""camera_dead|large"": 1.0, ""camera_dead|medium"": 1.0, ""camera_dead|small"": 1.0, ""drift|large"": 1.0, ""drift|medium"": 1.0, ""drift|small"": 1.0, ""dropout|large"": 1.0, ""dropout|medium"": 1.0, ""dropout|small"": 1.0, ""lamp_off_night|large"": 1.0, ""lamp_off_night|medium"": 1.0, ""lamp_off_night|small"": 1.0, ""lamp_on_day|large"": 1.0, ""lamp_on_day|medium"": 1.0, ""lamp_on_day|small"": 1.0, ""level_shift|large"": 1.0, ""level_shift|medium"": 1.0, ""level_shift|small"": 1.0, ""signage_stuck|large"": 1.0, ""signage_stuck|medium"": 1.0, ""signage_stuck|small"": 1.0, ""spike|large"": 1.0, ""spike|medium"": 1.0, ""spike|small"": 1.0}"
G0,stat,ft_pole,0.5,full,96,raw,False,stat,1,A_test,0.7,,,0.9849206038063903,1.0,0.965792095649286,0.0437612208258527,8.96,"{""camera_dead|large"": 1.0, ""camera_dead|medium"": 1.0, ""camera_dead|small"": 1.0, ""drift|large"": 1.0, ""drift|medium"": 1.0, ""drift|small"": 1.0, ""dropout|large"": 1.0, ""dropout|medium"": 1.0, ""dropout|small"": 1.0, ""lamp_off_night|large"": 1.0, ""lamp_off_night|medium"": 1.0, ""lamp_off_night|small"": 1.0, ""lamp_on_day|large"": 1.0, ""lamp_on_day|medium"": 1.0, ""lamp_on_day|small"": 1.0, ""level_shift|large"": 1.0, ""level_shift|medium"": 1.0, ""level_shift|small"": 1.0, ""signage_stuck|large"": 1.0, ""signage_stuck|medium"": 1.0, ""signage_stuck|small"": 1.0, ""spike|large"": 1.0, ""spike|medium"": 1.0, ""spike|small"": 1.0}"
G0,stat,ft_pole,0.5,full,96,raw,False,stat,1,B_val,0.7,,,0.7926282480289116,0.5277777777777778,0.2788605697151424,0.0117471166168304,2.7777777777777777,"{""drift|large"": 1.0, ""drift|medium"": 1.0, ""drift|small"": 0.0, ""dropout|large"": 1.0, ""dropout|medium"": 0.5, ""dropout|small"": 0.5, ""lamp_off_night|large"": 0.5, ""lamp_off_night|medium"": 0.5, ""lamp_off_night|small"": 0.0, ""lamp_on_day|large"": 0.0, ""lamp_on_day|medium"": 0.5, ""lamp_on_day|small"": 0.0, ""level_shift|large"": 1.0, ""level_shift|medium"": 1.0, ""level_shift|small"": 0.0, ""spike|large"": 1.0, ""spike|medium"": 1.0, ""spike|small"": 0.0}"
G0,stat,ft_pole,0.5,full,96,raw,False,stat,1,B_test,0.7,,,0.7898029671816389,0.5555555555555556,0.2172701949860724,0.0117958280931523,3.393939393939394,"{""drift|large"": 1.0, ""drift|medium"": 0.75, ""drift|small"": 0.25, ""dropout|large"": 1.0, ""dropout|medium"": 1.0, ""dropout|small"": 0.75, ""lamp_off_night|large"": 0.75, ""lamp_off_night|medium"": 0.25, ""lamp_off_night|small"": 0.5, ""lamp_on_day|large"": 0.0, ""lamp_on_day|medium"": 0.25, ""lamp_on_day|small"": 0.25, ""level_shift|large"": 1.0, ""level_shift|medium"": 0.75, ""level_shift|small"": 0.25, ""spike|large"": 1.0, ""spike|medium"": 0.25, ""spike|small"": 0.0}"
G0,stat,ft_pole,0.5,full,96,raw,False,stat,2,A_val,0.8,,,0.9928590328788872,1.0,0.9660556687033266,0.0091743119266055,3.644628099173554,"{""camera_dead|large"": 1.0, ""camera_dead|medium"": 1.0, ""camera_dead|small"": 1.0, ""drift|large"": 1.0, ""drift|medium"": 1.0, ""drift|small"": 1.0, ""dropout|large"": 1.0, ""dropout|medium"": 1.0, ""dropout|small"": 1.0, ""lamp_off_night|large"": 1.0, ""lamp_off_night|medium"": 1.0, ""lamp_off_night|small"": 1.0, ""lamp_on_day|large"": 1.0, ""lamp_on_day|medium"": 1.0, ""lamp_on_day|small"": 1.0, ""level_shift|large"": 1.0, ""level_shift|medium"": 1.0, ""level_shift|small"": 1.0, ""signage_stuck|large"": 1.0, ""signage_stuck|medium"": 1.0, ""signage_stuck|small"": 1.0, ""spike|large"": 1.0, ""spike|medium"": 1.0, ""spike|small"": 1.0}"
G0,stat,ft_pole,0.5,full,96,raw,False,stat,2,A_test,0.8,,,0.9849206038063903,1.0,0.965792095649286,0.0437612208258527,8.96,"{""camera_dead|large"": 1.0, ""camera_dead|medium"": 1.0, ""camera_dead|small"": 1.0, ""drift|large"": 1.0, ""drift|medium"": 1.0, ""drift|small"": 1.0, ""dropout|large"": 1.0, ""dropout|medium"": 1.0, ""dropout|small"": 1.0, ""lamp_off_night|large"": 1.0, ""lamp_off_night|medium"": 1.0, ""lamp_off_night|small"": 1.0, ""lamp_on_day|large"": 1.0, ""lamp_on_day|medium"": 1.0, ""lamp_on_day|small"": 1.0, ""level_shift|large"": 1.0, ""level_shift|medium"": 1.0, ""level_shift|small"": 1.0, ""signage_stuck|large"": 1.0, ""signage_stuck|medium"": 1.0, ""signage_stuck|small"": 1.0, ""spike|large"": 1.0, ""spike|medium"": 1.0, ""spike|small"": 1.0}"
G0,stat,ft_pole,0.5,full,96,raw,False,stat,2,B_val,0.8,,,0.7926282480289116,0.5277777777777778,0.2788605697151424,0.0117471166168304,2.7777777777777777,"{""drift|large"": 1.0, ""drift|medium"": 1.0, ""drift|small"": 0.0, ""dropout|large"": 1.0, ""dropout|medium"": 0.5, ""dropout|small"": 0.5, ""lamp_off_night|large"": 0.5, ""lamp_off_night|medium"": 0.5, ""lamp_off_night|small"": 0.0, ""lamp_on_day|large"": 0.0, ""lamp_on_day|medium"": 0.5, ""lamp_on_day|small"": 0.0, ""level_shift|large"": 1.0, ""level_shift|medium"": 1.0, ""level_shift|small"": 0.0, ""spike|large"": 1.0, ""spike|medium"": 1.0, ""spike|small"": 0.0}"
G0,stat,ft_pole,0.5,full,96,raw,False,stat,2,B_test,0.8,,,0.7898029671816389,0.5555555555555556,0.2172701949860724,0.0117958280931523,3.393939393939394,"{""drift|large"": 1.0, ""drift|medium"": 0.75, ""drift|small"": 0.25, ""dropout|large"": 1.0, ""dropout|medium"": 1.0, ""dropout|small"": 0.75, ""lamp_off_night|large"": 0.75, ""lamp_off_night|medium"": 0.25, ""lamp_off_night|small"": 0.5, ""lamp_on_day|large"": 0.0, ""lamp_on_day|medium"": 0.25, ""lamp_on_day|small"": 0.25, ""level_shift|large"": 1.0, ""level_shift|medium"": 0.75, ""level_shift|small"": 0.25, ""spike|large"": 1.0, ""spike|medium"": 0.25, ""spike|small"": 0.0}"
G3,transformer,ft_pole,0.0,full,96,raw,False,transformer|ft_pole|lam0.0|full|w96,0,A_val,126.1,77.0,24.0,0.96316358622781,0.9166666666666666,0.9355057705363204,0.1970997336490086,9.198347107438018,"{""camera_dead|large"": 1.0, ""camera_dead|medium"": 1.0, ""camera_dead|small"": 1.0, ""drift|large"": 1.0, ""drift|medium"": 1.0, ""drift|small"": 1.0, ""dropout|large"": 1.0, ""dropout|medium"": 1.0, ""dropout|small"": 1.0, ""lamp_off_night|large"": 1.0, ""lamp_off_night|medium"": 1.0, ""lamp_off_night|small"": 0.0, ""lamp_on_day|large"": 1.0, ""lamp_on_day|medium"": 1.0, ""lamp_on_day|small"": 0.5, ""level_shift|large"": 1.0, ""level_shift|medium"": 1.0, ""level_shift|small"": 1.0, ""signage_stuck|large"": 1.0, ""signage_stuck|medium"": 1.0, ""signage_stuck|small"": 0.5, ""spike|large"": 1.0, ""spike|medium"": 1.0, ""spike|small"": 1.0}"
G3,transformer,ft_pole,0.0,full,96,raw,False,transformer|ft_pole|lam0.0|full|w96,0,A_test,126.1,77.0,24.0,0.9290917096121324,0.9270833333333334,0.9006974427100631,0.2610712148414123,11.84,"{""camera_dead|large"": 1.0, ""camera_dead|medium"": 1.0, ""camera_dead|small"": 1.0, ""drift|large"": 1.0, ""drift|medium"": 1.0, ""drift|small"": 1.0, ""dropout|large"": 1.0, ""dropout|medium"": 1.0, ""dropout|small"": 1.0, ""lamp_off_night|large"": 1.0, ""lamp_off_night|medium"": 1.0, ""lamp_off_night|small"": 0.5, ""lamp_on_day|large"": 1.0, ""lamp_on_day|medium"": 1.0, ""lamp_on_day|small"": 0.25, ""level_shift|large"": 1.0, ""level_shift|medium"": 1.0, ""level_shift|small"": 1.0, ""signage_stuck|large"": 1.0, ""signage_stuck|medium"": 1.0, ""signage_stuck|small"": 0.5, ""spike|large"": 1.0, ""spike|medium"": 1.0, ""spike|small"": 1.0}"
G3,transformer,ft_pole,0.0,full,96,raw,False,transformer|ft_pole|lam0.0|full|w96,0,B_val,126.1,77.0,24.0,0.7040213340574482,0.5555555555555556,0.1724137931034483,0.0324647586501495,4.888888888888889,"{""drift|large"": 1.0, ""drift|medium"": 1.0, ""drift|small"": 0.5, ""dropout|large"": 1.0, ""dropout|medium"": 1.0, ""dropout|small"": 1.0, ""lamp_off_night|large"": 0.0, ""lamp_off_night|medium"": 0.0, ""lamp_off_night|small"": 0.0, ""lamp_on_day|large"": 0.0, ""lamp_on_day|medium"": 0.5, ""lamp_on_day|small"": 0.0, ""level_shift|large"": 1.0, ""level_shift|medium"": 0.0, ""level_shift|small"": 0.0, ""spike|large"": 1.0, ""spike|medium"": 1.0, ""spike|small"": 1.0}"
G3,transformer,ft_pole,0.0,full,96,raw,False,transformer|ft_pole|lam0.0|full|w96,0,B_test,126.1,77.0,24.0,0.7457005550696061,0.5555555555555556,0.149489322191272,0.0201656619974847,5.117424242424242,"{""drift|large"": 1.0, ""drift|medium"": 1.0, ""drift|small"": 0.5, ""dropout|large"": 1.0, ""dropout|medium"": 1.0, ""dropout|small"": 0.75, ""lamp_off_night|large"": 0.25, ""lamp_off_night|medium"": 0.0, ""lamp_off_night|small"": 0.0, ""lamp_on_day|large"": 0.0, ""lamp_on_day|medium"": 0.25, ""lamp_on_day|small"": 0.25, ""level_shift|large"": 0.75, ""level_shift|medium"": 0.25, ""level_shift|small"": 0.5, ""spike|large"": 1.0, ""spike|medium"": 1.0, ""spike|small"": 0.5}"
G3,transformer,ft_pole,0.0,full,96,raw,False,transformer|ft_pole|lam0.0|full|w96,1,A_val,115.1,78.0,14.0,0.9649394604174004,0.8958333333333334,0.9314324507807196,0.184176778139489,8.099173553719009,"{""camera_dead|large"": 1.0, ""camera_dead|medium"": 1.0, ""camera_dead|small"": 1.0, ""drift|large"": 1.0, ""drift|medium"": 1.0, ""drift|small"": 1.0, ""dropout|large"": 1.0, ""dropout|medium"": 1.0, ""dropout|small"": 1.0, ""lamp_off_night|large"": 1.0, ""lamp_off_night|medium"": 1.0, ""lamp_off_night|small"": 0.0, ""lamp_on_day|large"": 1.0, ""lamp_on_day|medium"": 1.0, ""lamp_on_day|small"": 0.0, ""level_shift|large"": 1.0, ""level_shift|medium"": 1.0, ""level_shift|small"": 1.0, ""signage_stuck|large"": 1.0, ""signage_stuck|medium"": 1.0, ""signage_stuck|small"": 0.5, ""spike|large"": 1.0, ""spike|medium"": 1.0, ""spike|small"": 1.0}"
G3,transformer,ft_pole,0.0,full,96,raw,False,transformer|ft_pole|lam0.0|full|w96,1,A_test,115.1,78.0,14.0,0.9306857799081406,0.9375,0.9010295582862836,0.2515709156193896,10.84,"{""camera_dead|large"": 1.0, ""camera_dead|medium"": 1.0, ""camera_dead|small"": 1.0, ""drift|large"": 1.0, ""drift|medium"": 1.0, ""drift|small"": 1.0, ""dropout|large"": 1.0, ""dropout|medium"": 1.0, ""dropout|small"": 1.0, ""lamp_off_night|large"": 1.0, ""lamp_off_night|medium"": 1.0, ""lamp_off_night|small"": 0.5, ""lamp_on_day|large"": 1.0, ""lamp_on_day|medium"": 1.0, ""lamp_on_day|small"": 0.5, ""level_shift|large"": 1.0, ""level_shift|medium"": 1.0, ""level_shift|small"": 1.0, ""signage_stuck|large"": 1.0, ""signage_stuck|medium"": 1.0, ""signage_stuck|small"": 0.5, ""spike|large"": 1.0, ""spike|medium"": 1.0, ""spike|small"": 1.0}"
G3,transformer,ft_pole,0.0,full,96,raw,False,transformer|ft_pole|lam0.0|full|w96,1,B_val,115.1,78.0,14.0,0.6893589727989488,0.5555555555555556,0.176911544227886,0.0260572404955147,5.222222222222222,"{""drift|large"": 1.0, ""drift|medium"": 0.5, ""drift|small"": 1.0, ""dropout|large"": 1.0, ""dropout|medium"": 1.0, ""dropout|small"": 1.0, ""lamp_off_night|large"": 0.0, ""lamp_off_night|medium"": 0.0, ""lamp_off_night|small"": 0.0, ""lamp_on_day|large"": 0.0, ""lamp_on_day|medium"": 0.5, ""lamp_on_day|small"": 0.0, ""level_shift|large"": 1.0, ""level_shift|medium"": 0.0, ""level_shift|small"": 0.0, ""spike|large"": 1.0, ""spike|medium"": 1.0, ""spike|small"": 1.0}"
G3,transformer,ft_pole,0.0,full,96,raw,False,transformer|ft_pole|lam0.0|full|w96,1,B_test,115.1,78.0,14.0,0.7642127338521993,0.5694444444444444,0.1536675951717734,0.0199488269222429,5.4356060606060606,"{""drift|large"": 1.0, ""drift|medium"": 1.0, ""drift|small"": 1.0, ""dropout|large"": 1.0, ""dropout|medium"": 1.0, ""dropout|small"": 0.5, ""lamp_off_night|large"": 0.25, ""lamp_off_night|medium"": 0.0, ""lamp_off_night|small"": 0.0, ""lamp_on_day|large"": 0.25, ""lamp_on_day|medium"": 0.25, ""lamp_on_day|small"": 0.0, ""level_shift|large"": 1.0, ""level_shift|medium"": 0.25, ""level_shift|small"": 0.5, ""spike|large"": 1.0, ""spike|medium"": 1.0, ""spike|small"": 0.25}"
G3,transformer,ft_pole,0.0,full,96,raw,False,transformer|ft_pole|lam0.0|full|w96,2,A_val,116.1,80.0,15.0,0.9713760583870626,0.9166666666666666,0.9307535641547862,0.1646443721021998,9.082644628099176,"{""camera_dead|large"": 1.0, ""camera_dead|medium"": 1.0, ""camera_dead|small"": 1.0, ""drift|large"": 1.0, ""drift|medium"": 1.0, ""drift|small"": 1.0, ""dropout|large"": 1.0, ""dropout|medium"": 1.0, ""dropout|small"": 1.0, ""lamp_off_night|large"": 1.0, ""lamp_off_night|medium"": 1.0, ""lamp_off_night|small"": 0.0, ""lamp_on_day|large"": 1.0, ""lamp_on_day|medium"": 1.0, ""lamp_on_day|small"": 0.5, ""level_shift|large"": 1.0, ""level_shift|medium"": 1.0, ""level_shift|small"": 1.0, ""signage_stuck|large"": 1.0, ""signage_stuck|medium"": 1.0, ""signage_stuck|small"": 0.5, ""spike|large"": 1.0, ""spike|medium"": 1.0, ""spike|small"": 1.0}"
G3,transformer,ft_pole,0.0,full,96,raw,False,transformer|ft_pole|lam0.0|full|w96,2,A_test,116.1,80.0,15.0,0.942049036835016,0.9270833333333334,0.8953835934905348,0.206163973668462,12.72,"{""camera_dead|large"": 1.0, ""camera_dead|medium"": 1.0, ""camera_dead|small"": 1.0, ""drift|large"": 1.0, ""drift|medium"": 1.0, ""drift|small"": 1.0, ""dropout|large"": 1.0, ""dropout|medium"": 1.0, ""dropout|small"": 1.0, ""lamp_off_night|large"": 1.0, ""lamp_off_night|medium"": 1.0, ""lamp_off_night|small"": 0.5, ""lamp_on_day|large"": 1.0, ""lamp_on_day|medium"": 1.0, ""lamp_on_day|small"": 0.25, ""level_shift|large"": 1.0, ""level_shift|medium"": 1.0, ""level_shift|small"": 1.0, ""signage_stuck|large"": 1.0, ""signage_stuck|medium"": 1.0, ""signage_stuck|small"": 0.5, ""spike|large"": 1.0, ""spike|medium"": 1.0, ""spike|small"": 1.0}"
G3,transformer,ft_pole,0.0,full,96,raw,False,transformer|ft_pole|lam0.0|full|w96,2,B_val,116.1,80.0,15.0,0.6570483980564182,0.5555555555555556,0.1626686656671664,0.0258436565570269,4.888888888888889,"{""drift|large"": 1.0, ""drift|medium"": 1.0, ""drift|small"": 0.5, ""dropout|large"": 1.0, ""dropout|medium"": 1.0, ""dropout|small"": 1.0, ""lamp_off_night|large"": 0.0, ""lamp_off_night|medium"": 0.0, ""lamp_off_night|small"": 0.0, ""lamp_on_day|large"": 0.0, ""lamp_on_day|medium"": 0.5, ""lamp_on_day|small"": 0.0, ""level_shift|large"": 1.0, ""level_shift|medium"": 0.0, ""level_shift|small"": 0.0, ""spike|large"": 1.0, ""spike|medium"": 1.0, ""spike|small"": 1.0}"
G3,transformer,ft_pole,0.0,full,96,raw,False,transformer|ft_pole|lam0.0|full|w96,2,B_test,116.1,80.0,15.0,0.7118891618017694,0.5555555555555556,0.1467038068709378,0.0221171776746606,5.621212121212121,"{""drift|large"": 1.0, ""drift|medium"": 1.0, ""drift|small"": 0.75, ""dropout|large"": 1.0, ""dropout|medium"": 1.0, ""dropout|small"": 0.5, ""lamp_off_night|large"": 0.25, ""lamp_off_night|medium"": 0.0, ""lamp_off_night|small"": 0.0, ""lamp_on_day|large"": 0.0, ""lamp_on_day|medium"": 0.25, ""lamp_on_day|small"": 0.0, ""level_shift|large"": 0.75, ""level_shift|medium"": 0.25, ""level_shift|small"": 0.5, ""spike|large"": 1.0, ""spike|medium"": 1.0, ""spike|small"": 0.75}"
G5,transformer,ft_pole,0.5,full,48,raw,False,transformer|ft_pole|lam0.5|full|w48,0,A_val,91.9,43.0,40.0,0.9663159186222748,0.8958333333333334,0.9327902240325866,0.1584295156357897,6.9421487603305785,"{""camera_dead|large"": 1.0, ""camera_dead|medium"": 1.0, ""camera_dead|small"": 1.0, ""drift|large"": 1.0, ""drift|medium"": 1.0, ""drift|small"": 1.0, ""dropout|large"": 1.0, ""dropout|medium"": 1.0, ""dropout|small"": 1.0, ""lamp_off_night|large"": 1.0, ""lamp_off_night|medium"": 1.0, ""lamp_off_night|small"": 0.0, ""lamp_on_day|large"": 1.0, ""lamp_on_day|medium"": 1.0, ""lamp_on_day|small"": 0.0, ""level_shift|large"": 1.0, ""level_shift|medium"": 1.0, ""level_shift|small"": 1.0, ""signage_stuck|large"": 1.0, ""signage_stuck|medium"": 1.0, ""signage_stuck|small"": 0.5, ""spike|large"": 1.0, ""spike|medium"": 1.0, ""spike|small"": 1.0}"
G5,transformer,ft_pole,0.5,full,48,raw,False,transformer|ft_pole|lam0.5|full|w48,0,A_test,91.9,43.0,40.0,0.926705312120072,0.9166666666666666,0.8751245433410827,0.1976361460203471,9.32,"{""camera_dead|large"": 1.0, ""camera_dead|medium"": 1.0, ""camera_dead|small"": 1.0, ""drift|large"": 1.0, ""drift|medium"": 1.0, ""drift|small"": 1.0, ""dropout|large"": 1.0, ""dropout|medium"": 1.0, ""dropout|small"": 1.0, ""lamp_off_night|large"": 1.0, ""lamp_off_night|medium"": 1.0, ""lamp_off_night|small"": 0.5, ""lamp_on_day|large"": 1.0, ""lamp_on_day|medium"": 1.0, ""lamp_on_day|small"": 0.25, ""level_shift|large"": 1.0, ""level_shift|medium"": 1.0, ""level_shift|small"": 1.0, ""signage_stuck|large"": 1.0, ""signage_stuck|medium"": 1.0, ""signage_stuck|small"": 0.25, ""spike|large"": 1.0, ""spike|medium"": 1.0, ""spike|small"": 1.0}"
G5,transformer,ft_pole,0.5,full,48,raw,False,transformer|ft_pole|lam0.5|full|w48,0,B_val,91.9,43.0,40.0,0.7182948732810015,0.5833333333333334,0.1776611694152923,0.0284066638188808,5.222222222222222,"{""drift|large"": 1.0, ""drift|medium"": 1.0, ""drift|small"": 1.0, ""dropout|large"": 1.0, ""dropout|medium"": 1.0, ""dropout|small"": 1.0, ""lamp_off_night|large"": 0.0, ""lamp_off_night|medium"": 0.0, ""lamp_off_night|small"": 0.0, ""lamp_on_day|large"": 0.0, ""lamp_on_day|medium"": 0.5, ""lamp_on_day|small"": 0.0, ""level_shift|large"": 1.0, ""level_shift|medium"": 0.0, ""level_shift|small"": 0.0, ""spike|large"": 1.0, ""spike|medium"": 1.0, ""spike|small"": 1.0}"
G5,transformer,ft_pole,0.5,full,48,raw,False,transformer|ft_pole|lam0.5|full|w48,0,B_test,91.9,43.0,40.0,0.7441968229493895,0.6388888888888888,0.1578458681522748,0.0259334749989158,6.284090909090909,"{""drift|large"": 1.0, ""drift|medium"": 1.0, ""drift|small"": 0.75, ""dropout|large"": 1.0, ""dropout|medium"": 1.0, ""dropout|small"": 0.75, ""lamp_off_night|large"": 0.25, ""lamp_off_night|medium"": 0.0, ""lamp_off_night|small"": 0.0, ""lamp_on_day|large"": 0.25, ""lamp_on_day|medium"": 0.25, ""lamp_on_day|small"": 0.5, ""level_shift|large"": 1.0, ""level_shift|medium"": 0.5, ""level_shift|small"": 0.75, ""spike|large"": 1.0, ""spike|medium"": 1.0, ""spike|small"": 0.5}"
G5,transformer,ft_pole,0.5,full,48,raw,False,transformer|ft_pole|lam0.5|full|w48,1,A_val,129.0,77.0,39.0,0.971964600921215,0.9375,0.9300746775288526,0.1425471046660748,6.884297520661158,"{""camera_dead|large"": 1.0, ""camera_dead|medium"": 1.0, ""camera_dead|small"": 1.0, ""drift|large"": 1.0, ""drift|medium"": 1.0, ""drift|small"": 1.0, ""dropout|large"": 1.0, ""dropout|medium"": 1.0, ""dropout|small"": 1.0, ""lamp_off_night|large"": 1.0, ""lamp_off_night|medium"": 1.0, ""lamp_off_night|small"": 0.5, ""lamp_on_day|large"": 1.0, ""lamp_on_day|medium"": 1.0, ""lamp_on_day|small"": 0.5, ""level_shift|large"": 1.0, ""level_shift|medium"": 1.0, ""level_shift|small"": 1.0, ""signage_stuck|large"": 1.0, ""signage_stuck|medium"": 1.0, ""signage_stuck|small"": 0.5, ""spike|large"": 1.0, ""spike|medium"": 1.0, ""spike|small"": 1.0}"
G5,transformer,ft_pole,0.5,full,48,raw,False,transformer|ft_pole|lam0.5|full|w48,1,A_test,129.0,77.0,39.0,0.9353084421553446,0.9166666666666666,0.871471272002657,0.1815529622980251,10.0,"{""camera_dead|large"": 1.0, ""camera_dead|medium"": 1.0, ""camera_dead|small"": 1.0, ""drift|large"": 1.0, ""drift|medium"": 1.0, ""drift|small"": 1.0, ""dropout|large"": 1.0, ""dropout|medium"": 1.0, ""dropout|small"": 1.0, ""lamp_off_night|large"": 1.0, ""lamp_off_night|medium"": 1.0, ""lamp_off_night|small"": 0.5, ""lamp_on_day|large"": 1.0, ""lamp_on_day|medium"": 1.0, ""lamp_on_day|small"": 0.25, ""level_shift|large"": 1.0, ""level_shift|medium"": 1.0, ""level_shift|small"": 1.0, ""signage_stuck|large"": 1.0, ""signage_stuck|medium"": 1.0, ""signage_stuck|small"": 0.25, ""spike|large"": 1.0, ""spike|medium"": 1.0, ""spike|small"": 1.0}"
G5,transformer,ft_pole,0.5,full,48,raw,False,transformer|ft_pole|lam0.5|full|w48,1,B_val,129.0,77.0,39.0,0.6788867953891486,0.5,0.1739130434782608,0.0335326783425886,5.666666666666667,"{""drift|large"": 1.0, ""drift|medium"": 0.5, ""drift|small"": 0.5, ""dropout|large"": 1.0, ""dropout|medium"": 1.0, ""dropout|small"": 0.5, ""lamp_off_night|large"": 0.0, ""lamp_off_night|medium"": 0.0, ""lamp_off_night|small"": 0.0, ""lamp_on_day|large"": 0.0, ""lamp_on_day|medium"": 0.5, ""lamp_on_day|small"": 0.0, ""level_shift|large"": 1.0, ""level_shift|medium"": 0.0, ""level_shift|small"": 0.0, ""spike|large"": 1.0, ""spike|medium"": 1.0, ""spike|small"": 1.0}"
G5,transformer,ft_pole,0.5,full,48,raw,False,transformer|ft_pole|lam0.5|full|w48,1,B_test,129.0,77.0,39.0,0.7366202893284568,0.6666666666666666,0.1634168987929433,0.0282319267964786,7.662878787878788,"{""drift|large"": 1.0, ""drift|medium"": 1.0, ""drift|small"": 1.0, ""dropout|large"": 1.0, ""dropout|medium"": 1.0, ""dropout|small"": 0.5, ""lamp_off_night|large"": 0.5, ""lamp_off_night|medium"": 0.0, ""lamp_off_night|small"": 0.0, ""lamp_on_day|large"": 0.0, ""lamp_on_day|medium"": 0.25, ""lamp_on_day|small"": 0.5, ""level_shift|large"": 1.0, ""level_shift|medium"": 0.75, ""level_shift|small"": 0.75, ""spike|large"": 1.0, ""spike|medium"": 1.0, ""spike|small"": 0.75}"
G5,transformer,ft_pole,0.5,full,48,raw,False,transformer|ft_pole|lam0.5|full|w48,2,A_val,104.6,53.0,34.0,0.9713243566532932,0.875,0.9314324507807196,0.141757916543356,6.9421487603305785,"{""camera_dead|large"": 1.0, ""camera_dead|medium"": 1.0, ""camera_dead|small"": 1.0, ""drift|large"": 1.0, ""drift|medium"": 1.0, ""drift|small"": 1.0, ""dropout|large"": 1.0, ""dropout|medium"": 1.0, ""dropout|small"": 1.0, ""lamp_off_night|large"": 1.0, ""lamp_off_night|medium"": 1.0, ""lamp_off_night|small"": 0.0, ""lamp_on_day|large"": 1.0, ""lamp_on_day|medium"": 1.0, ""lamp_on_day|small"": 0.0, ""level_shift|large"": 1.0, ""level_shift|medium"": 1.0, ""level_shift|small"": 1.0, ""signage_stuck|large"": 1.0, ""signage_stuck|medium"": 1.0, ""signage_stuck|small"": 0.0, ""spike|large"": 1.0, ""spike|medium"": 1.0, ""spike|small"": 1.0}"
G5,transformer,ft_pole,0.5,full,48,raw,False,transformer|ft_pole|lam0.5|full|w48,2,A_test,104.6,53.0,34.0,0.9298348703864804,0.9166666666666666,0.8598472268349385,0.1820017953321364,10.2,"{""camera_dead|large"": 1.0, ""camera_dead|medium"": 1.0, ""camera_dead|small"": 1.0, ""drift|large"": 1.0, ""drift|medium"": 1.0, ""drift|small"": 1.0, ""dropout|large"": 1.0, ""dropout|medium"": 1.0, ""dropout|small"": 1.0, ""lamp_off_night|large"": 1.0, ""lamp_off_night|medium"": 1.0, ""lamp_off_night|small"": 0.5, ""lamp_on_day|large"": 1.0, ""lamp_on_day|medium"": 1.0, ""lamp_on_day|small"": 0.25, ""level_shift|large"": 1.0, ""level_shift|medium"": 1.0, ""level_shift|small"": 1.0, ""signage_stuck|large"": 1.0, ""signage_stuck|medium"": 1.0, ""signage_stuck|small"": 0.25, ""spike|large"": 1.0, ""spike|medium"": 1.0, ""spike|small"": 1.0}"
G5,transformer,ft_pole,0.5,full,48,raw,False,transformer|ft_pole|lam0.5|full|w48,2,B_val,104.6,53.0,34.0,0.6531936402580427,0.4722222222222222,0.1671664167916042,0.0262708244340025,5.0,"{""drift|large"": 1.0, ""drift|medium"": 0.5, ""drift|small"": 0.5, ""dropout|large"": 1.0, ""dropout|medium"": 1.0, ""dropout|small"": 0.5, ""lamp_off_night|large"": 0.0, ""lamp_off_night|medium"": 0.0, ""lamp_off_night|small"": 0.0, ""lamp_on_day|large"": 0.0, ""lamp_on_day|medium"": 0.5, ""lamp_on_day|small"": 0.0, ""level_shift|large"": 1.0, ""level_shift|medium"": 0.0, ""level_shift|small"": 0.0, ""spike|large"": 1.0, ""spike|medium"": 1.0, ""spike|small"": 0.5}"
G5,transformer,ft_pole,0.5,full,48,raw,False,transformer|ft_pole|lam0.5|full|w48,2,B_test,104.6,53.0,34.0,0.6942831402212637,0.5555555555555556,0.1406685236768802,0.0269742833600763,6.761363636363636,"{""drift|large"": 1.0, ""drift|medium"": 1.0, ""drift|small"": 0.75, ""dropout|large"": 1.0, ""dropout|medium"": 1.0, ""dropout|small"": 0.5, ""lamp_off_night|large"": 0.25, ""lamp_off_night|medium"": 0.0, ""lamp_off_night|small"": 0.0, ""lamp_on_day|large"": 0.0, ""lamp_on_day|medium"": 0.25, ""lamp_on_day|small"": 0.25, ""level_shift|large"": 1.0, ""level_shift|medium"": 0.25, ""level_shift|small"": 0.5, ""spike|large"": 1.0, ""spike|medium"": 0.75, ""spike|small"": 0.5}"
G2,transformer,b_only,0.5,full,96,raw,False,transformer|b_only|lam0.5|full|w96,0,B_val,53.2,73.0,,0.6729821761481497,0.5,0.1409295352323838,0.0217855617257582,3.333333333333333,"{""drift|large"": 1.0, ""drift|medium"": 0.5, ""drift|small"": 0.5, ""dropout|large"": 1.0, ""dropout|medium"": 1.0, ""dropout|small"": 1.0, ""lamp_off_night|large"": 0.0, ""lamp_off_night|medium"": 0.0, ""lamp_off_night|small"": 0.0, ""lamp_on_day|large"": 0.0, ""lamp_on_day|medium"": 0.5, ""lamp_on_day|small"": 0.0, ""level_shift|large"": 1.0, ""level_shift|medium"": 0.0, ""level_shift|small"": 0.0, ""spike|large"": 1.0, ""spike|medium"": 1.0, ""spike|small"": 0.5}"
G2,transformer,b_only,0.5,full,96,raw,False,transformer|b_only|lam0.5|full|w96,0,B_test,53.2,73.0,,0.758459376522451,0.4583333333333333,0.1151346332404828,0.0154386573572141,3.712121212121212,"{""drift|large"": 1.0, ""drift|medium"": 1.0, ""drift|small"": 0.25, ""dropout|large"": 1.0, ""dropout|medium"": 1.0, ""dropout|small"": 0.5, ""lamp_off_night|large"": 0.25, ""lamp_off_night|medium"": 0.0, ""lamp_off_night|small"": 0.0, ""lamp_on_day|large"": 0.0, ""lamp_on_day|medium"": 0.25, ""lamp_on_day|small"": 0.0, ""level_shift|large"": 1.0, ""level_shift|medium"": 0.25, ""level_shift|small"": 0.25, ""spike|large"": 1.0, ""spike|medium"": 0.5, ""spike|small"": 0.0}"
G2,transformer,ft_decoder,0.5,full,96,raw,False,transformer|ft_decoder|lam0.5|full|w96,0,A_val,108.6,54.0,32.0,0.9618236273039,0.9166666666666666,0.9348268839103868,0.1989740554404656,8.272727272727273,"{""camera_dead|large"": 1.0, ""camera_dead|medium"": 1.0, ""camera_dead|small"": 1.0, ""drift|large"": 1.0, ""drift|medium"": 1.0, ""drift|small"": 1.0, ""dropout|large"": 1.0, ""dropout|medium"": 1.0, ""dropout|small"": 1.0, ""lamp_off_night|large"": 1.0, ""lamp_off_night|medium"": 1.0, ""lamp_off_night|small"": 0.0, ""lamp_on_day|large"": 1.0, ""lamp_on_day|medium"": 1.0, ""lamp_on_day|small"": 0.5, ""level_shift|large"": 1.0, ""level_shift|medium"": 1.0, ""level_shift|small"": 1.0, ""signage_stuck|large"": 1.0, ""signage_stuck|medium"": 1.0, ""signage_stuck|small"": 0.5, ""spike|large"": 1.0, ""spike|medium"": 1.0, ""spike|small"": 1.0}"
G2,transformer,ft_decoder,0.5,full,96,raw,False,transformer|ft_decoder|lam0.5|full|w96,0,A_test,108.6,54.0,32.0,0.927247335274351,0.9270833333333334,0.8970441713716373,0.258901855176541,10.36,"{""camera_dead|large"": 1.0, ""camera_dead|medium"": 1.0, ""camera_dead|small"": 1.0, ""drift|large"": 1.0, ""drift|medium"": 1.0, ""drift|small"": 1.0, ""dropout|large"": 1.0, ""dropout|medium"": 1.0, ""dropout|small"": 1.0, ""lamp_off_night|large"": 1.0, ""lamp_off_night|medium"": 1.0, ""lamp_off_night|small"": 0.75, ""lamp_on_day|large"": 1.0, ""lamp_on_day|medium"": 1.0, ""lamp_on_day|small"": 0.0, ""level_shift|large"": 1.0, ""level_shift|medium"": 1.0, ""level_shift|small"": 1.0, ""signage_stuck|large"": 1.0, ""signage_stuck|medium"": 1.0, ""signage_stuck|small"": 0.5, ""spike|large"": 1.0, ""spike|medium"": 1.0, ""spike|small"": 1.0}"
G2,transformer,ft_decoder,0.5,full,96,raw,False,transformer|ft_decoder|lam0.5|full|w96,0,B_val,108.6,54.0,32.0,0.6949685131804025,0.5833333333333334,0.1724137931034483,0.0258436565570269,5.333333333333333,"{""drift|large"": 1.0, ""drift|medium"": 1.0, ""drift|small"": 1.0, ""dropout|large"": 1.0, ""dropout|medium"": 1.0, ""dropout|small"": 1.0, ""lamp_off_night|large"": 0.0, ""lamp_off_night|medium"": 0.0, ""lamp_off_night|small"": 0.0, ""lamp_on_day|large"": 0.0, ""lamp_on_day|medium"": 0.5, ""lamp_on_day|small"": 0.0, ""level_shift|large"": 1.0, ""level_shift|medium"": 0.0, ""level_shift|small"": 0.0, ""spike|large"": 1.0, ""spike|medium"": 1.0, ""spike|small"": 1.0}"
G2,transformer,ft_decoder,0.5,full,96,raw,False,transformer|ft_decoder|lam0.5|full|w96,0,B_test,108.6,54.0,32.0,0.7455819903752609,0.5833333333333334,0.1643454038997214,0.0286222299319137,6.363636363636363,"{""drift|large"": 1.0, ""drift|medium"": 1.0, ""drift|small"": 0.5, ""dropout|large"": 1.0, ""dropout|medium"": 1.0, ""dropout|small"": 0.5, ""lamp_off_night|large"": 0.25, ""lamp_off_night|medium"": 0.0, ""lamp_off_night|small"": 0.0, ""lamp_on_day|large"": 0.25, ""lamp_on_day|medium"": 0.25, ""lamp_on_day|small"": 0.75, ""level_shift|large"": 1.0, ""level_shift|medium"": 0.5, ""level_shift|small"": 0.5, ""spike|large"": 1.0, ""spike|medium"": 1.0, ""spike|small"": 0.0}"
G2,transformer,ft_pole,0.5,full,96,raw,False,transformer|ft_pole|lam0.5|full|w96,0,A_val,17.7,54.0,19.0,0.9624995671988932,0.8958333333333334,0.9341479972844536,0.2036105356614383,8.561983471074381,"{""camera_dead|large"": 1.0, ""camera_dead|medium"": 1.0, ""camera_dead|small"": 1.0, ""drift|large"": 1.0, ""drift|medium"": 1.0, ""drift|small"": 1.0, ""dropout|large"": 1.0, ""dropout|medium"": 1.0, ""dropout|small"": 1.0, ""lamp_off_night|large"": 1.0, ""lamp_off_night|medium"": 1.0, ""lamp_off_night|small"": 0.0, ""lamp_on_day|large"": 1.0, ""lamp_on_day|medium"": 1.0, ""lamp_on_day|small"": 0.0, ""level_shift|large"": 1.0, ""level_shift|medium"": 1.0, ""level_shift|small"": 1.0, ""signage_stuck|large"": 1.0, ""signage_stuck|medium"": 1.0, ""signage_stuck|small"": 0.5, ""spike|large"": 1.0, ""spike|medium"": 1.0, ""spike|small"": 1.0}"
G2,transformer,ft_pole,0.5,full,96,raw,False,transformer|ft_pole|lam0.5|full|w96,0,A_test,17.7,54.0,19.0,0.9277245899286894,0.9375,0.901361673862504,0.266457211250748,11.48,"{""camera_dead|large"": 1.0, ""camera_dead|medium"": 1.0, ""camera_dead|small"": 1.0, ""drift|large"": 1.0, ""drift|medium"": 1.0, ""drift|small"": 1.0, ""dropout|large"": 1.0, ""dropout|medium"": 1.0, ""dropout|small"": 1.0, ""lamp_off_night|large"": 1.0, ""lamp_off_night|medium"": 1.0, ""lamp_off_night|small"": 0.75, ""lamp_on_day|large"": 1.0, ""lamp_on_day|medium"": 1.0, ""lamp_on_day|small"": 0.25, ""level_shift|large"": 1.0, ""level_shift|medium"": 1.0, ""level_shift|small"": 1.0, ""signage_stuck|large"": 1.0, ""signage_stuck|medium"": 1.0, ""signage_stuck|small"": 0.5, ""spike|large"": 1.0, ""spike|medium"": 1.0, ""spike|small"": 1.0}"
G2,transformer,ft_pole,0.5,full,96,raw,False,transformer|ft_pole|lam0.5|full|w96,0,B_val,17.7,54.0,19.0,0.6920950567006117,0.5833333333333334,0.1821589205397301,0.0254164886800512,5.333333333333333,"{""drift|large"": 1.0, ""drift|medium"": 1.0, ""drift|small"": 1.0, ""dropout|large"": 1.0, ""dropout|medium"": 1.0, ""dropout|small"": 1.0, ""lamp_off_night|large"": 0.0, ""lamp_off_night|medium"": 0.0, ""lamp_off_night|small"": 0.0, ""lamp_on_day|large"": 0.0, ""lamp_on_day|medium"": 0.5, ""lamp_on_day|small"": 0.0, ""level_shift|large"": 1.0, ""level_shift|medium"": 0.0, ""level_shift|small"": 0.0, ""spike|large"": 1.0, ""spike|medium"": 1.0, ""spike|small"": 1.0}"
G2,transformer,ft_pole,0.5,full,96,raw,False,transformer|ft_pole|lam0.5|full|w96,0,B_test,17.7,54.0,19.0,0.7392050862381482,0.5833333333333334,0.1434540389972144,0.0213365714037902,5.276515151515151,"{""drift|large"": 1.0, ""drift|medium"": 1.0, ""drift|small"": 0.5, ""dropout|large"": 1.0, ""dropout|medium"": 1.0, ""dropout|small"": 0.5, ""lamp_off_night|large"": 0.25, ""lamp_off_night|medium"": 0.0, ""lamp_off_night|small"": 0.0, ""lamp_on_day|large"": 0.0, ""lamp_on_day|medium"": 0.25, ""lamp_on_day|small"": 0.5, ""level_shift|large"": 1.0, ""level_shift|medium"": 0.25, ""level_shift|small"": 0.5, ""spike|large"": 1.0, ""spike|medium"": 1.0, ""spike|small"": 0.75}"
G2,transformer,joint,0.5,full,96,raw,False,transformer|joint|lam0.5|full|w96,0,A_val,207.4,79.0,,0.9674720417182094,0.9166666666666666,0.9368635437881874,0.1903916346058991,8.677685950413224,"{""camera_dead|large"": 1.0, ""camera_dead|medium"": 1.0, ""camera_dead|small"": 1.0, ""drift|large"": 1.0, ""drift|medium"": 1.0, ""drift|small"": 1.0, ""dropout|large"": 1.0, ""dropout|medium"": 1.0, ""dropout|small"": 1.0, ""lamp_off_night|large"": 1.0, ""lamp_off_night|medium"": 1.0, ""lamp_off_night|small"": 0.5, ""lamp_on_day|large"": 1.0, ""lamp_on_day|medium"": 1.0, ""lamp_on_day|small"": 0.0, ""level_shift|large"": 1.0, ""level_shift|medium"": 1.0, ""level_shift|small"": 1.0, ""signage_stuck|large"": 1.0, ""signage_stuck|medium"": 1.0, ""signage_stuck|small"": 0.5, ""spike|large"": 1.0, ""spike|medium"": 1.0, ""spike|small"": 1.0}"
G2,transformer,joint,0.5,full,96,raw,False,transformer|joint|lam0.5|full|w96,0,A_test,207.4,79.0,,0.9312819631429226,0.9375,0.8963799402191963,0.2537402752842609,12.76,"{""camera_dead|large"": 1.0, ""camera_dead|medium"": 1.0, ""camera_dead|small"": 1.0, ""drift|large"": 1.0, ""drift|medium"": 1.0, ""drift|small"": 1.0, ""dropout|large"": 1.0, ""dropout|medium"": 1.0, ""dropout|small"": 1.0, ""lamp_off_night|large"": 1.0, ""lamp_off_night|medium"": 1.0, ""lamp_off_night|small"": 0.75, ""lamp_on_day|large"": 1.0, ""lamp_on_day|medium"": 1.0, ""lamp_on_day|small"": 0.25, ""level_shift|large"": 1.0, ""level_shift|medium"": 1.0, ""level_shift|small"": 1.0, ""signage_stuck|large"": 1.0, ""signage_stuck|medium"": 1.0, ""signage_stuck|small"": 0.5, ""spike|large"": 1.0, ""spike|medium"": 1.0, ""spike|small"": 1.0}"
G2,transformer,joint,0.5,full,96,raw,False,transformer|joint|lam0.5|full|w96,0,B_val,207.4,79.0,,0.654965874602212,0.5277777777777778,0.1784107946026986,0.0301153353267834,5.444444444444445,"{""drift|large"": 1.0, ""drift|medium"": 0.5, ""drift|small"": 0.5, ""dropout|large"": 1.0, ""dropout|medium"": 1.0, ""dropout|small"": 1.0, ""lamp_off_night|large"": 0.0, ""lamp_off_night|medium"": 0.0, ""lamp_off_night|small"": 0.0, ""lamp_on_day|large"": 0.0, ""lamp_on_day|medium"": 0.5, ""lamp_on_day|small"": 0.0, ""level_shift|large"": 1.0, ""level_shift|medium"": 0.0, ""level_shift|small"": 0.0, ""spike|large"": 1.0, ""spike|medium"": 1.0, ""spike|small"": 1.0}"
G2,transformer,joint,0.5,full,96,raw,False,transformer|joint|lam0.5|full|w96,0,B_test,207.4,79.0,,0.7226839648307601,0.5833333333333334,0.1629526462395543,0.0236783902164014,6.018939393939394,"{""drift|large"": 1.0, ""drift|medium"": 1.0, ""drift|small"": 0.75, ""dropout|large"": 1.0, ""dropout|medium"": 1.0, ""dropout|small"": 0.5, ""lamp_off_night|large"": 0.25, ""lamp_off_night|medium"": 0.0, ""lamp_off_night|small"": 0.0, ""lamp_on_day|large"": 0.0, ""lamp_on_day|medium"": 0.25, ""lamp_on_day|small"": 0.25, ""level_shift|large"": 1.0, ""level_shift|medium"": 0.25, ""level_shift|small"": 0.5, ""spike|large"": 1.0, ""spike|medium"": 1.0, ""spike|small"": 0.75}"
G2,transformer,no_update,0.5,full,96,raw,False,transformer|no_update|lam0.5|full|w96,0,A_val,1.3,54.0,,0.9628470805363668,0.9166666666666666,0.93346911065852,0.2037091841767781,8.851239669421489,"{""camera_dead|large"": 1.0, ""camera_dead|medium"": 1.0, ""camera_dead|small"": 1.0, ""drift|large"": 1.0, ""drift|medium"": 1.0, ""drift|small"": 1.0, ""dropout|large"": 1.0, ""dropout|medium"": 1.0, ""dropout|small"": 1.0, ""lamp_off_night|large"": 1.0, ""lamp_off_night|medium"": 1.0, ""lamp_off_night|small"": 0.5, ""lamp_on_day|large"": 1.0, ""lamp_on_day|medium"": 1.0, ""lamp_on_day|small"": 0.0, ""level_shift|large"": 1.0, ""level_shift|medium"": 1.0, ""level_shift|small"": 1.0, ""signage_stuck|large"": 1.0, ""signage_stuck|medium"": 1.0, ""signage_stuck|small"": 0.5, ""spike|large"": 1.0, ""spike|medium"": 1.0, ""spike|small"": 1.0}"
G2,transformer,no_update,0.5,full,96,raw,False,transformer|no_update|lam0.5|full|w96,0,A_test,1.3,54.0,,0.927370015309912,0.9375,0.9016937894387248,0.2654847396768402,11.68,"{""camera_dead|large"": 1.0, ""camera_dead|medium"": 1.0, ""camera_dead|small"": 1.0, ""drift|large"": 1.0, ""drift|medium"": 1.0, ""drift|small"": 1.0, ""dropout|large"": 1.0, ""dropout|medium"": 1.0, ""dropout|small"": 1.0, ""lamp_off_night|large"": 1.0, ""lamp_off_night|medium"": 1.0, ""lamp_off_night|small"": 1.0, ""lamp_on_day|large"": 1.0, ""lamp_on_day|medium"": 1.0, ""lamp_on_day|small"": 0.0, ""level_shift|large"": 1.0, ""level_shift|medium"": 1.0, ""level_shift|small"": 1.0, ""signage_stuck|large"": 1.0, ""signage_stuck|medium"": 1.0, ""signage_stuck|small"": 0.5, ""spike|large"": 1.0, ""spike|medium"": 1.0, ""spike|small"": 1.0}"
G2,transformer,no_update,0.5,full,96,raw,False,transformer|no_update|lam0.5|full|w96,0,B_val,1.3,54.0,,0.5465209513995672,0.5555555555555556,0.1814092953523238,0.0123878684322938,3.7777777777777777,"{""drift|large"": 1.0, ""drift|medium"": 1.0, ""drift|small"": 0.5, ""dropout|large"": 1.0, ""dropout|medium"": 1.0, ""dropout|small"": 0.5, ""lamp_off_night|large"": 0.0, ""lamp_off_night|medium"": 0.5, ""lamp_off_night|small"": 0.0, ""lamp_on_day|large"": 0.0, ""lamp_on_day|medium"": 0.5, ""lamp_on_day|small"": 0.0, ""level_shift|large"": 1.0, ""level_shift|medium"": 1.0, ""level_shift|small"": 0.0, ""spike|large"": 1.0, ""spike|medium"": 0.5, ""spike|small"": 0.5}"
G2,transformer,no_update,0.5,full,96,raw,False,transformer|no_update|lam0.5|full|w96,0,B_test,1.3,54.0,,0.6400045291753507,0.4027777777777778,0.1016713091922005,0.0106682857018951,3.340909090909091,"{""drift|large"": 0.75, ""drift|medium"": 1.0, ""drift|small"": 0.75, ""dropout|large"": 0.75, ""dropout|medium"": 0.25, ""dropout|small"": 0.25, ""lamp_off_night|large"": 0.25, ""lamp_off_night|medium"": 0.25, ""lamp_off_night|small"": 0.25, ""lamp_on_day|large"": 0.0, ""lamp_on_day|medium"": 0.5, ""lamp_on_day|small"": 0.0, ""level_shift|large"": 0.75, ""level_shift|medium"": 0.0, ""level_shift|small"": 0.75, ""spike|large"": 0.5, ""spike|medium"": 0.25, ""spike|small"": 0.0}"
G2,transformer,b_only,0.5,full,96,raw,False,transformer|b_only|lam0.5|full|w96,1,B_val,52.9,80.0,,0.6889939267871404,0.5,0.1664167916041979,0.0222127296027338,4.222222222222222,"{""drift|large"": 1.0, ""drift|medium"": 0.5, ""drift|small"": 0.5, ""dropout|large"": 1.0, ""dropout|medium"": 1.0, ""dropout|small"": 1.0, ""lamp_off_night|large"": 0.0, ""lamp_off_night|medium"": 0.0, ""lamp_off_night|small"": 0.0, ""lamp_on_day|large"": 0.0, ""lamp_on_day|medium"": 0.5, ""lamp_on_day|small"": 0.0, ""level_shift|large"": 1.0, ""level_shift|medium"": 0.0, ""level_shift|small"": 0.0, ""spike|large"": 1.0, ""spike|medium"": 1.0, ""spike|small"": 0.5}"
G2,transformer,b_only,0.5,full,96,raw,False,transformer|b_only|lam0.5|full|w96,1,B_test,52.9,80.0,,0.7574911082519216,0.5,0.127669452181987,0.0140075458606184,3.446969696969697,"{""drift|large"": 1.0, ""drift|medium"": 1.0, ""drift|small"": 0.25, ""dropout|large"": 1.0, ""dropout|medium"": 1.0, ""dropout|small"": 0.75, ""lamp_off_night|large"": 0.25, ""lamp_off_night|medium"": 0.0, ""lamp_off_night|small"": 0.0, ""lamp_on_day|large"": 0.0, ""lamp_on_day|medium"": 0.25, ""lamp_on_day|small"": 0.0, ""level_shift|large"": 1.0, ""level_shift|medium"": 0.25, ""level_shift|small"": 0.5, ""spike|large"": 1.0, ""spike|medium"": 0.75, ""spike|small"": 0.0}"
G2,transformer,ft_decoder,0.5,full,96,raw,False,transformer|ft_decoder|lam0.5|full|w96,1,A_val,112.8,62.0,19.0,0.9640188748832108,0.9166666666666666,0.9327902240325866,0.1862483969616257,8.851239669421489,"{""camera_dead|large"": 1.0, ""camera_dead|medium"": 1.0, ""camera_dead|small"": 1.0, ""drift|large"": 1.0, ""drift|medium"": 1.0, ""drift|small"": 1.0, ""dropout|large"": 1.0, ""dropout|medium"": 1.0, ""dropout|small"": 1.0, ""lamp_off_night|large"": 1.0, ""lamp_off_night|medium"": 1.0, ""lamp_off_night|small"": 0.0, ""lamp_on_day|large"": 1.0, ""lamp_on_day|medium"": 1.0, ""lamp_on_day|small"": 0.5, ""level_shift|large"": 1.0, ""level_shift|medium"": 1.0, ""level_shift|small"": 1.0, ""signage_stuck|large"": 1.0, ""signage_stuck|medium"": 1.0, ""signage_stuck|small"": 0.5, ""spike|large"": 1.0, ""spike|medium"": 1.0, ""spike|small"": 1.0}"
G2,transformer,ft_decoder,0.5,full,96,raw,False,transformer|ft_decoder|lam0.5|full|w96,1,A_test,112.8,62.0,19.0,0.9275738857780798,0.9270833333333334,0.9023580205911658,0.25516157989228,11.0,"{""camera_dead|large"": 1.0, ""camera_dead|medium"": 1.0, ""camera_dead|small"": 1.0, ""drift|large"": 1.0, ""drift|medium"": 1.0, ""drift|small"": 1.0, ""dropout|large"": 1.0, ""dropout|medium"": 1.0, ""dropout|small"": 1.0, ""lamp_off_night|large"": 1.0, ""lamp_off_night|medium"": 1.0, ""lamp_off_night|small"": 0.5, ""lamp_on_day|large"": 1.0, ""lamp_on_day|medium"": 1.0, ""lamp_on_day|small"": 0.25, ""level_shift|large"": 1.0, ""level_shift|medium"": 1.0, ""level_shift|small"": 1.0, ""signage_stuck|large"": 1.0, ""signage_stuck|medium"": 1.0, ""signage_stuck|small"": 0.5, ""spike|large"": 1.0, ""spike|medium"": 1.0, ""spike|small"": 1.0}"
G2,transformer,ft_decoder,0.5,full,96,raw,False,transformer|ft_decoder|lam0.5|full|w96,1,B_val,112.8,62.0,19.0,0.7052295082702135,0.5555555555555556,0.1724137931034483,0.023280649295173,5.777777777777778,"{""drift|large"": 1.0, ""drift|medium"": 0.5, ""drift|small"": 0.5, ""dropout|large"": 1.0, ""dropout|medium"": 1.0, ""dropout|small"": 1.0, ""lamp_off_night|large"": 0.0, ""lamp_off_night|medium"": 0.0, ""lamp_off_night|small"": 0.0, ""lamp_on_day|large"": 0.0, ""lamp_on_day|medium"": 0.5, ""lamp_on_day|small"": 0.0, ""level_shift|large"": 1.0, ""level_shift|medium"": 0.0, ""level_shift|small"": 0.5, ""spike|large"": 1.0, ""spike|medium"": 1.0, ""spike|small"": 1.0}"
G2,transformer,ft_decoder,0.5,full,96,raw,False,transformer|ft_decoder|lam0.5|full|w96,1,B_test,112.8,62.0,19.0,0.7604007249096552,0.5694444444444444,0.16016713091922,0.0220304436445639,5.6477272727272725,"{""drift|large"": 1.0, ""drift|medium"": 1.0, ""drift|small"": 0.5, ""dropout|large"": 1.0, ""dropout|medium"": 1.0, ""dropout|small"": 0.5, ""lamp_off_night|large"": 0.25, ""lamp_off_night|medium"": 0.0, ""lamp_off_night|small"": 0.0, ""lamp_on_day|large"": 0.25, ""lamp_on_day|medium"": 0.25, ""lamp_on_day|small"": 0.25, ""level_shift|large"": 1.0, ""level_shift|medium"": 0.5, ""level_shift|small"": 0.5, ""spike|large"": 1.0, ""spike|medium"": 1.0, ""spike|small"": 0.25}"
G2,transformer,ft_pole,0.5,full,96,raw,False,transformer|ft_pole|lam0.5|full|w96,1,A_val,24.8,62.0,30.0,0.9643875511065276,0.9375,0.9348268839103868,0.1884186642991023,8.90909090909091,"{""camera_dead|large"": 1.0, ""camera_dead|medium"": 1.0, ""camera_dead|small"": 1.0, ""drift|large"": 1.0, ""drift|medium"": 1.0, ""drift|small"": 1.0, ""dropout|large"": 1.0, ""dropout|medium"": 1.0, ""dropout|small"": 1.0, ""lamp_off_night|large"": 1.0, ""lamp_off_night|medium"": 1.0, ""lamp_off_night|small"": 0.5, ""lamp_on_day|large"": 1.0, ""lamp_on_day|medium"": 1.0, ""lamp_on_day|small"": 0.5, ""level_shift|large"": 1.0, ""level_shift|medium"": 1.0, ""level_shift|small"": 1.0, ""signage_stuck|large"": 1.0, ""signage_stuck|medium"": 1.0, ""signage_stuck|small"": 0.5, ""spike|large"": 1.0, ""spike|medium"": 1.0, ""spike|small"": 1.0}"
G2,transformer,ft_pole,0.5,full,96,raw,False,transformer|ft_pole|lam0.5|full|w96,1,A_test,24.8,62.0,30.0,0.9280450287903064,0.9270833333333334,0.90501494520093,0.259949132256134,11.48,"{""camera_dead|large"": 1.0, ""camera_dead|medium"": 1.0, ""camera_dead|small"": 1.0, ""drift|large"": 1.0, ""drift|medium"": 1.0, ""drift|small"": 1.0, ""dropout|large"": 1.0, ""dropout|medium"": 1.0, ""dropout|small"": 1.0, ""lamp_off_night|large"": 1.0, ""lamp_off_night|medium"": 1.0, ""lamp_off_night|small"": 0.5, ""lamp_on_day|large"": 1.0, ""lamp_on_day|medium"": 1.0, ""lamp_on_day|small"": 0.25, ""level_shift|large"": 1.0, ""level_shift|medium"": 1.0, ""level_shift|small"": 1.0, ""signage_stuck|large"": 1.0, ""signage_stuck|medium"": 1.0, ""signage_stuck|small"": 0.5, ""spike|large"": 1.0, ""spike|medium"": 1.0, ""spike|small"": 1.0}"
G2,transformer,ft_pole,0.5,full,96,raw,False,transformer|ft_pole|lam0.5|full|w96,1,B_val,24.8,62.0,30.0,0.6936661955224865,0.5277777777777778,0.1679160419790105,0.0262708244340025,5.0,"{""drift|large"": 1.0, ""drift|medium"": 0.5, ""drift|small"": 0.5, ""dropout|large"": 1.0, ""dropout|medium"": 1.0, ""dropout|small"": 1.0, ""lamp_off_night|large"": 0.0, ""lamp_off_night|medium"": 0.0, ""lamp_off_night|small"": 0.0, ""lamp_on_day|large"": 0.0, ""lamp_on_day|medium"": 0.5, ""lamp_on_day|small"": 0.0, ""level_shift|large"": 1.0, ""level_shift|medium"": 0.0, ""level_shift|small"": 0.0, ""spike|large"": 1.0, ""spike|medium"": 1.0, ""spike|small"": 1.0}"
G2,transformer,ft_pole,0.5,full,96,raw,False,transformer|ft_pole|lam0.5|full|w96,1,B_test,24.8,62.0,30.0,0.7673072341214412,0.5833333333333334,0.1657381615598885,0.0206426991630166,5.488636363636363,"{""drift|large"": 1.0, ""drift|medium"": 1.0, ""drift|small"": 1.0, ""dropout|large"": 1.0, ""dropout|medium"": 1.0, ""dropout|small"": 0.5, ""lamp_off_night|large"": 0.25, ""lamp_off_night|medium"": 0.0, ""lamp_off_night|small"": 0.0, ""lamp_on_day|large"": 0.25, ""lamp_on_day|medium"": 0.25, ""lamp_on_day|small"": 0.25, ""level_shift|large"": 1.0, ""level_shift|medium"": 0.25, ""level_shift|small"": 0.5, ""spike|large"": 1.0, ""spike|medium"": 1.0, ""spike|small"": 0.25}"
G2,transformer,joint,0.5,full,96,raw,False,transformer|joint|lam0.5|full|w96,1,A_val,151.5,46.0,,0.9636605122181844,0.9166666666666666,0.9341479972844536,0.201242971293282,8.388429752066116,"{""camera_dead|large"": 1.0, ""camera_dead|medium"": 1.0, ""camera_dead|small"": 1.0, ""drift|large"": 1.0, ""drift|medium"": 1.0, ""drift|small"": 1.0, ""dropout|large"": 1.0, ""dropout|medium"": 1.0, ""dropout|small"": 1.0, ""lamp_off_night|large"": 1.0, ""lamp_off_night|medium"": 1.0, ""lamp_off_night|small"": 0.5, ""lamp_on_day|large"": 1.0, ""lamp_on_day|medium"": 1.0, ""lamp_on_day|small"": 0.0, ""level_shift|large"": 1.0, ""level_shift|medium"": 1.0, ""level_shift|small"": 1.0, ""signage_stuck|large"": 1.0, ""signage_stuck|medium"": 1.0, ""signage_stuck|small"": 0.5, ""spike|large"": 1.0, ""spike|medium"": 1.0, ""spike|small"": 1.0}"
G2,transformer,joint,0.5,full,96,raw,False,transformer|joint|lam0.5|full|w96,1,A_test,151.5,46.0,,0.92889966492301,0.9375,0.9093324476917968,0.2666068222621185,11.32,"{""camera_dead|large"": 1.0, ""camera_dead|medium"": 1.0, ""camera_dead|small"": 1.0, ""drift|large"": 1.0, ""drift|medium"": 1.0, ""drift|small"": 1.0, ""dropout|large"": 1.0, ""dropout|medium"": 1.0, ""dropout|small"": 1.0, ""lamp_off_night|large"": 1.0, ""lamp_off_night|medium"": 1.0, ""lamp_off_night|small"": 0.75, ""lamp_on_day|large"": 1.0, ""lamp_on_day|medium"": 1.0, ""lamp_on_day|small"": 0.25, ""level_shift|large"": 1.0, ""level_shift|medium"": 1.0, ""level_shift|small"": 1.0, ""signage_stuck|large"": 1.0, ""signage_stuck|medium"": 1.0, ""signage_stuck|small"": 0.5, ""spike|large"": 1.0, ""spike|medium"": 1.0, ""spike|small"": 1.0}"
G2,transformer,joint,0.5,full,96,raw,False,transformer|joint|lam0.5|full|w96,1,B_val,151.5,46.0,,0.645142614510771,0.5277777777777778,0.1686656671664168,0.0234942332336608,4.888888888888889,"{""drift|large"": 1.0, ""drift|medium"": 0.5, ""drift|small"": 0.5, ""dropout|large"": 1.0, ""dropout|medium"": 1.0, ""dropout|small"": 1.0, ""lamp_off_night|large"": 0.0, ""lamp_off_night|medium"": 0.0, ""lamp_off_night|small"": 0.0, ""lamp_on_day|large"": 0.0, ""lamp_on_day|medium"": 0.5, ""lamp_on_day|small"": 0.0, ""level_shift|large"": 1.0, ""level_shift|medium"": 0.0, ""level_shift|small"": 0.5, ""spike|large"": 1.0, ""spike|medium"": 1.0, ""spike|small"": 0.5}"
G2,transformer,joint,0.5,full,96,raw,False,transformer|joint|lam0.5|full|w96,1,B_test,151.5,46.0,,0.7424413044363248,0.5694444444444444,0.138811513463324,0.0219870766295155,5.674242424242424,"{""drift|large"": 1.0, ""drift|medium"": 1.0, ""drift|small"": 1.0, ""dropout|large"": 1.0, ""dropout|medium"": 1.0, ""dropout|small"": 0.5, ""lamp_off_night|large"": 0.25, ""lamp_off_night|medium"": 0.0, ""lamp_off_night|small"": 0.0, ""lamp_on_day|large"": 0.0, ""lamp_on_day|medium"": 0.25, ""lamp_on_day|small"": 0.0, ""level_shift|large"": 0.75, ""level_shift|medium"": 0.5, ""level_shift|small"": 0.5, ""spike|large"": 1.0, ""spike|medium"": 1.0, ""spike|small"": 0.5}"
G2,transformer,no_update,0.5,full,96,raw,False,transformer|no_update|lam0.5|full|w96,1,A_val,1.5,62.0,,0.9642611095607286,0.8958333333333334,0.9327902240325866,0.1926605504587156,9.487603305785123,"{""camera_dead|large"": 1.0, ""camera_dead|medium"": 1.0, ""camera_dead|small"": 1.0, ""drift|large"": 1.0, ""drift|medium"": 1.0, ""drift|small"": 1.0, ""dropout|large"": 1.0, ""dropout|medium"": 1.0, ""dropout|small"": 1.0, ""lamp_off_night|large"": 1.0, ""lamp_off_night|medium"": 1.0, ""lamp_off_night|small"": 0.5, ""lamp_on_day|large"": 1.0, ""lamp_on_day|medium"": 1.0, ""lamp_on_day|small"": 0.0, ""level_shift|large"": 1.0, ""level_shift|medium"": 1.0, ""level_shift|small"": 1.0, ""signage_stuck|large"": 1.0, ""signage_stuck|medium"": 1.0, ""signage_stuck|small"": 0.0, ""spike|large"": 1.0, ""spike|medium"": 1.0, ""spike|small"": 1.0}"
G2,transformer,no_update,0.5,full,96,raw,False,transformer|no_update|lam0.5|full|w96,1,A_test,1.5,62.0,,0.9275011423305054,0.9479166666666666,0.9086682165393556,0.2597247157390784,11.6,"{""camera_dead|large"": 1.0, ""camera_dead|medium"": 1.0, ""camera_dead|small"": 1.0, ""drift|large"": 1.0, ""drift|medium"": 1.0, ""drift|small"": 1.0, ""dropout|large"": 1.0, ""dropout|medium"": 1.0, ""dropout|small"": 1.0, ""lamp_off_night|large"": 1.0, ""lamp_off_night|medium"": 1.0, ""lamp_off_night|small"": 0.75, ""lamp_on_day|large"": 1.0, ""lamp_on_day|medium"": 1.0, ""lamp_on_day|small"": 0.5, ""level_shift|large"": 1.0, ""level_shift|medium"": 1.0, ""level_shift|small"": 1.0, ""signage_stuck|large"": 1.0, ""signage_stuck|medium"": 1.0, ""signage_stuck|small"": 0.5, ""spike|large"": 1.0, ""spike|medium"": 1.0, ""spike|small"": 1.0}"
G2,transformer,no_update,0.5,full,96,raw,False,transformer|no_update|lam0.5|full|w96,1,B_val,1.5,62.0,,0.5647622045448869,0.5277777777777778,0.1821589205397301,0.0115335326783425,4.0,"{""drift|large"": 1.0, ""drift|medium"": 1.0, ""drift|small"": 0.5, ""dropout|large"": 1.0, ""dropout|medium"": 1.0, ""dropout|small"": 0.0, ""lamp_off_night|large"": 0.0, ""lamp_off_night|medium"": 0.5, ""lamp_off_night|small"": 0.0, ""lamp_on_day|large"": 0.0, ""lamp_on_day|medium"": 0.5, ""lamp_on_day|small"": 0.0, ""level_shift|large"": 1.0, ""level_shift|medium"": 1.0, ""level_shift|small"": 0.0, ""spike|large"": 1.0, ""spike|medium"": 0.5, ""spike|small"": 0.5}"
G2,transformer,no_update,0.5,full,96,raw,False,transformer|no_update|lam0.5|full|w96,1,B_test,1.5,62.0,,0.6420446110081429,0.4027777777777778,0.1118848653667595,0.0079795307688971,2.571969696969697,"{""drift|large"": 0.75, ""drift|medium"": 0.75, ""drift|small"": 0.75, ""dropout|large"": 0.75, ""dropout|medium"": 0.25, ""dropout|small"": 0.25, ""lamp_off_night|large"": 0.25, ""lamp_off_night|medium"": 0.25, ""lamp_off_night|small"": 0.25, ""lamp_on_day|large"": 0.0, ""lamp_on_day|medium"": 0.25, ""lamp_on_day|small"": 0.0, ""level_shift|large"": 0.75, ""level_shift|medium"": 0.25, ""level_shift|small"": 0.75, ""spike|large"": 0.75, ""spike|medium"": 0.25, ""spike|small"": 0.0}"
G2,transformer,b_only,0.5,full,96,raw,False,transformer|b_only|lam0.5|full|w96,2,B_val,67.9,80.0,,0.6655483663550541,0.5277777777777778,0.1544227886056971,0.0217855617257582,3.7777777777777777,"{""drift|large"": 1.0, ""drift|medium"": 0.5, ""drift|small"": 0.5, ""dropout|large"": 1.0, ""dropout|medium"": 1.0, ""dropout|small"": 1.0, ""lamp_off_night|large"": 0.0, ""lamp_off_night|medium"": 0.0, ""lamp_off_night|small"": 0.0, ""lamp_on_day|large"": 0.0, ""lamp_on_day|medium"": 0.5, ""lamp_on_day|small"": 0.0, ""level_shift|large"": 1.0, ""level_shift|medium"": 0.0, ""level_shift|small"": 0.0, ""spike|large"": 1.0, ""spike|medium"": 1.0, ""spike|small"": 1.0}"
G2,transformer,b_only,0.5,full,96,raw,False,transformer|b_only|lam0.5|full|w96,2,B_test,67.9,80.0,,0.7301358233167408,0.4583333333333333,0.1049210770659238,0.0163927316882778,4.083333333333333,"{""drift|large"": 1.0, ""drift|medium"": 0.75, ""drift|small"": 0.75, ""dropout|large"": 1.0, ""dropout|medium"": 1.0, ""dropout|small"": 0.25, ""lamp_off_night|large"": 0.25, ""lamp_off_night|medium"": 0.0, ""lamp_off_night|small"": 0.0, ""lamp_on_day|large"": 0.0, ""lamp_on_day|medium"": 0.25, ""lamp_on_day|small"": 0.25, ""level_shift|large"": 0.5, ""level_shift|medium"": 0.25, ""level_shift|small"": 0.5, ""spike|large"": 1.0, ""spike|medium"": 0.5, ""spike|small"": 0.0}"
G2,transformer,ft_decoder,0.5,full,96,raw,False,transformer|ft_decoder|lam0.5|full|w96,2,A_val,162.5,55.0,32.0,0.9695952953029578,0.8958333333333334,0.9307535641547862,0.1596132978198678,8.735537190082646,"{""camera_dead|large"": 1.0, ""camera_dead|medium"": 1.0, ""camera_dead|small"": 1.0, ""drift|large"": 1.0, ""drift|medium"": 1.0, ""drift|small"": 1.0, ""dropout|large"": 1.0, ""dropout|medium"": 1.0, ""dropout|small"": 1.0, ""lamp_off_night|large"": 1.0, ""lamp_off_night|medium"": 1.0, ""lamp_off_night|small"": 0.0, ""lamp_on_day|large"": 1.0, ""lamp_on_day|medium"": 1.0, ""lamp_on_day|small"": 0.5, ""level_shift|large"": 1.0, ""level_shift|medium"": 1.0, ""level_shift|small"": 1.0, ""signage_stuck|large"": 1.0, ""signage_stuck|medium"": 1.0, ""signage_stuck|small"": 0.0, ""spike|large"": 1.0, ""spike|medium"": 1.0, ""spike|small"": 1.0}"
G2,transformer,ft_decoder,0.5,full,96,raw,False,transformer|ft_decoder|lam0.5|full|w96,2,A_test,162.5,55.0,32.0,0.9390530154643426,0.90625,0.8880770508136832,0.2099790544584081,11.32,"{""camera_dead|large"": 1.0, ""camera_dead|medium"": 1.0, ""camera_dead|small"": 1.0, ""drift|large"": 1.0, ""drift|medium"": 1.0, ""drift|small"": 1.0, ""dropout|large"": 1.0, ""dropout|medium"": 1.0, ""dropout|small"": 1.0, ""lamp_off_night|large"": 1.0, ""lamp_off_night|medium"": 1.0, ""lamp_off_night|small"": 0.5, ""lamp_on_day|large"": 1.0, ""lamp_on_day|medium"": 1.0, ""lamp_on_day|small"": 0.0, ""level_shift|large"": 1.0, ""level_shift|medium"": 1.0, ""level_shift|small"": 1.0, ""signage_stuck|large"": 1.0, ""signage_stuck|medium"": 1.0, ""signage_stuck|small"": 0.25, ""spike|large"": 1.0, ""spike|medium"": 1.0, ""spike|small"": 1.0}"
G2,transformer,ft_decoder,0.5,full,96,raw,False,transformer|ft_decoder|lam0.5|full|w96,2,B_val,162.5,55.0,32.0,0.6719747772418788,0.5555555555555556,0.1596701649175412,0.0228534814181973,4.0,"{""drift|large"": 1.0, ""drift|medium"": 0.5, ""drift|small"": 1.0, ""dropout|large"": 1.0, ""dropout|medium"": 1.0, ""dropout|small"": 1.0, ""lamp_off_night|large"": 0.0, ""lamp_off_night|medium"": 0.0, ""lamp_off_night|small"": 0.0, ""lamp_on_day|large"": 0.0, ""lamp_on_day|medium"": 0.5, ""lamp_on_day|small"": 0.0, ""level_shift|large"": 1.0, ""level_shift|medium"": 0.0, ""level_shift|small"": 0.0, ""spike|large"": 1.0, ""spike|medium"": 1.0, ""spike|small"": 1.0}"
G2,transformer,ft_decoder,0.5,full,96,raw,False,transformer|ft_decoder|lam0.5|full|w96,2,B_test,162.5,55.0,32.0,0.7343049356696437,0.4861111111111111,0.1402042711234911,0.0238518582765948,5.6477272727272725,"{""drift|large"": 1.0, ""drift|medium"": 1.0, ""drift|small"": 0.5, ""dropout|large"": 1.0, ""dropout|medium"": 1.0, ""dropout|small"": 0.25, ""lamp_off_night|large"": 0.25, ""lamp_off_night|medium"": 0.0, ""lamp_off_night|small"": 0.0, ""lamp_on_day|large"": 0.0, ""lamp_on_day|medium"": 0.25, ""lamp_on_day|small"": 0.0, ""level_shift|large"": 0.75, ""level_shift|medium"": 0.25, ""level_shift|small"": 0.5, ""spike|large"": 1.0, ""spike|medium"": 0.75, ""spike|small"": 0.25}"
G2,transformer,ft_pole,0.5,full,96,raw,False,transformer|ft_pole|lam0.5|full|w96,2,A_val,39.7,55.0,40.0,0.9707656832554894,0.8958333333333334,0.9314324507807196,0.1618822136726842,9.024793388429751,"{""camera_dead|large"": 1.0, ""camera_dead|medium"": 1.0, ""camera_dead|small"": 1.0, ""drift|large"": 1.0, ""drift|medium"": 1.0, ""drift|small"": 1.0, ""dropout|large"": 1.0, ""dropout|medium"": 1.0, ""dropout|small"": 1.0, ""lamp_off_night|large"": 1.0, ""lamp_off_night|medium"": 1.0, ""lamp_off_night|small"": 0.0, ""lamp_on_day|large"": 1.0, ""lamp_on_day|medium"": 1.0, ""lamp_on_day|small"": 0.5, ""level_shift|large"": 1.0, ""level_shift|medium"": 1.0, ""level_shift|small"": 1.0, ""signage_stuck|large"": 1.0, ""signage_stuck|medium"": 1.0, ""signage_stuck|small"": 0.0, ""spike|large"": 1.0, ""spike|medium"": 1.0, ""spike|small"": 1.0}"
G2,transformer,ft_pole,0.5,full,96,raw,False,transformer|ft_pole|lam0.5|full|w96,2,A_test,39.7,55.0,40.0,0.9399869041919108,0.9166666666666666,0.8907339754234473,0.2194793536804308,12.56,"{""camera_dead|large"": 1.0, ""camera_dead|medium"": 1.0, ""camera_dead|small"": 1.0, ""drift|large"": 1.0, ""drift|medium"": 1.0, ""drift|small"": 1.0, ""dropout|large"": 1.0, ""dropout|medium"": 1.0, ""dropout|small"": 1.0, ""lamp_off_night|large"": 1.0, ""lamp_off_night|medium"": 1.0, ""lamp_off_night|small"": 0.5, ""lamp_on_day|large"": 1.0, ""lamp_on_day|medium"": 1.0, ""lamp_on_day|small"": 0.0, ""level_shift|large"": 1.0, ""level_shift|medium"": 1.0, ""level_shift|small"": 1.0, ""signage_stuck|large"": 1.0, ""signage_stuck|medium"": 1.0, ""signage_stuck|small"": 0.5, ""spike|large"": 1.0, ""spike|medium"": 1.0, ""spike|small"": 1.0}"
G2,transformer,ft_pole,0.5,full,96,raw,False,transformer|ft_pole|lam0.5|full|w96,2,B_val,39.7,55.0,40.0,0.6781579842287314,0.5277777777777778,0.1604197901049475,0.0279794959419051,4.0,"{""drift|large"": 1.0, ""drift|medium"": 0.5, ""drift|small"": 1.0, ""dropout|large"": 1.0, ""dropout|medium"": 1.0, ""dropout|small"": 1.0, ""lamp_off_night|large"": 0.0, ""lamp_off_night|medium"": 0.0, ""lamp_off_night|small"": 0.0, ""lamp_on_day|large"": 0.0, ""lamp_on_day|medium"": 0.5, ""lamp_on_day|small"": 0.0, ""level_shift|large"": 1.0, ""level_shift|medium"": 0.0, ""level_shift|small"": 0.0, ""spike|large"": 1.0, ""spike|medium"": 1.0, ""spike|small"": 0.5}"
G2,transformer,ft_pole,0.5,full,96,raw,False,transformer|ft_pole|lam0.5|full|w96,2,B_test,39.7,55.0,40.0,0.7213361747788152,0.5694444444444444,0.1443825441039925,0.0190814866212758,5.037878787878788,"{""drift|large"": 1.0, ""drift|medium"": 1.0, ""drift|small"": 0.75, ""dropout|large"": 1.0, ""dropout|medium"": 1.0, ""dropout|small"": 0.5, ""lamp_off_night|large"": 0.25, ""lamp_off_night|medium"": 0.0, ""lamp_off_night|small"": 0.0, ""lamp_on_day|large"": 0.0, ""lamp_on_day|medium"": 0.25, ""lamp_on_day|small"": 0.5, ""level_shift|large"": 1.0, ""level_shift|medium"": 0.25, ""level_shift|small"": 0.5, ""spike|large"": 1.0, ""spike|medium"": 1.0, ""spike|small"": 0.25}"
G2,transformer,joint,0.5,full,96,raw,False,transformer|joint|lam0.5|full|w96,2,A_val,301.3,74.0,,0.9774956818671772,0.9375,0.9341479972844536,0.146197099733649,10.297520661157025,"{""camera_dead|large"": 1.0, ""camera_dead|medium"": 1.0, ""camera_dead|small"": 1.0, ""drift|large"": 1.0, ""drift|medium"": 1.0, ""drift|small"": 1.0, ""dropout|large"": 1.0, ""dropout|medium"": 1.0, ""dropout|small"": 1.0, ""lamp_off_night|large"": 1.0, ""lamp_off_night|medium"": 1.0, ""lamp_off_night|small"": 0.5, ""lamp_on_day|large"": 1.0, ""lamp_on_day|medium"": 1.0, ""lamp_on_day|small"": 0.5, ""level_shift|large"": 1.0, ""level_shift|medium"": 1.0, ""level_shift|small"": 1.0, ""signage_stuck|large"": 1.0, ""signage_stuck|medium"": 1.0, ""signage_stuck|small"": 0.5, ""spike|large"": 1.0, ""spike|medium"": 1.0, ""spike|small"": 1.0}"
G2,transformer,joint,0.5,full,96,raw,False,transformer|joint|lam0.5|full|w96,2,A_test,301.3,74.0,,0.944327437139028,0.9479166666666666,0.8884091663899036,0.2052663076002393,12.76,"{""camera_dead|large"": 1.0, ""camera_dead|medium"": 1.0, ""camera_dead|small"": 1.0, ""drift|large"": 1.0, ""drift|medium"": 1.0, ""drift|small"": 1.0, ""dropout|large"": 1.0, ""dropout|medium"": 1.0, ""dropout|small"": 1.0, ""lamp_off_night|large"": 1.0, ""lamp_off_night|medium"": 1.0, ""lamp_off_night|small"": 0.75, ""lamp_on_day|large"": 1.0, ""lamp_on_day|medium"": 1.0, ""lamp_on_day|small"": 0.5, ""level_shift|large"": 1.0, ""level_shift|medium"": 1.0, ""level_shift|small"": 1.0, ""signage_stuck|large"": 1.0, ""signage_stuck|medium"": 1.0, ""signage_stuck|small"": 0.5, ""spike|large"": 1.0, ""spike|medium"": 1.0, ""spike|small"": 1.0}"
G2,transformer,joint,0.5,full,96,raw,False,transformer|joint|lam0.5|full|w96,2,B_val,301.3,74.0,,0.6851249193856724,0.5277777777777778,0.1889055472263868,0.031824006834686,6.222222222222222,"{""drift|large"": 1.0, ""drift|medium"": 1.0, ""drift|small"": 0.5, ""dropout|large"": 1.0, ""dropout|medium"": 1.0, ""dropout|small"": 1.0, ""lamp_off_night|large"": 0.0, ""lamp_off_night|medium"": 0.0, ""lamp_off_night|small"": 0.0, ""lamp_on_day|large"": 0.0, ""lamp_on_day|medium"": 0.5, ""lamp_on_day|small"": 0.0, ""level_shift|large"": 1.0, ""level_shift|medium"": 0.0, ""level_shift|small"": 0.0, ""spike|large"": 1.0, ""spike|medium"": 1.0, ""spike|small"": 0.5}"
G2,transformer,joint,0.5,full,96,raw,False,transformer|joint|lam0.5|full|w96,2,B_test,301.3,74.0,,0.724989543797927,0.5555555555555556,0.170844939647168,0.0258467409688191,6.734848484848484,"{""drift|large"": 1.0, ""drift|medium"": 1.0, ""drift|small"": 0.75, ""dropout|large"": 1.0, ""dropout|medium"": 1.0, ""dropout|small"": 0.5, ""lamp_off_night|large"": 0.25, ""lamp_off_night|medium"": 0.0, ""lamp_off_night|small"": 0.0, ""lamp_on_day|large"": 0.0, ""lamp_on_day|medium"": 0.0, ""lamp_on_day|small"": 0.25, ""level_shift|large"": 1.0, ""level_shift|medium"": 0.5, ""level_shift|small"": 0.5, ""spike|large"": 1.0, ""spike|medium"": 1.0, ""spike|small"": 0.25}"
G2,transformer,no_update,0.5,full,96,raw,False,transformer|no_update|lam0.5|full|w96,2,A_val,1.9,55.0,,0.9713469929046068,0.9166666666666666,0.93346911065852,0.16454572358686,9.31404958677686,"{""camera_dead|large"": 1.0, ""camera_dead|medium"": 1.0, ""camera_dead|small"": 1.0, ""drift|large"": 1.0, ""drift|medium"": 1.0, ""drift|small"": 1.0, ""dropout|large"": 1.0, ""dropout|medium"": 1.0, ""dropout|small"": 1.0, ""lamp_off_night|large"": 1.0, ""lamp_off_night|medium"": 1.0, ""lamp_off_night|small"": 0.5, ""lamp_on_day|large"": 1.0, ""lamp_on_day|medium"": 1.0, ""lamp_on_day|small"": 0.0, ""level_shift|large"": 1.0, ""level_shift|medium"": 1.0, ""level_shift|small"": 1.0, ""signage_stuck|large"": 1.0, ""signage_stuck|medium"": 1.0, ""signage_stuck|small"": 0.5, ""spike|large"": 1.0, ""spike|medium"": 1.0, ""spike|small"": 1.0}"
G2,transformer,no_update,0.5,full,96,raw,False,transformer|no_update|lam0.5|full|w96,2,A_test,1.9,55.0,,0.939369379897885,0.9270833333333334,0.8907339754234473,0.2184320766008378,13.2,"{""camera_dead|large"": 1.0, ""camera_dead|medium"": 1.0, ""camera_dead|small"": 1.0, ""drift|large"": 1.0, ""drift|medium"": 1.0, ""drift|small"": 1.0, ""dropout|large"": 1.0, ""dropout|medium"": 1.0, ""dropout|small"": 1.0, ""lamp_off_night|large"": 1.0, ""lamp_off_night|medium"": 1.0, ""lamp_off_night|small"": 0.75, ""lamp_on_day|large"": 1.0, ""lamp_on_day|medium"": 1.0, ""lamp_on_day|small"": 0.0, ""level_shift|large"": 1.0, ""level_shift|medium"": 1.0, ""level_shift|small"": 1.0, ""signage_stuck|large"": 1.0, ""signage_stuck|medium"": 1.0, ""signage_stuck|small"": 0.5, ""spike|large"": 1.0, ""spike|medium"": 1.0, ""spike|small"": 1.0}"
G2,transformer,no_update,0.5,full,96,raw,False,transformer|no_update|lam0.5|full|w96,2,B_val,1.9,55.0,,0.6038160437081759,0.4444444444444444,0.156671664167916,0.0128150363092695,3.7777777777777777,"{""drift|large"": 1.0, ""drift|medium"": 1.0, ""drift|small"": 0.0, ""dropout|large"": 1.0, ""dropout|medium"": 1.0, ""dropout|small"": 0.0, ""lamp_off_night|large"": 0.0, ""lamp_off_night|medium"": 0.5, ""lamp_off_night|small"": 0.0, ""lamp_on_day|large"": 0.0, ""lamp_on_day|medium"": 0.5, ""lamp_on_day|small"": 0.0, ""level_shift|large"": 0.5, ""level_shift|medium"": 1.0, ""level_shift|small"": 0.0, ""spike|large"": 1.0, ""spike|medium"": 0.5, ""spike|small"": 0.0}"
G2,transformer,no_update,0.5,full,96,raw,False,transformer|no_update|lam0.5|full|w96,2,B_test,1.9,55.0,,0.6209182709744246,0.3611111111111111,0.0728876508820798,0.0044668025499804,1.9356060606060608,"{""drift|large"": 0.75, ""drift|medium"": 0.5, ""drift|small"": 0.75, ""dropout|large"": 0.5, ""dropout|medium"": 0.25, ""dropout|small"": 0.25, ""lamp_off_night|large"": 0.25, ""lamp_off_night|medium"": 0.25, ""lamp_off_night|small"": 0.25, ""lamp_on_day|large"": 0.0, ""lamp_on_day|medium"": 0.5, ""lamp_on_day|small"": 0.0, ""level_shift|large"": 0.75, ""level_shift|medium"": 0.0, ""level_shift|small"": 0.75, ""spike|large"": 0.5, ""spike|medium"": 0.25, ""spike|small"": 0.0}"
G5,transformer,ft_pole,0.5,full,192,raw,False,transformer|ft_pole|lam0.5|full|w192,0,A_val,395.0,79.0,11.0,0.9642744368211176,0.875,0.9307535641547862,0.2159416000789188,13.363636363636363,"{""camera_dead|large"": 1.0, ""camera_dead|medium"": 1.0, ""camera_dead|small"": 1.0, ""drift|large"": 1.0, ""drift|medium"": 1.0, ""drift|small"": 1.0, ""dropout|large"": 1.0, ""dropout|medium"": 1.0, ""dropout|small"": 1.0, ""lamp_off_night|large"": 1.0, ""lamp_off_night|medium"": 1.0, ""lamp_off_night|small"": 0.0, ""lamp_on_day|large"": 1.0, ""lamp_on_day|medium"": 1.0, ""lamp_on_day|small"": 0.0, ""level_shift|large"": 1.0, ""level_shift|medium"": 1.0, ""level_shift|small"": 1.0, ""signage_stuck|large"": 1.0, ""signage_stuck|medium"": 1.0, ""signage_stuck|small"": 0.0, ""spike|large"": 1.0, ""spike|medium"": 1.0, ""spike|small"": 1.0}"
G5,transformer,ft_pole,0.5,full,192,raw,False,transformer|ft_pole|lam0.5|full|w192,0,A_test,395.0,79.0,11.0,0.932661753303914,0.9270833333333334,0.9269345732314844,0.3168013165769001,14.2,"{""camera_dead|large"": 1.0, ""camera_dead|medium"": 1.0, ""camera_dead|small"": 1.0, ""drift|large"": 1.0, ""drift|medium"": 1.0, ""drift|small"": 1.0, ""dropout|large"": 1.0, ""dropout|medium"": 1.0, ""dropout|small"": 1.0, ""lamp_off_night|large"": 1.0, ""lamp_off_night|medium"": 1.0, ""lamp_off_night|small"": 0.75, ""lamp_on_day|large"": 1.0, ""lamp_on_day|medium"": 1.0, ""lamp_on_day|small"": 0.0, ""level_shift|large"": 1.0, ""level_shift|medium"": 1.0, ""level_shift|small"": 1.0, ""signage_stuck|large"": 1.0, ""signage_stuck|medium"": 1.0, ""signage_stuck|small"": 0.5, ""spike|large"": 1.0, ""spike|medium"": 1.0, ""spike|small"": 1.0}"
G5,transformer,ft_pole,0.5,full,192,raw,False,transformer|ft_pole|lam0.5|full|w192,0,B_val,395.0,79.0,11.0,0.7063926921631025,0.4722222222222222,0.1244377811094452,0.0168731311405382,2.7777777777777777,"{""drift|large"": 1.0, ""drift|medium"": 0.5, ""drift|small"": 0.0, ""dropout|large"": 1.0, ""dropout|medium"": 1.0, ""dropout|small"": 1.0, ""lamp_off_night|large"": 0.0, ""lamp_off_night|medium"": 0.0, ""lamp_off_night|small"": 0.0, ""lamp_on_day|large"": 0.0, ""lamp_on_day|medium"": 0.5, ""lamp_on_day|small"": 0.0, ""level_shift|large"": 1.0, ""level_shift|medium"": 0.0, ""level_shift|small"": 0.0, ""spike|large"": 1.0, ""spike|medium"": 1.0, ""spike|small"": 0.5}"
G5,transformer,ft_pole,0.5,full,192,raw,False,transformer|ft_pole|lam0.5|full|w192,0,B_test,395.0,79.0,11.0,0.7209530088796078,0.4444444444444444,0.1086350974930362,0.0126631683941194,2.227272727272727,"{""drift|large"": 1.0, ""drift|medium"": 1.0, ""drift|small"": 0.5, ""dropout|large"": 0.75, ""dropout|medium"": 1.0, ""dropout|small"": 0.25, ""lamp_off_night|large"": 0.25, ""lamp_off_night|medium"": 0.0, ""lamp_off_night|small"": 0.0, ""lamp_on_day|large"": 0.0, ""lamp_on_day|medium"": 0.25, ""lamp_on_day|small"": 0.25, ""level_shift|large"": 0.75, ""level_shift|medium"": 0.25, ""level_shift|small"": 0.5, ""spike|large"": 1.0, ""spike|medium"": 0.25, ""spike|small"": 0.0}"
G5,transformer,ft_pole,0.5,full,192,raw,False,transformer|ft_pole|lam0.5|full|w192,1,A_val,352.1,58.0,37.0,0.9665240649805072,0.875,0.9280380176510524,0.1966064910723093,13.53719008264463,"{""camera_dead|large"": 1.0, ""camera_dead|medium"": 1.0, ""camera_dead|small"": 1.0, ""drift|large"": 1.0, ""drift|medium"": 1.0, ""drift|small"": 1.0, ""dropout|large"": 1.0, ""dropout|medium"": 1.0, ""dropout|small"": 1.0, ""lamp_off_night|large"": 1.0, ""lamp_off_night|medium"": 1.0, ""lamp_off_night|small"": 0.0, ""lamp_on_day|large"": 1.0, ""lamp_on_day|medium"": 1.0, ""lamp_on_day|small"": 0.0, ""level_shift|large"": 1.0, ""level_shift|medium"": 1.0, ""level_shift|small"": 1.0, ""signage_stuck|large"": 1.0, ""signage_stuck|medium"": 1.0, ""signage_stuck|small"": 0.0, ""spike|large"": 1.0, ""spike|medium"": 1.0, ""spike|small"": 1.0}"
G5,transformer,ft_pole,0.5,full,192,raw,False,transformer|ft_pole|lam0.5|full|w192,1,A_test,352.1,58.0,37.0,0.9377401800817708,0.9270833333333334,0.9179674526735304,0.28081986834231,14.8,"{""camera_dead|large"": 1.0, ""camera_dead|medium"": 1.0, ""camera_dead|small"": 1.0, ""drift|large"": 1.0, ""drift|medium"": 1.0, ""drift|small"": 1.0, ""dropout|large"": 1.0, ""dropout|medium"": 1.0, ""dropout|small"": 1.0, ""lamp_off_night|large"": 1.0, ""lamp_off_night|medium"": 1.0, ""lamp_off_night|small"": 0.5, ""lamp_on_day|large"": 1.0, ""lamp_on_day|medium"": 1.0, ""lamp_on_day|small"": 0.25, ""level_shift|large"": 1.0, ""level_shift|medium"": 1.0, ""level_shift|small"": 1.0, ""signage_stuck|large"": 1.0, ""signage_stuck|medium"": 1.0, ""signage_stuck|small"": 0.5, ""spike|large"": 1.0, ""spike|medium"": 1.0, ""spike|small"": 1.0}"
G5,transformer,ft_pole,0.5,full,192,raw,False,transformer|ft_pole|lam0.5|full|w192,1,B_val,352.1,58.0,37.0,0.6920534286466336,0.3888888888888889,0.1041979010494752,0.0149508756941478,2.4444444444444446,"{""drift|large"": 1.0, ""drift|medium"": 0.5, ""drift|small"": 0.0, ""dropout|large"": 1.0, ""dropout|medium"": 1.0, ""dropout|small"": 0.5, ""lamp_off_night|large"": 0.0, ""lamp_off_night|medium"": 0.0, ""lamp_off_night|small"": 0.0, ""lamp_on_day|large"": 0.0, ""lamp_on_day|medium"": 0.5, ""lamp_on_day|small"": 0.0, ""level_shift|large"": 0.5, ""level_shift|medium"": 0.0, ""level_shift|small"": 0.0, ""spike|large"": 1.0, ""spike|medium"": 1.0, ""spike|small"": 0.0}"
G5,transformer,ft_pole,0.5,full,192,raw,False,transformer|ft_pole|lam0.5|full|w192,1,B_test,352.1,58.0,37.0,0.7341184413983378,0.4027777777777778,0.0807799442896936,0.0082397328591873,1.5378787878787878,"{""drift|large"": 1.0, ""drift|medium"": 0.75, ""drift|small"": 0.5, ""dropout|large"": 0.75, ""dropout|medium"": 1.0, ""dropout|small"": 0.25, ""lamp_off_night|large"": 0.25, ""lamp_off_night|medium"": 0.0, ""lamp_off_night|small"": 0.0, ""lamp_on_day|large"": 0.0, ""lamp_on_day|medium"": 0.25, ""lamp_on_day|small"": 0.25, ""level_shift|large"": 0.75, ""level_shift|medium"": 0.0, ""level_shift|small"": 0.5, ""spike|large"": 0.75, ""spike|medium"": 0.25, ""spike|small"": 0.0}"
G5,transformer,ft_pole,0.5,full,192,raw,False,transformer|ft_pole|lam0.5|full|w192,2,A_val,233.5,58.0,13.0,0.9711206973626288,0.875,0.9273591310251188,0.1666173424089967,13.53719008264463,"{""camera_dead|large"": 1.0, ""camera_dead|medium"": 1.0, ""camera_dead|small"": 1.0, ""drift|large"": 1.0, ""drift|medium"": 1.0, ""drift|small"": 1.0, ""dropout|large"": 1.0, ""dropout|medium"": 1.0, ""dropout|small"": 1.0, ""lamp_off_night|large"": 1.0, ""lamp_off_night|medium"": 1.0, ""lamp_off_night|small"": 0.0, ""lamp_on_day|large"": 1.0, ""lamp_on_day|medium"": 1.0, ""lamp_on_day|small"": 0.0, ""level_shift|large"": 1.0, ""level_shift|medium"": 1.0, ""level_shift|small"": 1.0, ""signage_stuck|large"": 1.0, ""signage_stuck|medium"": 1.0, ""signage_stuck|small"": 0.0, ""spike|large"": 1.0, ""spike|medium"": 1.0, ""spike|small"": 1.0}"
G5,transformer,ft_pole,0.5,full,192,raw,False,transformer|ft_pole|lam0.5|full|w192,2,A_test,233.5,58.0,13.0,0.9537346456171774,0.9166666666666666,0.918963799402192,0.2253889886295631,14.92,"{""camera_dead|large"": 1.0, ""camera_dead|medium"": 1.0, ""camera_dead|small"": 1.0, ""drift|large"": 1.0, ""drift|medium"": 1.0, ""drift|small"": 1.0, ""dropout|large"": 1.0, ""dropout|medium"": 1.0, ""dropout|small"": 1.0, ""lamp_off_night|large"": 1.0, ""lamp_off_night|medium"": 1.0, ""lamp_off_night|small"": 0.5, ""lamp_on_day|large"": 1.0, ""lamp_on_day|medium"": 1.0, ""lamp_on_day|small"": 0.0, ""level_shift|large"": 1.0, ""level_shift|medium"": 1.0, ""level_shift|small"": 1.0, ""signage_stuck|large"": 1.0, ""signage_stuck|medium"": 1.0, ""signage_stuck|small"": 0.5, ""spike|large"": 1.0, ""spike|medium"": 1.0, ""spike|small"": 1.0}"
G5,transformer,ft_pole,0.5,full,192,raw,False,transformer|ft_pole|lam0.5|full|w192,2,B_val,233.5,58.0,13.0,0.713019878356422,0.4722222222222222,0.1596701649175412,0.0160187953865869,2.111111111111111,"{""drift|large"": 1.0, ""drift|medium"": 0.5, ""drift|small"": 0.0, ""dropout|large"": 1.0, ""dropout|medium"": 1.0, ""dropout|small"": 1.0, ""lamp_off_night|large"": 0.0, ""lamp_off_night|medium"": 0.0, ""lamp_off_night|small"": 0.0, ""lamp_on_day|large"": 0.0, ""lamp_on_day|medium"": 0.5, ""lamp_on_day|small"": 0.0, ""level_shift|large"": 1.0, ""level_shift|medium"": 0.0, ""level_shift|small"": 0.0, ""spike|large"": 1.0, ""spike|medium"": 1.0, ""spike|small"": 0.5}"
G5,transformer,ft_pole,0.5,full,192,raw,False,transformer|ft_pole|lam0.5|full|w192,2,B_test,233.5,58.0,13.0,0.7207379656633908,0.4444444444444444,0.1165273909006499,0.016652933778568,2.890151515151515,"{""drift|large"": 1.0, ""drift|medium"": 1.0, ""drift|small"": 0.5, ""dropout|large"": 0.75, ""dropout|medium"": 1.0, ""dropout|small"": 0.25, ""lamp_off_night|large"": 0.25, ""lamp_off_night|medium"": 0.0, ""lamp_off_night|small"": 0.0, ""lamp_on_day|large"": 0.0, ""lamp_on_day|medium"": 0.25, ""lamp_on_day|small"": 0.25, ""level_shift|large"": 0.75, ""level_shift|medium"": 0.25, ""level_shift|small"": 0.5, ""spike|large"": 1.0, ""spike|medium"": 0.25, ""spike|small"": 0.0}"
G4,transformer,ft_pole,0.5,no_light,96,raw,False,transformer|ft_pole|lam0.5|no_light|w96,0,A_val,120.6,55.0,19.0,0.9628658994316897,0.9166666666666666,0.9389002036659878,0.2029199960540594,6.884297520661158,"{""camera_dead|large"": 1.0, ""camera_dead|medium"": 1.0, ""camera_dead|small"": 1.0, ""drift|large"": 1.0, ""drift|medium"": 1.0, ""drift|small"": 1.0, ""dropout|large"": 1.0, ""dropout|medium"": 1.0, ""dropout|small"": 1.0, ""lamp_off_night|large"": 1.0, ""lamp_off_night|medium"": 1.0, ""lamp_off_night|small"": 0.0, ""lamp_on_day|large"": 1.0, ""lamp_on_day|medium"": 1.0, ""lamp_on_day|small"": 0.5, ""level_shift|large"": 1.0, ""level_shift|medium"": 1.0, ""level_shift|small"": 1.0, ""signage_stuck|large"": 1.0, ""signage_stuck|medium"": 1.0, ""signage_stuck|small"": 0.5, ""spike|large"": 1.0, ""spike|medium"": 1.0, ""spike|small"": 1.0}"
G4,transformer,ft_pole,0.5,no_light,96,raw,False,transformer|ft_pole|lam0.5|no_light|w96,0,A_test,120.6,55.0,19.0,0.9278191464729068,0.9583333333333334,0.9216207240119562,0.271244763614602,9.72,"{""camera_dead|large"": 1.0, ""camera_dead|medium"": 1.0, ""camera_dead|small"": 1.0, ""drift|large"": 1.0, ""drift|medium"": 1.0, ""drift|small"": 1.0, ""dropout|large"": 1.0, ""dropout|medium"": 1.0, ""dropout|small"": 1.0, ""lamp_off_night|large"": 1.0, ""lamp_off_night|medium"": 1.0, ""lamp_off_night|small"": 0.5, ""lamp_on_day|large"": 1.0, ""lamp_on_day|medium"": 1.0, ""lamp_on_day|small"": 0.75, ""level_shift|large"": 1.0, ""level_shift|medium"": 1.0, ""level_shift|small"": 1.0, ""signage_stuck|large"": 1.0, ""signage_stuck|medium"": 1.0, ""signage_stuck|small"": 0.75, ""spike|large"": 1.0, ""spike|medium"": 1.0, ""spike|small"": 1.0}"
G4,transformer,ft_pole,0.5,no_light,96,raw,False,transformer|ft_pole|lam0.5|no_light|w96,0,B_val,120.6,55.0,19.0,0.7011265832269684,0.5555555555555556,0.164167916041979,0.0245621529260999,4.555555555555555,"{""drift|large"": 1.0, ""drift|medium"": 1.0, ""drift|small"": 0.5, ""dropout|large"": 1.0, ""dropout|medium"": 1.0, ""dropout|small"": 1.0, ""lamp_off_night|large"": 0.0, ""lamp_off_night|medium"": 0.0, ""lamp_off_night|small"": 0.0, ""lamp_on_day|large"": 0.0, ""lamp_on_day|medium"": 0.5, ""lamp_on_day|small"": 0.0, ""level_shift|large"": 1.0, ""level_shift|medium"": 0.0, ""level_shift|small"": 0.0, ""spike|large"": 1.0, ""spike|medium"": 1.0, ""spike|small"": 1.0}"
G4,transformer,ft_pole,0.5,no_light,96,raw,False,transformer|ft_pole|lam0.5|no_light|w96,0,B_test,120.6,55.0,19.0,0.7676936716733623,0.5416666666666666,0.1513463324048282,0.0166095667635196,4.321969696969697,"{""drift|large"": 1.0, ""drift|medium"": 1.0, ""drift|small"": 0.5, ""dropout|large"": 1.0, ""dropout|medium"": 1.0, ""dropout|small"": 0.5, ""lamp_off_night|large"": 0.25, ""lamp_off_night|medium"": 0.0, ""lamp_off_night|small"": 0.0, ""lamp_on_day|large"": 0.0, ""lamp_on_day|medium"": 0.25, ""lamp_on_day|small"": 0.25, ""level_shift|large"": 1.0, ""level_shift|medium"": 0.5, ""level_shift|small"": 0.25, ""spike|large"": 1.0, ""spike|medium"": 1.0, ""spike|small"": 0.25}"
G4,transformer,ft_pole,0.5,no_light,96,raw,False,transformer|ft_pole|lam0.5|no_light|w96,1,A_val,134.9,60.0,27.0,0.9667809998271476,0.9166666666666666,0.9341479972844536,0.1876294761763835,10.239669421487603,"{""camera_dead|large"": 1.0, ""camera_dead|medium"": 1.0, ""camera_dead|small"": 1.0, ""drift|large"": 1.0, ""drift|medium"": 1.0, ""drift|small"": 1.0, ""dropout|large"": 1.0, ""dropout|medium"": 1.0, ""dropout|small"": 1.0, ""lamp_off_night|large"": 1.0, ""lamp_off_night|medium"": 1.0, ""lamp_off_night|small"": 0.0, ""lamp_on_day|large"": 1.0, ""lamp_on_day|medium"": 1.0, ""lamp_on_day|small"": 0.5, ""level_shift|large"": 1.0, ""level_shift|medium"": 1.0, ""level_shift|small"": 1.0, ""signage_stuck|large"": 1.0, ""signage_stuck|medium"": 1.0, ""signage_stuck|small"": 0.5, ""spike|large"": 1.0, ""spike|medium"": 1.0, ""spike|small"": 1.0}"
G4,transformer,ft_pole,0.5,no_light,96,raw,False,transformer|ft_pole|lam0.5|no_light|w96,1,A_test,134.9,60.0,27.0,0.9357127049213724,0.9166666666666666,0.9046828296247094,0.2387791741472172,10.2,"{""camera_dead|large"": 1.0, ""camera_dead|medium"": 1.0, ""camera_dead|small"": 1.0, ""drift|large"": 1.0, ""drift|medium"": 1.0, ""drift|small"": 1.0, ""dropout|large"": 1.0, ""dropout|medium"": 1.0, ""dropout|small"": 1.0, ""lamp_off_night|large"": 1.0, ""lamp_off_night|medium"": 1.0, ""lamp_off_night|small"": 0.5, ""lamp_on_day|large"": 1.0, ""lamp_on_day|medium"": 1.0, ""lamp_on_day|small"": 0.0, ""level_shift|large"": 1.0, ""level_shift|medium"": 1.0, ""level_shift|small"": 1.0, ""signage_stuck|large"": 1.0, ""signage_stuck|medium"": 1.0, ""signage_stuck|small"": 0.5, ""spike|large"": 1.0, ""spike|medium"": 1.0, ""spike|small"": 1.0}"
G4,transformer,ft_pole,0.5,no_light,96,raw,False,transformer|ft_pole|lam0.5|no_light|w96,1,B_val,134.9,60.0,27.0,0.7025952529928969,0.5277777777777778,0.1746626686656671,0.0281930798803929,5.333333333333333,"{""drift|large"": 1.0, ""drift|medium"": 0.5, ""drift|small"": 0.5, ""dropout|large"": 1.0, ""dropout|medium"": 1.0, ""dropout|small"": 1.0, ""lamp_off_night|large"": 0.0, ""lamp_off_night|medium"": 0.0, ""lamp_off_night|small"": 0.0, ""lamp_on_day|large"": 0.0, ""lamp_on_day|medium"": 0.5, ""lamp_on_day|small"": 0.0, ""level_shift|large"": 1.0, ""level_shift|medium"": 0.0, ""level_shift|small"": 0.0, ""spike|large"": 1.0, ""spike|medium"": 1.0, ""spike|small"": 1.0}"
G4,transformer,ft_pole,0.5,no_light,96,raw,False,transformer|ft_pole|lam0.5|no_light|w96,1,B_test,134.9,60.0,27.0,0.7611068985646322,0.5833333333333334,0.1541318477251625,0.0229845179756277,6.2310606060606055,"{""drift|large"": 1.0, ""drift|medium"": 1.0, ""drift|small"": 0.5, ""dropout|large"": 1.0, ""dropout|medium"": 1.0, ""dropout|small"": 0.5, ""lamp_off_night|large"": 0.25, ""lamp_off_night|medium"": 0.0, ""lamp_off_night|small"": 0.0, ""lamp_on_day|large"": 0.25, ""lamp_on_day|medium"": 0.25, ""lamp_on_day|small"": 0.25, ""level_shift|large"": 0.75, ""level_shift|medium"": 0.5, ""level_shift|small"": 0.5, ""spike|large"": 1.0, ""spike|medium"": 1.0, ""spike|small"": 0.75}"
G4,transformer,ft_pole,0.5,no_light,96,raw,False,transformer|ft_pole|lam0.5|no_light|w96,2,A_val,107.7,39.0,32.0,0.9685668192336612,0.9166666666666666,0.9300746775288526,0.1794416494031764,11.801652892561984,"{""camera_dead|large"": 1.0, ""camera_dead|medium"": 1.0, ""camera_dead|small"": 1.0, ""drift|large"": 1.0, ""drift|medium"": 1.0, ""drift|small"": 1.0, ""dropout|large"": 1.0, ""dropout|medium"": 1.0, ""dropout|small"": 1.0, ""lamp_off_night|large"": 1.0, ""lamp_off_night|medium"": 1.0, ""lamp_off_night|small"": 0.0, ""lamp_on_day|large"": 1.0, ""lamp_on_day|medium"": 1.0, ""lamp_on_day|small"": 0.5, ""level_shift|large"": 1.0, ""level_shift|medium"": 1.0, ""level_shift|small"": 1.0, ""signage_stuck|large"": 1.0, ""signage_stuck|medium"": 1.0, ""signage_stuck|small"": 0.5, ""spike|large"": 1.0, ""spike|medium"": 1.0, ""spike|small"": 1.0}"
G4,transformer,ft_pole,0.5,no_light,96,raw,False,transformer|ft_pole|lam0.5|no_light|w96,2,A_test,107.7,39.0,32.0,0.9394985939248092,0.90625,0.8907339754234473,0.234590065828845,11.36,"{""camera_dead|large"": 1.0, ""camera_dead|medium"": 1.0, ""camera_dead|small"": 1.0, ""drift|large"": 1.0, ""drift|medium"": 1.0, ""drift|small"": 1.0, ""dropout|large"": 1.0, ""dropout|medium"": 1.0, ""dropout|small"": 1.0, ""lamp_off_night|large"": 1.0, ""lamp_off_night|medium"": 1.0, ""lamp_off_night|small"": 0.5, ""lamp_on_day|large"": 1.0, ""lamp_on_day|medium"": 1.0, ""lamp_on_day|small"": 0.0, ""level_shift|large"": 1.0, ""level_shift|medium"": 1.0, ""level_shift|small"": 1.0, ""signage_stuck|large"": 1.0, ""signage_stuck|medium"": 1.0, ""signage_stuck|small"": 0.25, ""spike|large"": 1.0, ""spike|medium"": 1.0, ""spike|small"": 1.0}"
G4,transformer,ft_pole,0.5,no_light,96,raw,False,transformer|ft_pole|lam0.5|no_light|w96,2,B_val,107.7,39.0,32.0,0.6787563074507172,0.5277777777777778,0.1634182908545727,0.0313968389577103,5.333333333333333,"{""drift|large"": 1.0, ""drift|medium"": 0.5, ""drift|small"": 0.5, ""dropout|large"": 1.0, ""dropout|medium"": 1.0, ""dropout|small"": 1.0, ""lamp_off_night|large"": 0.0, ""lamp_off_night|medium"": 0.0, ""lamp_off_night|small"": 0.0, ""lamp_on_day|large"": 0.0, ""lamp_on_day|medium"": 0.5, ""lamp_on_day|small"": 0.0, ""level_shift|large"": 1.0, ""level_shift|medium"": 0.0, ""level_shift|small"": 0.0, ""spike|large"": 1.0, ""spike|medium"": 1.0, ""spike|small"": 1.0}"
G4,transformer,ft_pole,0.5,no_light,96,raw,False,transformer|ft_pole|lam0.5|no_light|w96,2,B_test,107.7,39.0,32.0,0.7153684184967689,0.5138888888888888,0.1439182915506035,0.0251528687280454,6.178030303030303,"{""drift|large"": 1.0, ""drift|medium"": 1.0, ""drift|small"": 0.5, ""dropout|large"": 1.0, ""dropout|medium"": 1.0, ""dropout|small"": 0.25, ""lamp_off_night|large"": 0.25, ""lamp_off_night|medium"": 0.0, ""lamp_off_night|small"": 0.0, ""lamp_on_day|large"": 0.0, ""lamp_on_day|medium"": 0.25, ""lamp_on_day|small"": 0.25, ""level_shift|large"": 0.75, ""level_shift|medium"": 0.25, ""level_shift|small"": 0.5, ""spike|large"": 1.0, ""spike|medium"": 1.0, ""spike|small"": 0.25}"
G4,transformer,ft_pole,0.5,none,96,raw,False,transformer|ft_pole|lam0.5|none|w96,0,A_val,161.0,80.0,31.0,0.9597661393960448,0.9375,0.9416157501697217,0.2289632041037782,9.545454545454549,"{""camera_dead|large"": 1.0, ""camera_dead|medium"": 1.0, ""camera_dead|small"": 1.0, ""drift|large"": 1.0, ""drift|medium"": 1.0, ""drift|small"": 1.0, ""dropout|large"": 1.0, ""dropout|medium"": 1.0, ""dropout|small"": 1.0, ""lamp_off_night|large"": 1.0, ""lamp_off_night|medium"": 1.0, ""lamp_off_night|small"": 0.5, ""lamp_on_day|large"": 1.0, ""lamp_on_day|medium"": 1.0, ""lamp_on_day|small"": 0.5, ""level_shift|large"": 1.0, ""level_shift|medium"": 1.0, ""level_shift|small"": 1.0, ""signage_stuck|large"": 1.0, ""signage_stuck|medium"": 1.0, ""signage_stuck|small"": 0.5, ""spike|large"": 1.0, ""spike|medium"": 1.0, ""spike|small"": 1.0}"
G4,transformer,ft_pole,0.5,none,96,raw,False,transformer|ft_pole|lam0.5|none|w96,0,A_test,161.0,80.0,31.0,0.9206610471359652,0.9583333333333334,0.9153105280637662,0.2841113105924596,11.88,"{""camera_dead|large"": 1.0, ""camera_dead|medium"": 1.0, ""camera_dead|small"": 1.0, ""drift|large"": 1.0, ""drift|medium"": 1.0, ""drift|small"": 1.0, ""dropout|large"": 1.0, ""dropout|medium"": 1.0, ""dropout|small"": 1.0, ""lamp_off_night|large"": 1.0, ""lamp_off_night|medium"": 1.0, ""lamp_off_night|small"": 0.75, ""lamp_on_day|large"": 1.0, ""lamp_on_day|medium"": 1.0, ""lamp_on_day|small"": 0.75, ""level_shift|large"": 1.0, ""level_shift|medium"": 1.0, ""level_shift|small"": 1.0, ""signage_stuck|large"": 1.0, ""signage_stuck|medium"": 1.0, ""signage_stuck|small"": 0.5, ""spike|large"": 1.0, ""spike|medium"": 1.0, ""spike|small"": 1.0}"
G4,transformer,ft_pole,0.5,none,96,raw,False,transformer|ft_pole|lam0.5|none|w96,0,B_val,161.0,80.0,31.0,0.7020174235821004,0.5555555555555556,0.2278860569715142,0.0392994446817599,6.222222222222222,"{""drift|large"": 1.0, ""drift|medium"": 1.0, ""drift|small"": 1.0, ""dropout|large"": 1.0, ""dropout|medium"": 1.0, ""dropout|small"": 1.0, ""lamp_off_night|large"": 0.0, ""lamp_off_night|medium"": 0.0, ""lamp_off_night|small"": 0.0, ""lamp_on_day|large"": 0.0, ""lamp_on_day|medium"": 0.5, ""lamp_on_day|small"": 0.0, ""level_shift|large"": 1.0, ""level_shift|medium"": 0.0, ""level_shift|small"": 0.0, ""spike|large"": 1.0, ""spike|medium"": 1.0, ""spike|small"": 0.5}"
G4,transformer,ft_pole,0.5,none,96,raw,False,transformer|ft_pole|lam0.5|none|w96,0,B_test,161.0,80.0,31.0,0.730511107049564,0.5833333333333334,0.181058495821727,0.0254998048484322,6.071969696969697,"{""drift|large"": 1.0, ""drift|medium"": 1.0, ""drift|small"": 0.75, ""dropout|large"": 1.0, ""dropout|medium"": 1.0, ""dropout|small"": 0.5, ""lamp_off_night|large"": 0.25, ""lamp_off_night|medium"": 0.0, ""lamp_off_night|small"": 0.0, ""lamp_on_day|large"": 0.25, ""lamp_on_day|medium"": 0.25, ""lamp_on_day|small"": 0.5, ""level_shift|large"": 0.75, ""level_shift|medium"": 0.5, ""level_shift|small"": 0.5, ""spike|large"": 1.0, ""spike|medium"": 0.5, ""spike|small"": 0.75}"
G4,transformer,ft_pole,0.5,none,96,raw,False,transformer|ft_pole|lam0.5|none|w96,1,A_val,160.4,80.0,35.0,0.9662378302523588,0.9166666666666666,0.940936863543788,0.2199861892078524,12.03305785123967,"{""camera_dead|large"": 1.0, ""camera_dead|medium"": 1.0, ""camera_dead|small"": 1.0, ""drift|large"": 1.0, ""drift|medium"": 1.0, ""drift|small"": 1.0, ""dropout|large"": 1.0, ""dropout|medium"": 1.0, ""dropout|small"": 1.0, ""lamp_off_night|large"": 1.0, ""lamp_off_night|medium"": 1.0, ""lamp_off_night|small"": 0.0, ""lamp_on_day|large"": 1.0, ""lamp_on_day|medium"": 1.0, ""lamp_on_day|small"": 0.5, ""level_shift|large"": 1.0, ""level_shift|medium"": 1.0, ""level_shift|small"": 1.0, ""signage_stuck|large"": 1.0, ""signage_stuck|medium"": 1.0, ""signage_stuck|small"": 0.5, ""spike|large"": 1.0, ""spike|medium"": 1.0, ""spike|small"": 1.0}"
G4,transformer,ft_pole,0.5,none,96,raw,False,transformer|ft_pole|lam0.5|none|w96,1,A_test,160.4,80.0,35.0,0.934648285430978,0.9479166666666666,0.9232813018930588,0.2631657690005984,12.4,"{""camera_dead|large"": 1.0, ""camera_dead|medium"": 1.0, ""camera_dead|small"": 1.0, ""drift|large"": 1.0, ""drift|medium"": 1.0, ""drift|small"": 1.0, ""dropout|large"": 1.0, ""dropout|medium"": 1.0, ""dropout|small"": 1.0, ""lamp_off_night|large"": 1.0, ""lamp_off_night|medium"": 1.0, ""lamp_off_night|small"": 0.5, ""lamp_on_day|large"": 1.0, ""lamp_on_day|medium"": 1.0, ""lamp_on_day|small"": 0.75, ""level_shift|large"": 1.0, ""level_shift|medium"": 1.0, ""level_shift|small"": 1.0, ""signage_stuck|large"": 1.0, ""signage_stuck|medium"": 1.0, ""signage_stuck|small"": 0.5, ""spike|large"": 1.0, ""spike|medium"": 1.0, ""spike|small"": 1.0}"
G4,transformer,ft_pole,0.5,none,96,raw,False,transformer|ft_pole|lam0.5|none|w96,1,B_val,160.4,80.0,35.0,0.6688244141491834,0.5555555555555556,0.2413793103448276,0.0435711234515164,5.555555555555555,"{""drift|large"": 1.0, ""drift|medium"": 1.0, ""drift|small"": 1.0, ""dropout|large"": 1.0, ""dropout|medium"": 1.0, ""dropout|small"": 1.0, ""lamp_off_night|large"": 0.0, ""lamp_off_night|medium"": 0.0, ""lamp_off_night|small"": 0.0, ""lamp_on_day|large"": 0.0, ""lamp_on_day|medium"": 0.5, ""lamp_on_day|small"": 0.0, ""level_shift|large"": 1.0, ""level_shift|medium"": 0.0, ""level_shift|small"": 0.0, ""spike|large"": 1.0, ""spike|medium"": 1.0, ""spike|small"": 0.5}"
G4,transformer,ft_pole,0.5,none,96,raw,False,transformer|ft_pole|lam0.5|none|w96,1,B_test,160.4,80.0,35.0,0.7163534476958163,0.6111111111111112,0.1847725162488393,0.026323778134351,6.5227272727272725,"{""drift|large"": 1.0, ""drift|medium"": 1.0, ""drift|small"": 1.0, ""dropout|large"": 1.0, ""dropout|medium"": 1.0, ""dropout|small"": 0.5, ""lamp_off_night|large"": 0.25, ""lamp_off_night|medium"": 0.0, ""lamp_off_night|small"": 0.0, ""lamp_on_day|large"": 0.25, ""lamp_on_day|medium"": 0.25, ""lamp_on_day|small"": 0.5, ""level_shift|large"": 0.75, ""level_shift|medium"": 0.5, ""level_shift|small"": 0.5, ""spike|large"": 1.0, ""spike|medium"": 0.75, ""spike|small"": 0.75}"
G4,transformer,ft_pole,0.5,none,96,raw,False,transformer|ft_pole|lam0.5|none|w96,2,A_val,139.0,64.0,38.0,0.9634652243222368,0.9375,0.9368635437881874,0.2150537634408602,10.239669421487603,"{""camera_dead|large"": 1.0, ""camera_dead|medium"": 1.0, ""camera_dead|small"": 1.0, ""drift|large"": 1.0, ""drift|medium"": 1.0, ""drift|small"": 1.0, ""dropout|large"": 1.0, ""dropout|medium"": 1.0, ""dropout|small"": 1.0, ""lamp_off_night|large"": 1.0, ""lamp_off_night|medium"": 1.0, ""lamp_off_night|small"": 0.5, ""lamp_on_day|large"": 1.0, ""lamp_on_day|medium"": 1.0, ""lamp_on_day|small"": 0.5, ""level_shift|large"": 1.0, ""level_shift|medium"": 1.0, ""level_shift|small"": 1.0, ""signage_stuck|large"": 1.0, ""signage_stuck|medium"": 1.0, ""signage_stuck|small"": 0.5, ""spike|large"": 1.0, ""spike|medium"": 1.0, ""spike|small"": 1.0}"
G4,transformer,ft_pole,0.5,none,96,raw,False,transformer|ft_pole|lam0.5|none|w96,2,A_test,139.0,64.0,38.0,0.9285927909255928,0.9479166666666666,0.9083361009631352,0.258901855176541,12.16,"{""camera_dead|large"": 1.0, ""camera_dead|medium"": 1.0, ""camera_dead|small"": 1.0, ""drift|large"": 1.0, ""drift|medium"": 1.0, ""drift|small"": 1.0, ""dropout|large"": 1.0, ""dropout|medium"": 1.0, ""dropout|small"": 1.0, ""lamp_off_night|large"": 1.0, ""lamp_off_night|medium"": 1.0, ""lamp_off_night|small"": 0.5, ""lamp_on_day|large"": 1.0, ""lamp_on_day|medium"": 1.0, ""lamp_on_day|small"": 0.75, ""level_shift|large"": 1.0, ""level_shift|medium"": 1.0, ""level_shift|small"": 1.0, ""signage_stuck|large"": 1.0, ""signage_stuck|medium"": 1.0, ""signage_stuck|small"": 0.5, ""spike|large"": 1.0, ""spike|medium"": 1.0, ""spike|small"": 1.0}"
G4,transformer,ft_pole,0.5,none,96,raw,False,transformer|ft_pole|lam0.5|none|w96,2,B_val,139.0,64.0,38.0,0.6360089391442681,0.5277777777777778,0.239880059970015,0.0375907731738573,5.666666666666667,"{""drift|large"": 1.0, ""drift|medium"": 1.0, ""drift|small"": 0.5, ""dropout|large"": 1.0, ""dropout|medium"": 1.0, ""dropout|small"": 1.0, ""lamp_off_night|large"": 0.0, ""lamp_off_night|medium"": 0.0, ""lamp_off_night|small"": 0.0, ""lamp_on_day|large"": 0.0, ""lamp_on_day|medium"": 0.5, ""lamp_on_day|small"": 0.0, ""level_shift|large"": 1.0, ""level_shift|medium"": 0.0, ""level_shift|small"": 0.0, ""spike|large"": 1.0, ""spike|medium"": 1.0, ""spike|small"": 0.5}"
G4,transformer,ft_pole,0.5,none,96,raw,False,transformer|ft_pole|lam0.5|none|w96,2,B_test,139.0,64.0,38.0,0.7005711158043053,0.625,0.1736304549675023,0.0261069430591092,6.787878787878788,"{""drift|large"": 1.0, ""drift|medium"": 1.0, ""drift|small"": 1.0, ""dropout|large"": 1.0, ""dropout|medium"": 1.0, ""dropout|small"": 0.75, ""lamp_off_night|large"": 0.25, ""lamp_off_night|medium"": 0.0, ""lamp_off_night|small"": 0.0, ""lamp_on_day|large"": 0.25, ""lamp_on_day|medium"": 0.25, ""lamp_on_day|small"": 0.25, ""level_shift|large"": 0.75, ""level_shift|medium"": 0.5, ""level_shift|small"": 0.5, ""spike|large"": 1.0, ""spike|medium"": 1.0, ""spike|small"": 0.75}"
G3,transformer,ft_pole,1.0,full,96,raw,False,transformer|ft_pole|lam1.0|full|w96,0,A_val,141.9,36.0,38.0,0.9615905676749912,0.8958333333333334,0.9355057705363204,0.2085429614284305,9.487603305785123,"{""camera_dead|large"": 1.0, ""camera_dead|medium"": 1.0, ""camera_dead|small"": 1.0, ""drift|large"": 1.0, ""drift|medium"": 1.0, ""drift|small"": 1.0, ""dropout|large"": 1.0, ""dropout|medium"": 1.0, ""dropout|small"": 1.0, ""lamp_off_night|large"": 1.0, ""lamp_off_night|medium"": 1.0, ""lamp_off_night|small"": 0.0, ""lamp_on_day|large"": 1.0, ""lamp_on_day|medium"": 1.0, ""lamp_on_day|small"": 0.0, ""level_shift|large"": 1.0, ""level_shift|medium"": 1.0, ""level_shift|small"": 1.0, ""signage_stuck|large"": 1.0, ""signage_stuck|medium"": 1.0, ""signage_stuck|small"": 0.5, ""spike|large"": 1.0, ""spike|medium"": 1.0, ""spike|small"": 1.0}"
G3,transformer,ft_pole,1.0,full,96,raw,False,transformer|ft_pole|lam1.0|full|w96,0,A_test,141.9,36.0,38.0,0.9246743091012188,0.9375,0.9023580205911658,0.271244763614602,10.6,"{""camera_dead|large"": 1.0, ""camera_dead|medium"": 1.0, ""camera_dead|small"": 1.0, ""drift|large"": 1.0, ""drift|medium"": 1.0, ""drift|small"": 1.0, ""dropout|large"": 1.0, ""dropout|medium"": 1.0, ""dropout|small"": 1.0, ""lamp_off_night|large"": 1.0, ""lamp_off_night|medium"": 1.0, ""lamp_off_night|small"": 0.75, ""lamp_on_day|large"": 1.0, ""lamp_on_day|medium"": 1.0, ""lamp_on_day|small"": 0.0, ""level_shift|large"": 1.0, ""level_shift|medium"": 1.0, ""level_shift|small"": 1.0, ""signage_stuck|large"": 1.0, ""signage_stuck|medium"": 1.0, ""signage_stuck|small"": 0.75, ""spike|large"": 1.0, ""spike|medium"": 1.0, ""spike|small"": 1.0}"
G3,transformer,ft_pole,1.0,full,96,raw,False,transformer|ft_pole|lam1.0|full|w96,0,B_val,141.9,36.0,38.0,0.6998876682974189,0.5555555555555556,0.1656671664167916,0.0281930798803929,5.0,"{""drift|large"": 1.0, ""drift|medium"": 1.0, ""drift|small"": 0.5, ""dropout|large"": 1.0, ""dropout|medium"": 1.0, ""dropout|small"": 1.0, ""lamp_off_night|large"": 0.0, ""lamp_off_night|medium"": 0.0, ""lamp_off_night|small"": 0.0, ""lamp_on_day|large"": 0.0, ""lamp_on_day|medium"": 0.5, ""lamp_on_day|small"": 0.0, ""level_shift|large"": 1.0, ""level_shift|medium"": 0.0, ""level_shift|small"": 0.0, ""spike|large"": 1.0, ""spike|medium"": 1.0, ""spike|small"": 1.0}"
G3,transformer,ft_pole,1.0,full,96,raw,False,transformer|ft_pole|lam1.0|full|w96,0,B_test,141.9,36.0,38.0,0.7675028688870982,0.5416666666666666,0.1480965645311049,0.0192983216965176,4.90530303030303,"{""drift|large"": 1.0, ""drift|medium"": 1.0, ""drift|small"": 0.75, ""dropout|large"": 1.0, ""dropout|medium"": 1.0, ""dropout|small"": 0.5, ""lamp_off_night|large"": 0.25, ""lamp_off_night|medium"": 0.0, ""lamp_off_night|small"": 0.0, ""lamp_on_day|large"": 0.25, ""lamp_on_day|medium"": 0.25, ""lamp_on_day|small"": 0.25, ""level_shift|large"": 1.0, ""level_shift|medium"": 0.5, ""level_shift|small"": 0.5, ""spike|large"": 1.0, ""spike|medium"": 0.5, ""spike|small"": 0.0}"
G3,transformer,ft_pole,1.0,full,96,raw,False,transformer|ft_pole|lam1.0|full|w96,1,A_val,99.3,33.0,39.0,0.9628508978923576,0.875,0.9327902240325866,0.1868402880536648,8.677685950413224,"{""camera_dead|large"": 1.0, ""camera_dead|medium"": 1.0, ""camera_dead|small"": 1.0, ""drift|large"": 1.0, ""drift|medium"": 1.0, ""drift|small"": 1.0, ""dropout|large"": 1.0, ""dropout|medium"": 1.0, ""dropout|small"": 1.0, ""lamp_off_night|large"": 1.0, ""lamp_off_night|medium"": 1.0, ""lamp_off_night|small"": 0.0, ""lamp_on_day|large"": 1.0, ""lamp_on_day|medium"": 1.0, ""lamp_on_day|small"": 0.0, ""level_shift|large"": 1.0, ""level_shift|medium"": 1.0, ""level_shift|small"": 1.0, ""signage_stuck|large"": 1.0, ""signage_stuck|medium"": 1.0, ""signage_stuck|small"": 0.0, ""spike|large"": 1.0, ""spike|medium"": 1.0, ""spike|small"": 1.0}"
G3,transformer,ft_pole,1.0,full,96,raw,False,transformer|ft_pole|lam1.0|full|w96,1,A_test,99.3,33.0,39.0,0.9275728174829136,0.90625,0.9033543673198272,0.2539646918013166,9.84,"{""camera_dead|large"": 1.0, ""camera_dead|medium"": 1.0, ""camera_dead|small"": 1.0, ""drift|large"": 1.0, ""drift|medium"": 1.0, ""drift|small"": 1.0, ""dropout|large"": 1.0, ""dropout|medium"": 1.0, ""dropout|small"": 1.0, ""lamp_off_night|large"": 1.0, ""lamp_off_night|medium"": 1.0, ""lamp_off_night|small"": 0.5, ""lamp_on_day|large"": 1.0, ""lamp_on_day|medium"": 1.0, ""lamp_on_day|small"": 0.0, ""level_shift|large"": 1.0, ""level_shift|medium"": 1.0, ""level_shift|small"": 1.0, ""signage_stuck|large"": 1.0, ""signage_stuck|medium"": 1.0, ""signage_stuck|small"": 0.25, ""spike|large"": 1.0, ""spike|medium"": 1.0, ""spike|small"": 1.0}"
G3,transformer,ft_pole,1.0,full,96,raw,False,transformer|ft_pole|lam1.0|full|w96,1,B_val,99.3,33.0,39.0,0.6985269112560336,0.5,0.1559220389805097,0.0260572404955147,4.111111111111111,"{""drift|large"": 1.0, ""drift|medium"": 0.5, ""drift|small"": 0.5, ""dropout|large"": 1.0, ""dropout|medium"": 1.0, ""dropout|small"": 1.0, ""lamp_off_night|large"": 0.0, ""lamp_off_night|medium"": 0.0, ""lamp_off_night|small"": 0.0, ""lamp_on_day|large"": 0.0, ""lamp_on_day|medium"": 0.5, ""lamp_on_day|small"": 0.0, ""level_shift|large"": 1.0, ""level_shift|medium"": 0.0, ""level_shift|small"": 0.0, ""spike|large"": 1.0, ""spike|medium"": 1.0, ""spike|small"": 0.5}"
G3,transformer,ft_pole,1.0,full,96,raw,False,transformer|ft_pole|lam1.0|full|w96,1,B_test,99.3,33.0,39.0,0.7720939942402,0.5138888888888888,0.1309192200557103,0.0161758966130361,3.871212121212121,"{""drift|large"": 1.0, ""drift|medium"": 1.0, ""drift|small"": 0.25, ""dropout|large"": 1.0, ""dropout|medium"": 1.0, ""dropout|small"": 0.5, ""lamp_off_night|large"": 0.25, ""lamp_off_night|medium"": 0.0, ""lamp_off_night|small"": 0.0, ""lamp_on_day|large"": 0.25, ""lamp_on_day|medium"": 0.25, ""lamp_on_day|small"": 0.0, ""level_shift|large"": 0.75, ""level_shift|medium"": 0.25, ""level_shift|small"": 0.5, ""spike|large"": 1.0, ""spike|medium"": 1.0, ""spike|small"": 0.25}"
G3,transformer,ft_pole,1.0,full,96,raw,False,transformer|ft_pole|lam1.0|full|w96,2,A_val,101.6,39.0,40.0,0.9701152593715922,0.9166666666666666,0.9348268839103868,0.172733550360067,9.66115702479339,"{""camera_dead|large"": 1.0, ""camera_dead|medium"": 1.0, ""camera_dead|small"": 1.0, ""drift|large"": 1.0, ""drift|medium"": 1.0, ""drift|small"": 1.0, ""dropout|large"": 1.0, ""dropout|medium"": 1.0, ""dropout|small"": 1.0, ""lamp_off_night|large"": 1.0, ""lamp_off_night|medium"": 1.0, ""lamp_off_night|small"": 0.0, ""lamp_on_day|large"": 1.0, ""lamp_on_day|medium"": 1.0, ""lamp_on_day|small"": 0.5, ""level_shift|large"": 1.0, ""level_shift|medium"": 1.0, ""level_shift|small"": 1.0, ""signage_stuck|large"": 1.0, ""signage_stuck|medium"": 1.0, ""signage_stuck|small"": 0.5, ""spike|large"": 1.0, ""spike|medium"": 1.0, ""spike|small"": 1.0}"
G3,transformer,ft_pole,1.0,full,96,raw,False,transformer|ft_pole|lam1.0|full|w96,2,A_test,101.6,39.0,40.0,0.9402015072998844,0.9166666666666666,0.9016937894387248,0.2325703171753441,12.36,"{""camera_dead|large"": 1.0, ""camera_dead|medium"": 1.0, ""camera_dead|small"": 1.0, ""drift|large"": 1.0, ""drift|medium"": 1.0, ""drift|small"": 1.0, ""dropout|large"": 1.0, ""dropout|medium"": 1.0, ""dropout|small"": 1.0, ""lamp_off_night|large"": 1.0, ""lamp_off_night|medium"": 1.0, ""lamp_off_night|small"": 0.5, ""lamp_on_day|large"": 1.0, ""lamp_on_day|medium"": 1.0, ""lamp_on_day|small"": 0.0, ""level_shift|large"": 1.0, ""level_shift|medium"": 1.0, ""level_shift|small"": 1.0, ""signage_stuck|large"": 1.0, ""signage_stuck|medium"": 1.0, ""signage_stuck|small"": 0.5, ""spike|large"": 1.0, ""spike|medium"": 1.0, ""spike|small"": 1.0}"
G3,transformer,ft_pole,1.0,full,96,raw,False,transformer|ft_pole|lam1.0|full|w96,2,B_val,101.6,39.0,40.0,0.6861313576445438,0.5277777777777778,0.1596701649175412,0.0228534814181973,3.888888888888889,"{""drift|large"": 1.0, ""drift|medium"": 0.5, ""drift|small"": 0.5, ""dropout|large"": 1.0, ""dropout|medium"": 1.0, ""dropout|small"": 1.0, ""lamp_off_night|large"": 0.0, ""lamp_off_night|medium"": 0.0, ""lamp_off_night|small"": 0.0, ""lamp_on_day|large"": 0.0, ""lamp_on_day|medium"": 0.5, ""lamp_on_day|small"": 0.0, ""level_shift|large"": 1.0, ""level_shift|medium"": 0.0, ""level_shift|small"": 0.0, ""spike|large"": 1.0, ""spike|medium"": 1.0, ""spike|small"": 1.0}"
G3,transformer,ft_pole,1.0,full,96,raw,False,transformer|ft_pole|lam1.0|full|w96,2,B_test,101.6,39.0,40.0,0.733562904700924,0.5416666666666666,0.1374187558031569,0.0208595342382583,5.4356060606060606,"{""drift|large"": 1.0, ""drift|medium"": 1.0, ""drift|small"": 0.5, ""dropout|large"": 1.0, ""dropout|medium"": 1.0, ""dropout|small"": 0.5, ""lamp_off_night|large"": 0.25, ""lamp_off_night|medium"": 0.0, ""lamp_off_night|small"": 0.0, ""lamp_on_day|large"": 0.0, ""lamp_on_day|medium"": 0.25, ""lamp_on_day|small"": 0.25, ""level_shift|large"": 1.0, ""level_shift|medium"": 0.25, ""level_shift|small"": 0.5, ""spike|large"": 1.0, ""spike|medium"": 0.75, ""spike|small"": 0.5}"
G6,lstm,ft_pole,0.5,full,48,raw,True,lstm|ft_pole|lam0.5|full|w48|fusion,0,A_val,30.8,25,27,0.9937170338661759,1.0,0.9769178547182621,0.04912696063924238,7.462809917355372,"{""camera_dead|large"": 1.0, ""camera_dead|medium"": 1.0, ""camera_dead|small"": 1.0, ""drift|large"": 1.0, ""drift|medium"": 1.0, ""drift|small"": 1.0, ""dropout|large"": 1.0, ""dropout|medium"": 1.0, ""dropout|small"": 1.0, ""lamp_off_night|large"": 1.0, ""lamp_off_night|medium"": 1.0, ""lamp_off_night|small"": 1.0, ""lamp_on_day|large"": 1.0, ""lamp_on_day|medium"": 1.0, ""lamp_on_day|small"": 1.0, ""level_shift|large"": 1.0, ""level_shift|medium"": 1.0, ""level_shift|small"": 1.0, ""signage_stuck|large"": 1.0, ""signage_stuck|medium"": 1.0, ""signage_stuck|small"": 1.0, ""spike|large"": 1.0, ""spike|medium"": 1.0, ""spike|small"": 1.0}"
G6,lstm,ft_pole,0.5,full,48,raw,True,lstm|ft_pole|lam0.5|full|w48|fusion,0,A_test,30.8,25,27,0.9835768623962289,1.0,0.9714380604450349,0.1116098144823459,13.84,"{""camera_dead|large"": 1.0, ""camera_dead|medium"": 1.0, ""camera_dead|small"": 1.0, ""drift|large"": 1.0, ""drift|medium"": 1.0, ""drift|small"": 1.0, ""dropout|large"": 1.0, ""dropout|medium"": 1.0, ""dropout|small"": 1.0, ""lamp_off_night|large"": 1.0, ""lamp_off_night|medium"": 1.0, ""lamp_off_night|small"": 1.0, ""lamp_on_day|large"": 1.0, ""lamp_on_day|medium"": 1.0, ""lamp_on_day|small"": 1.0, ""level_shift|large"": 1.0, ""level_shift|medium"": 1.0, ""level_shift|small"": 1.0, ""signage_stuck|large"": 1.0, ""signage_stuck|medium"": 1.0, ""signage_stuck|small"": 1.0, ""spike|large"": 1.0, ""spike|medium"": 1.0, ""spike|small"": 1.0}"
G6,lstm,ft_pole,0.5,full,48,raw,True,lstm|ft_pole|lam0.5|full|w48|fusion,0,B_val,30.8,25,27,0.7898146719036894,0.6111111111111112,0.3778110944527736,0.012815036309269542,3.0,"{""drift|large"": 1.0, ""drift|medium"": 1.0, ""drift|small"": 0.0, ""dropout|large"": 1.0, ""dropout|medium"": 1.0, ""dropout|small"": 1.0, ""lamp_off_night|large"": 0.5, ""lamp_off_night|medium"": 0.5, ""lamp_off_night|small"": 0.0, ""lamp_on_day|large"": 0.0, ""lamp_on_day|medium"": 0.5, ""lamp_on_day|small"": 0.0, ""level_shift|large"": 1.0, ""level_shift|medium"": 1.0, ""level_shift|small"": 0.0, ""spike|large"": 1.0, ""spike|medium"": 1.0, ""spike|small"": 0.5}"
G6,lstm,ft_pole,0.5,full,48,raw,True,lstm|ft_pole|lam0.5|full|w48|fusion,0,B_test,30.8,25,27,0.7899673249473524,0.6388888888888888,0.265552460538533,0.02003556095233965,4.7727272727272725,"{""drift|large"": 1.0, ""drift|medium"": 1.0, ""drift|small"": 0.5, ""dropout|large"": 1.0, ""dropout|medium"": 1.0, ""dropout|small"": 0.75, ""lamp_off_night|large"": 0.75, ""lamp_off_night|medium"": 0.25, ""lamp_off_night|small"": 0.5, ""lamp_on_day|large"": 0.25, ""lamp_on_day|medium"": 0.25, ""lamp_on_day|small"": 0.25, ""level_shift|large"": 1.0, ""level_shift|medium"": 0.75, ""level_shift|small"": 0.75, ""spike|large"": 1.0, ""spike|medium"": 0.5, ""spike|small"": 0.0}"
G6,lstm,ft_pole,0.5,full,48,raw,True,lstm|ft_pole|lam0.5|full|w48|fusion,1,A_val,42.2,51,16,0.9930349995958291,1.0,0.9762389680923286,0.03028509420933215,5.785123966942149,"{""camera_dead|large"": 1.0, ""camera_dead|medium"": 1.0, ""camera_dead|small"": 1.0, ""drift|large"": 1.0, ""drift|medium"": 1.0, ""drift|small"": 1.0, ""dropout|large"": 1.0, ""dropout|medium"": 1.0, ""dropout|small"": 1.0, ""lamp_off_night|large"": 1.0, ""lamp_off_night|medium"": 1.0, ""lamp_off_night|small"": 1.0, ""lamp_on_day|large"": 1.0, ""lamp_on_day|medium"": 1.0, ""lamp_on_day|small"": 1.0, ""level_shift|large"": 1.0, ""level_shift|medium"": 1.0, ""level_shift|small"": 1.0, ""signage_stuck|large"": 1.0, ""signage_stuck|medium"": 1.0, ""signage_stuck|small"": 1.0, ""spike|large"": 1.0, ""spike|medium"": 1.0, ""spike|small"": 1.0}"
G6,lstm,ft_pole,0.5,full,48,raw,True,lstm|ft_pole|lam0.5|full|w48|fusion,1,A_test,42.2,51,16,0.9829707166879231,1.0,0.9740949850547991,0.11826750448833034,13.8,"{""camera_dead|large"": 1.0, ""camera_dead|medium"": 1.0, ""camera_dead|small"": 1.0, ""drift|large"": 1.0, ""drift|medium"": 1.0, ""drift|small"": 1.0, ""dropout|large"": 1.0, ""dropout|medium"": 1.0, ""dropout|small"": 1.0, ""lamp_off_night|large"": 1.0, ""lamp_off_night|medium"": 1.0, ""lamp_off_night|small"": 1.0, ""lamp_on_day|large"": 1.0, ""lamp_on_day|medium"": 1.0, ""lamp_on_day|small"": 1.0, ""level_shift|large"": 1.0, ""level_shift|medium"": 1.0, ""level_shift|small"": 1.0, ""signage_stuck|large"": 1.0, ""signage_stuck|medium"": 1.0, ""signage_stuck|small"": 1.0, ""spike|large"": 1.0, ""spike|medium"": 1.0, ""spike|small"": 1.0}"
G6,lstm,ft_pole,0.5,full,48,raw,True,lstm|ft_pole|lam0.5|full|w48|fusion,1,B_val,42.2,51,16,0.7844600232989016,0.6111111111111112,0.3950524737631184,0.014096539940196497,3.2222222222222223,"{""drift|large"": 1.0, ""drift|medium"": 1.0, ""drift|small"": 0.5, ""dropout|large"": 1.0, ""dropout|medium"": 1.0, ""dropout|small"": 0.5, ""lamp_off_night|large"": 0.5, ""lamp_off_night|medium"": 0.5, ""lamp_off_night|small"": 0.0, ""lamp_on_day|large"": 0.0, ""lamp_on_day|medium"": 0.5, ""lamp_on_day|small"": 0.0, ""level_shift|large"": 1.0, ""level_shift|medium"": 1.0, ""level_shift|small"": 0.0, ""spike|large"": 1.0, ""spike|medium"": 1.0, ""spike|small"": 0.5}"
G6,lstm,ft_pole,0.5,full,48,raw,True,lstm|ft_pole|lam0.5|full|w48|fusion,1,B_test,42.2,51,16,0.7915014079381287,0.6527777777777778,0.27019498607242337,0.020078927967388006,4.958333333333333,"{""drift|large"": 1.0, ""drift|medium"": 1.0, ""drift|small"": 0.5, ""dropout|large"": 1.0, ""dropout|medium"": 1.0, ""dropout|small"": 1.0, ""lamp_off_night|large"": 0.75, ""lamp_off_night|medium"": 0.25, ""lamp_off_night|small"": 0.5, ""lamp_on_day|large"": 0.25, ""lamp_on_day|medium"": 0.25, ""lamp_on_day|small"": 0.25, ""level_shift|large"": 1.0, ""level_shift|medium"": 0.75, ""level_shift|small"": 0.75, ""spike|large"": 1.0, ""spike|medium"": 0.5, ""spike|small"": 0.0}"
G6,lstm,ft_pole,0.5,full,48,raw,True,lstm|ft_pole|lam0.5|full|w48|fusion,2,A_val,34.4,27,29,0.9923848770821417,1.0,0.9735234215885947,0.037585084344480615,6.710743801652893,"{""camera_dead|large"": 1.0, ""camera_dead|medium"": 1.0, ""camera_dead|small"": 1.0, ""drift|large"": 1.0, ""drift|medium"": 1.0, ""drift|small"": 1.0, ""dropout|large"": 1.0, ""dropout|medium"": 1.0, ""dropout|small"": 1.0, ""lamp_off_night|large"": 1.0, ""lamp_off_night|medium"": 1.0, ""lamp_off_night|small"": 1.0, ""lamp_on_day|large"": 1.0, ""lamp_on_day|medium"": 1.0, ""lamp_on_day|small"": 1.0, ""level_shift|large"": 1.0, ""level_shift|medium"": 1.0, ""level_shift|small"": 1.0, ""signage_stuck|large"": 1.0, ""signage_stuck|medium"": 1.0, ""signage_stuck|small"": 1.0, ""spike|large"": 1.0, ""spike|medium"": 1.0, ""spike|small"": 1.0}"
G6,lstm,ft_pole,0.5,full,48,raw,True,lstm|ft_pole|lam0.5|full|w48|fusion,2,A_test,34.4,27,29,0.984972987535629,1.0,0.9730986383261375,0.09545182525433872,13.2,"{""camera_dead|large"": 1.0, ""camera_dead|medium"": 1.0, ""camera_dead|small"": 1.0, ""drift|large"": 1.0, ""drift|medium"": 1.0, ""drift|small"": 1.0, ""dropout|large"": 1.0, ""dropout|medium"": 1.0, ""dropout|small"": 1.0, ""lamp_off_night|large"": 1.0, ""lamp_off_night|medium"": 1.0, ""lamp_off_night|small"": 1.0, ""lamp_on_day|large"": 1.0, ""lamp_on_day|medium"": 1.0, ""lamp_on_day|small"": 1.0, ""level_shift|large"": 1.0, ""level_shift|medium"": 1.0, ""level_shift|small"": 1.0, ""signage_stuck|large"": 1.0, ""signage_stuck|medium"": 1.0, ""signage_stuck|small"": 1.0, ""spike|large"": 1.0, ""spike|medium"": 1.0, ""spike|small"": 1.0}"
G6,lstm,ft_pole,0.5,full,48,raw,True,lstm|ft_pole|lam0.5|full|w48|fusion,2,B_val,34.4,27,29,0.7833727305505727,0.6388888888888888,0.37556221889055474,0.01345578812473302,3.3333333333333335,"{""drift|large"": 1.0, ""drift|medium"": 1.0, ""drift|small"": 0.5, ""dropout|large"": 1.0, ""dropout|medium"": 1.0, ""dropout|small"": 1.0, ""lamp_off_night|large"": 0.5, ""lamp_off_night|medium"": 0.5, ""lamp_off_night|small"": 0.0, ""lamp_on_day|large"": 0.0, ""lamp_on_day|medium"": 0.5, ""lamp_on_day|small"": 0.0, ""level_shift|large"": 1.0, ""level_shift|medium"": 1.0, ""level_shift|small"": 0.0, ""spike|large"": 1.0, ""spike|medium"": 1.0, ""spike|small"": 0.5}"
G6,lstm,ft_pole,0.5,full,48,raw,True,lstm|ft_pole|lam0.5|full|w48|fusion,2,B_test,34.4,27,29,0.788920828943782,0.6527777777777778,0.2604456824512535,0.019775358862049525,4.666666666666667,"{""drift|large"": 1.0, ""drift|medium"": 1.0, ""drift|small"": 0.5, ""dropout|large"": 1.0, ""dropout|medium"": 1.0, ""dropout|small"": 0.75, ""lamp_off_night|large"": 0.75, ""lamp_off_night|medium"": 0.25, ""lamp_off_night|small"": 0.5, ""lamp_on_day|large"": 0.25, ""lamp_on_day|medium"": 0.25, ""lamp_on_day|small"": 0.25, ""level_shift|large"": 1.0, ""level_shift|medium"": 0.75, ""level_shift|small"": 0.75, ""spike|large"": 1.0, ""spike|medium"": 0.5, ""spike|small"": 0.25}"
G6,lstm,ft_pole,0.5,full,48,resid,False,lstm|ft_pole|lam0.5|full|w48|resid,0,A_val,28.0,24,16,0.9777563336130718,1.0,0.9633401221995926,0.06717963894643386,5.43801652892562,"{""camera_dead|large"": 1.0, ""camera_dead|medium"": 1.0, ""camera_dead|small"": 1.0, ""drift|large"": 1.0, ""drift|medium"": 1.0, ""drift|small"": 1.0, ""dropout|large"": 1.0, ""dropout|medium"": 1.0, ""dropout|small"": 1.0, ""lamp_off_night|large"": 1.0, ""lamp_off_night|medium"": 1.0, ""lamp_off_night|small"": 1.0, ""lamp_on_day|large"": 1.0, ""lamp_on_day|medium"": 1.0, ""lamp_on_day|small"": 1.0, ""level_shift|large"": 1.0, ""level_shift|medium"": 1.0, ""level_shift|small"": 1.0, ""signage_stuck|large"": 1.0, ""signage_stuck|medium"": 1.0, ""signage_stuck|small"": 1.0, ""spike|large"": 1.0, ""spike|medium"": 1.0, ""spike|small"": 1.0}"
G6,lstm,ft_pole,0.5,full,48,resid,False,lstm|ft_pole|lam0.5|full|w48|resid,0,A_test,28.0,24,16,0.9681358358669319,1.0,0.9501826635669213,0.11258228605625374,12.12,"{""camera_dead|large"": 1.0, ""camera_dead|medium"": 1.0, ""camera_dead|small"": 1.0, ""drift|large"": 1.0, ""drift|medium"": 1.0, ""drift|small"": 1.0, ""dropout|large"": 1.0, ""dropout|medium"": 1.0, ""dropout|small"": 1.0, ""lamp_off_night|large"": 1.0, ""lamp_off_night|medium"": 1.0, ""lamp_off_night|small"": 1.0, ""lamp_on_day|large"": 1.0, ""lamp_on_day|medium"": 1.0, ""lamp_on_day|small"": 1.0, ""level_shift|large"": 1.0, ""level_shift|medium"": 1.0, ""level_shift|small"": 1.0, ""signage_stuck|large"": 1.0, ""signage_stuck|medium"": 1.0, ""signage_stuck|small"": 1.0, ""spike|large"": 1.0, ""spike|medium"": 1.0, ""spike|small"": 1.0}"
G6,lstm,ft_pole,0.5,full,48,resid,False,lstm|ft_pole|lam0.5|full|w48|resid,0,B_val,28.0,24,16,0.7153821103117813,0.5833333333333334,0.3193403298350825,0.07069628363947031,7.333333333333333,"{""drift|large"": 1.0, ""drift|medium"": 1.0, ""drift|small"": 0.5, ""dropout|large"": 1.0, ""dropout|medium"": 0.5, ""dropout|small"": 0.5, ""lamp_off_night|large"": 0.5, ""lamp_off_night|medium"": 0.5, ""lamp_off_night|small"": 0.5, ""lamp_on_day|large"": 0.0, ""lamp_on_day|medium"": 0.5, ""lamp_on_day|small"": 0.0, ""level_shift|large"": 1.0, ""level_shift|medium"": 1.0, ""level_shift|small"": 0.0, ""spike|large"": 1.0, ""spike|medium"": 1.0, ""spike|small"": 0.0}"
G6,lstm,ft_pole,0.5,full,48,resid,False,lstm|ft_pole|lam0.5|full|w48|resid,0,B_test,28.0,24,16,0.806599843612987,0.6388888888888888,0.2363045496750232,0.02515286872804545,5.621212121212121,"{""drift|large"": 1.0, ""drift|medium"": 0.75, ""drift|small"": 0.5, ""dropout|large"": 1.0, ""dropout|medium"": 1.0, ""dropout|small"": 0.5, ""lamp_off_night|large"": 0.75, ""lamp_off_night|medium"": 0.25, ""lamp_off_night|small"": 0.75, ""lamp_on_day|large"": 0.0, ""lamp_on_day|medium"": 0.25, ""lamp_on_day|small"": 0.25, ""level_shift|large"": 1.0, ""level_shift|medium"": 0.75, ""level_shift|small"": 1.0, ""spike|large"": 1.0, ""spike|medium"": 0.5, ""spike|small"": 0.25}"
G6,lstm,ft_pole,0.5,full,48,resid,True,lstm|ft_pole|lam0.5|full|w48|resid|fusion,0,A_val,8.8,24,16,0.9852465888073381,1.0,0.9680923285811269,0.06629180230837525,5.380165289256198,"{""camera_dead|large"": 1.0, ""camera_dead|medium"": 1.0, ""camera_dead|small"": 1.0, ""drift|large"": 1.0, ""drift|medium"": 1.0, ""drift|small"": 1.0, ""dropout|large"": 1.0, ""dropout|medium"": 1.0, ""dropout|small"": 1.0, ""lamp_off_night|large"": 1.0, ""lamp_off_night|medium"": 1.0, ""lamp_off_night|small"": 1.0, ""lamp_on_day|large"": 1.0, ""lamp_on_day|medium"": 1.0, ""lamp_on_day|small"": 1.0, ""level_shift|large"": 1.0, ""level_shift|medium"": 1.0, ""level_shift|small"": 1.0, ""signage_stuck|large"": 1.0, ""signage_stuck|medium"": 1.0, ""signage_stuck|small"": 1.0, ""spike|large"": 1.0, ""spike|medium"": 1.0, ""spike|small"": 1.0}"
G6,lstm,ft_pole,0.5,full,48,resid,True,lstm|ft_pole|lam0.5|full|w48|resid|fusion,0,A_test,8.8,24,16,0.9759965131839549,1.0,0.9687811358352707,0.11385397965290245,11.52,"{""camera_dead|large"": 1.0, ""camera_dead|medium"": 1.0, ""camera_dead|small"": 1.0, ""drift|large"": 1.0, ""drift|medium"": 1.0, ""drift|small"": 1.0, ""dropout|large"": 1.0, ""dropout|medium"": 1.0, ""dropout|small"": 1.0, ""lamp_off_night|large"": 1.0, ""lamp_off_night|medium"": 1.0, ""lamp_off_night|small"": 1.0, ""lamp_on_day|large"": 1.0, ""lamp_on_day|medium"": 1.0, ""lamp_on_day|small"": 1.0, ""level_shift|large"": 1.0, ""level_shift|medium"": 1.0, ""level_shift|small"": 1.0, ""signage_stuck|large"": 1.0, ""signage_stuck|medium"": 1.0, ""signage_stuck|small"": 1.0, ""spike|large"": 1.0, ""spike|medium"": 1.0, ""spike|small"": 1.0}"
G6,lstm,ft_pole,0.5,full,48,resid,True,lstm|ft_pole|lam0.5|full|w48|resid|fusion,0,B_val,8.8,24,16,0.7321382826314309,0.5555555555555556,0.3140929535232384,0.06428876548483554,6.111111111111111,"{""drift|large"": 1.0, ""drift|medium"": 1.0, ""drift|small"": 0.0, ""dropout|large"": 1.0, ""dropout|medium"": 0.5, ""dropout|small"": 0.5, ""lamp_off_night|large"": 0.5, ""lamp_off_night|medium"": 0.5, ""lamp_off_night|small"": 0.5, ""lamp_on_day|large"": 0.0, ""lamp_on_day|medium"": 0.5, ""lamp_on_day|small"": 0.0, ""level_shift|large"": 1.0, ""level_shift|medium"": 1.0, ""level_shift|small"": 0.0, ""spike|large"": 1.0, ""spike|medium"": 1.0, ""spike|small"": 0.0}"
G6,lstm,ft_pole,0.5,full,48,resid,True,lstm|ft_pole|lam0.5|full|w48|resid|fusion,0,B_test,8.8,24,16,0.7892864386511964,0.5972222222222222,0.22887650882079852,0.023591656186304696,4.746212121212121,"{""drift|large"": 1.0, ""drift|medium"": 0.75, ""drift|small"": 0.25, ""dropout|large"": 1.0, ""dropout|medium"": 1.0, ""dropout|small"": 0.75, ""lamp_off_night|large"": 0.75, ""lamp_off_night|medium"": 0.25, ""lamp_off_night|small"": 0.75, ""lamp_on_day|large"": 0.0, ""lamp_on_day|medium"": 0.25, ""lamp_on_day|small"": 0.25, ""level_shift|large"": 1.0, ""level_shift|medium"": 0.75, ""level_shift|small"": 0.5, ""spike|large"": 1.0, ""spike|medium"": 0.5, ""spike|small"": 0.0}"
G6,lstm,ft_pole,0.5,full,48,resid,False,lstm|ft_pole|lam0.5|full|w48|resid,1,A_val,32.4,21,37,0.9742121529747149,0.9791666666666666,0.9640190088255262,0.0614580250567229,5.264462809917355,"{""camera_dead|large"": 1.0, ""camera_dead|medium"": 1.0, ""camera_dead|small"": 1.0, ""drift|large"": 1.0, ""drift|medium"": 1.0, ""drift|small"": 1.0, ""dropout|large"": 1.0, ""dropout|medium"": 1.0, ""dropout|small"": 1.0, ""lamp_off_night|large"": 1.0, ""lamp_off_night|medium"": 1.0, ""lamp_off_night|small"": 1.0, ""lamp_on_day|large"": 1.0, ""lamp_on_day|medium"": 1.0, ""lamp_on_day|small"": 1.0, ""level_shift|large"": 1.0, ""level_shift|medium"": 1.0, ""level_shift|small"": 1.0, ""signage_stuck|large"": 1.0, ""signage_stuck|medium"": 1.0, ""signage_stuck|small"": 0.5, ""spike|large"": 1.0, ""spike|medium"": 1.0, ""spike|small"": 1.0}"
G6,lstm,ft_pole,0.5,full,48,resid,False,lstm|ft_pole|lam0.5|full|w48|resid,1,A_test,32.4,21,37,0.9623557130736075,1.0,0.9637994021919628,0.11654697785757032,10.88,"{""camera_dead|large"": 1.0, ""camera_dead|medium"": 1.0, ""camera_dead|small"": 1.0, ""drift|large"": 1.0, ""drift|medium"": 1.0, ""drift|small"": 1.0, ""dropout|large"": 1.0, ""dropout|medium"": 1.0, ""dropout|small"": 1.0, ""lamp_off_night|large"": 1.0, ""lamp_off_night|medium"": 1.0, ""lamp_off_night|small"": 1.0, ""lamp_on_day|large"": 1.0, ""lamp_on_day|medium"": 1.0, ""lamp_on_day|small"": 1.0, ""level_shift|large"": 1.0, ""level_shift|medium"": 1.0, ""level_shift|small"": 1.0, ""signage_stuck|large"": 1.0, ""signage_stuck|medium"": 1.0, ""signage_stuck|small"": 1.0, ""spike|large"": 1.0, ""spike|medium"": 1.0, ""spike|small"": 1.0}"
G6,lstm,ft_pole,0.5,full,48,resid,False,lstm|ft_pole|lam0.5|full|w48|resid,1,B_val,32.4,21,37,0.7387706723314976,0.5833333333333334,0.3410794602698651,0.06791969243912858,6.555555555555555,"{""drift|large"": 1.0, ""drift|medium"": 1.0, ""drift|small"": 0.5, ""dropout|large"": 1.0, ""dropout|medium"": 0.5, ""dropout|small"": 0.5, ""lamp_off_night|large"": 0.5, ""lamp_off_night|medium"": 0.5, ""lamp_off_night|small"": 0.5, ""lamp_on_day|large"": 0.0, ""lamp_on_day|medium"": 0.5, ""lamp_on_day|small"": 0.0, ""level_shift|large"": 1.0, ""level_shift|medium"": 1.0, ""level_shift|small"": 0.0, ""spike|large"": 1.0, ""spike|medium"": 1.0, ""spike|small"": 0.0}"
G6,lstm,ft_pole,0.5,full,48,resid,False,lstm|ft_pole|lam0.5|full|w48|resid,1,B_test,32.4,21,37,0.8189693283262751,0.6666666666666666,0.26740947075208915,0.028318660826575307,6.65530303030303,"{""drift|large"": 1.0, ""drift|medium"": 0.75, ""drift|small"": 0.5, ""dropout|large"": 1.0, ""dropout|medium"": 1.0, ""dropout|small"": 0.75, ""lamp_off_night|large"": 0.75, ""lamp_off_night|medium"": 0.25, ""lamp_off_night|small"": 0.75, ""lamp_on_day|large"": 0.25, ""lamp_on_day|medium"": 0.25, ""lamp_on_day|small"": 0.25, ""level_shift|large"": 1.0, ""level_shift|medium"": 1.0, ""level_shift|small"": 0.75, ""spike|large"": 1.0, ""spike|medium"": 0.5, ""spike|small"": 0.25}"
G6,lstm,ft_pole,0.5,full,48,resid,True,lstm|ft_pole|lam0.5|full|w48|resid|fusion,1,A_val,14.6,21,37,0.9836063312121557,1.0,0.9653767820773931,0.06076748544934399,5.206611570247934,"{""camera_dead|large"": 1.0, ""camera_dead|medium"": 1.0, ""camera_dead|small"": 1.0, ""drift|large"": 1.0, ""drift|medium"": 1.0, ""drift|small"": 1.0, ""dropout|large"": 1.0, ""dropout|medium"": 1.0, ""dropout|small"": 1.0, ""lamp_off_night|large"": 1.0, ""lamp_off_night|medium"": 1.0, ""lamp_off_night|small"": 1.0, ""lamp_on_day|large"": 1.0, ""lamp_on_day|medium"": 1.0, ""lamp_on_day|small"": 1.0, ""level_shift|large"": 1.0, ""level_shift|medium"": 1.0, ""level_shift|small"": 1.0, ""signage_stuck|large"": 1.0, ""signage_stuck|medium"": 1.0, ""signage_stuck|small"": 1.0, ""spike|large"": 1.0, ""spike|medium"": 1.0, ""spike|small"": 1.0}"
G6,lstm,ft_pole,0.5,full,48,resid,True,lstm|ft_pole|lam0.5|full|w48|resid|fusion,1,A_test,14.6,21,37,0.9715152758258616,1.0,0.9704417137163733,0.11736983842010772,10.24,"{""camera_dead|large"": 1.0, ""camera_dead|medium"": 1.0, ""camera_dead|small"": 1.0, ""drift|large"": 1.0, ""drift|medium"": 1.0, ""drift|small"": 1.0, ""dropout|large"": 1.0, ""dropout|medium"": 1.0, ""dropout|small"": 1.0, ""lamp_off_night|large"": 1.0, ""lamp_off_night|medium"": 1.0, ""lamp_off_night|small"": 1.0, ""lamp_on_day|large"": 1.0, ""lamp_on_day|medium"": 1.0, ""lamp_on_day|small"": 1.0, ""level_shift|large"": 1.0, ""level_shift|medium"": 1.0, ""level_shift|small"": 1.0, ""signage_stuck|large"": 1.0, ""signage_stuck|medium"": 1.0, ""signage_stuck|small"": 1.0, ""spike|large"": 1.0, ""spike|medium"": 1.0, ""spike|small"": 1.0}"
G6,lstm,ft_pole,0.5,full,48,resid,True,lstm|ft_pole|lam0.5|full|w48|resid|fusion,1,B_val,14.6,21,37,0.7540355196173805,0.5833333333333334,0.3395802098950525,0.06663818880820162,6.333333333333333,"{""drift|large"": 1.0, ""drift|medium"": 1.0, ""drift|small"": 0.5, ""dropout|large"": 1.0, ""dropout|medium"": 0.5, ""dropout|small"": 0.5, ""lamp_off_night|large"": 0.5, ""lamp_off_night|medium"": 0.5, ""lamp_off_night|small"": 0.5, ""lamp_on_day|large"": 0.0, ""lamp_on_day|medium"": 0.5, ""lamp_on_day|small"": 0.0, ""level_shift|large"": 1.0, ""level_shift|medium"": 1.0, ""level_shift|small"": 0.0, ""spike|large"": 1.0, ""spike|medium"": 1.0, ""spike|small"": 0.0}"
G6,lstm,ft_pole,0.5,full,48,resid,True,lstm|ft_pole|lam0.5|full|w48|resid|fusion,1,B_test,14.6,21,37,0.8026632904015991,0.6388888888888888,0.2618384401114206,0.02948957023288087,6.098484848484849,"{""drift|large"": 1.0, ""drift|medium"": 0.75, ""drift|small"": 0.25, ""dropout|large"": 1.0, ""dropout|medium"": 1.0, ""dropout|small"": 0.75, ""lamp_off_night|large"": 0.75, ""lamp_off_night|medium"": 0.25, ""lamp_off_night|small"": 0.75, ""lamp_on_day|large"": 0.0, ""lamp_on_day|medium"": 0.25, ""lamp_on_day|small"": 0.25, ""level_shift|large"": 1.0, ""level_shift|medium"": 1.0, ""level_shift|small"": 0.75, ""spike|large"": 1.0, ""spike|medium"": 0.5, ""spike|small"": 0.25}"
G6,lstm,ft_pole,0.5,full,48,resid,False,lstm|ft_pole|lam0.5|full|w48|resid,2,A_val,29.7,18,40,0.9740814252748212,0.9791666666666666,0.9592668024439919,0.07359179244352372,6.537190082644629,"{""camera_dead|large"": 1.0, ""camera_dead|medium"": 1.0, ""camera_dead|small"": 1.0, ""drift|large"": 1.0, ""drift|medium"": 1.0, ""drift|small"": 1.0, ""dropout|large"": 1.0, ""dropout|medium"": 1.0, ""dropout|small"": 1.0, ""lamp_off_night|large"": 1.0, ""lamp_off_night|medium"": 1.0, ""lamp_off_night|small"": 1.0, ""lamp_on_day|large"": 1.0, ""lamp_on_day|medium"": 1.0, ""lamp_on_day|small"": 1.0, ""level_shift|large"": 1.0, ""level_shift|medium"": 1.0, ""level_shift|small"": 1.0, ""signage_stuck|large"": 1.0, ""signage_stuck|medium"": 1.0, ""signage_stuck|small"": 0.5, ""spike|large"": 1.0, ""spike|medium"": 1.0, ""spike|small"": 1.0}"
G6,lstm,ft_pole,0.5,full,48,resid,False,lstm|ft_pole|lam0.5|full|w48|resid,2,A_test,29.7,18,40,0.959821866004582,0.9895833333333334,0.9498505479907008,0.11310592459605028,11.0,"{""camera_dead|large"": 1.0, ""camera_dead|medium"": 1.0, ""camera_dead|small"": 1.0, ""drift|large"": 1.0, ""drift|medium"": 1.0, ""drift|small"": 1.0, ""dropout|large"": 1.0, ""dropout|medium"": 1.0, ""dropout|small"": 1.0, ""lamp_off_night|large"": 1.0, ""lamp_off_night|medium"": 1.0, ""lamp_off_night|small"": 1.0, ""lamp_on_day|large"": 1.0, ""lamp_on_day|medium"": 1.0, ""lamp_on_day|small"": 1.0, ""level_shift|large"": 1.0, ""level_shift|medium"": 1.0, ""level_shift|small"": 1.0, ""signage_stuck|large"": 1.0, ""signage_stuck|medium"": 1.0, ""signage_stuck|small"": 0.75, ""spike|large"": 1.0, ""spike|medium"": 1.0, ""spike|small"": 1.0}"
G6,lstm,ft_pole,0.5,full,48,resid,False,lstm|ft_pole|lam0.5|full|w48|resid,2,B_val,29.7,18,40,0.7274811440926269,0.6111111111111112,0.29760119940029983,0.07176420333190944,7.0,"{""drift|large"": 1.0, ""drift|medium"": 1.0, ""drift|small"": 0.5, ""dropout|large"": 1.0, ""dropout|medium"": 0.5, ""dropout|small"": 0.5, ""lamp_off_night|large"": 0.5, ""lamp_off_night|medium"": 0.5, ""lamp_off_night|small"": 1.0, ""lamp_on_day|large"": 0.0, ""lamp_on_day|medium"": 0.5, ""lamp_on_day|small"": 0.0, ""level_shift|large"": 1.0, ""level_shift|medium"": 1.0, ""level_shift|small"": 0.0, ""spike|large"": 1.0, ""spike|medium"": 1.0, ""spike|small"": 0.0}"
G6,lstm,ft_pole,0.5,full,48,resid,False,lstm|ft_pole|lam0.5|full|w48|resid,2,B_test,29.7,18,40,0.7971904496088371,0.6805555555555556,0.2618384401114206,0.03326250054208769,6.549242424242424,"{""drift|large"": 1.0, ""drift|medium"": 0.75, ""drift|small"": 0.5, ""dropout|large"": 1.0, ""dropout|medium"": 1.0, ""dropout|small"": 0.75, ""lamp_off_night|large"": 0.75, ""lamp_off_night|medium"": 0.25, ""lamp_off_night|small"": 0.75, ""lamp_on_day|large"": 0.25, ""lamp_on_day|medium"": 0.25, ""lamp_on_day|small"": 0.25, ""level_shift|large"": 1.0, ""level_shift|medium"": 1.0, ""level_shift|small"": 1.0, ""spike|large"": 1.0, ""spike|medium"": 0.5, ""spike|small"": 0.25}"
G6,lstm,ft_pole,0.5,full,48,resid,True,lstm|ft_pole|lam0.5|full|w48|resid|fusion,2,A_val,14.7,18,40,0.9840263743134535,1.0,0.96673455532926,0.07201341619808622,6.016528925619835,"{""camera_dead|large"": 1.0, ""camera_dead|medium"": 1.0, ""camera_dead|small"": 1.0, ""drift|large"": 1.0, ""drift|medium"": 1.0, ""drift|small"": 1.0, ""dropout|large"": 1.0, ""dropout|medium"": 1.0, ""dropout|small"": 1.0, ""lamp_off_night|large"": 1.0, ""lamp_off_night|medium"": 1.0, ""lamp_off_night|small"": 1.0, ""lamp_on_day|large"": 1.0, ""lamp_on_day|medium"": 1.0, ""lamp_on_day|small"": 1.0, ""level_shift|large"": 1.0, ""level_shift|medium"": 1.0, ""level_shift|small"": 1.0, ""signage_stuck|large"": 1.0, ""signage_stuck|medium"": 1.0, ""signage_stuck|small"": 1.0, ""spike|large"": 1.0, ""spike|medium"": 1.0, ""spike|small"": 1.0}"
G6,lstm,ft_pole,0.5,full,48,resid,True,lstm|ft_pole|lam0.5|full|w48|resid|fusion,2,A_test,14.7,18,40,0.9735389746870692,1.0,0.9681169046828296,0.11041292639138241,10.96,"{""camera_dead|large"": 1.0, ""camera_dead|medium"": 1.0, ""camera_dead|small"": 1.0, ""drift|large"": 1.0, ""drift|medium"": 1.0, ""drift|small"": 1.0, ""dropout|large"": 1.0, ""dropout|medium"": 1.0, ""dropout|small"": 1.0, ""lamp_off_night|large"": 1.0, ""lamp_off_night|medium"": 1.0, ""lamp_off_night|small"": 1.0, ""lamp_on_day|large"": 1.0, ""lamp_on_day|medium"": 1.0, ""lamp_on_day|small"": 1.0, ""level_shift|large"": 1.0, ""level_shift|medium"": 1.0, ""level_shift|small"": 1.0, ""signage_stuck|large"": 1.0, ""signage_stuck|medium"": 1.0, ""signage_stuck|small"": 1.0, ""spike|large"": 1.0, ""spike|medium"": 1.0, ""spike|small"": 1.0}"
G6,lstm,ft_pole,0.5,full,48,resid,True,lstm|ft_pole|lam0.5|full|w48|resid|fusion,2,B_val,14.7,18,40,0.7466599090459042,0.5833333333333334,0.3058470764617691,0.0664246048697138,5.444444444444445,"{""drift|large"": 1.0, ""drift|medium"": 1.0, ""drift|small"": 0.0, ""dropout|large"": 1.0, ""dropout|medium"": 0.5, ""dropout|small"": 0.5, ""lamp_off_night|large"": 0.5, ""lamp_off_night|medium"": 0.5, ""lamp_off_night|small"": 1.0, ""lamp_on_day|large"": 0.0, ""lamp_on_day|medium"": 0.5, ""lamp_on_day|small"": 0.0, ""level_shift|large"": 1.0, ""level_shift|medium"": 1.0, ""level_shift|small"": 0.0, ""spike|large"": 1.0, ""spike|medium"": 1.0, ""spike|small"": 0.0}"
G6,lstm,ft_pole,0.5,full,48,resid,True,lstm|ft_pole|lam0.5|full|w48|resid|fusion,2,B_test,14.7,18,40,0.7860583744182448,0.6666666666666666,0.24698235840297122,0.03092068172947656,5.462121212121212,"{""drift|large"": 1.0, ""drift|medium"": 0.75, ""drift|small"": 0.5, ""dropout|large"": 1.0, ""dropout|medium"": 1.0, ""dropout|small"": 0.75, ""lamp_off_night|large"": 0.75, ""lamp_off_night|medium"": 0.25, ""lamp_off_night|small"": 0.75, ""lamp_on_day|large"": 0.25, ""lamp_on_day|medium"": 0.25, ""lamp_on_day|small"": 0.25, ""level_shift|large"": 1.0, ""level_shift|medium"": 1.0, ""level_shift|small"": 0.75, ""spike|large"": 1.0, ""spike|medium"": 0.5, ""spike|small"": 0.25}"
G6,lstm,ft_pole,0.5,full,96,resid,False,lstm|ft_pole|lam0.5|full|w96|resid,0,A_val,24.2,24,2,0.9767006002825779,0.9791666666666666,0.9708078750848609,0.08128637664003156,7.636363636363637,"{""camera_dead|large"": 1.0, ""camera_dead|medium"": 1.0, ""camera_dead|small"": 1.0, ""drift|large"": 1.0, ""drift|medium"": 1.0, ""drift|small"": 1.0, ""dropout|large"": 1.0, ""dropout|medium"": 1.0, ""dropout|small"": 1.0, ""lamp_off_night|large"": 1.0, ""lamp_off_night|medium"": 1.0, ""lamp_off_night|small"": 1.0, ""lamp_on_day|large"": 1.0, ""lamp_on_day|medium"": 1.0, ""lamp_on_day|small"": 1.0, ""level_shift|large"": 1.0, ""level_shift|medium"": 1.0, ""level_shift|small"": 1.0, ""signage_stuck|large"": 1.0, ""signage_stuck|medium"": 1.0, ""signage_stuck|small"": 0.5, ""spike|large"": 1.0, ""spike|medium"": 1.0, ""spike|small"": 1.0}"
G6,lstm,ft_pole,0.5,full,96,resid,False,lstm|ft_pole|lam0.5|full|w96|resid,0,A_test,24.2,24,2,0.9655306117743815,0.9895833333333334,0.9691132514114912,0.16674147217235188,15.32,"{""camera_dead|large"": 1.0, ""camera_dead|medium"": 1.0, ""camera_dead|small"": 1.0, ""drift|large"": 1.0, ""drift|medium"": 1.0, ""drift|small"": 1.0, ""dropout|large"": 1.0, ""dropout|medium"": 1.0, ""dropout|small"": 1.0, ""lamp_off_night|large"": 1.0, ""lamp_off_night|medium"": 1.0, ""lamp_off_night|small"": 1.0, ""lamp_on_day|large"": 1.0, ""lamp_on_day|medium"": 1.0, ""lamp_on_day|small"": 1.0, ""level_shift|large"": 1.0, ""level_shift|medium"": 1.0, ""level_shift|small"": 1.0, ""signage_stuck|large"": 1.0, ""signage_stuck|medium"": 1.0, ""signage_stuck|small"": 0.75, ""spike|large"": 1.0, ""spike|medium"": 1.0, ""spike|small"": 1.0}"
G6,lstm,ft_pole,0.5,full,96,resid,False,lstm|ft_pole|lam0.5|full|w96|resid,0,B_val,24.2,24,2,0.7291374603172569,0.5833333333333334,0.29160419790104947,0.047202050405809486,5.888888888888889,"{""drift|large"": 1.0, ""drift|medium"": 1.0, ""drift|small"": 0.5, ""dropout|large"": 1.0, ""dropout|medium"": 0.5, ""dropout|small"": 0.5, ""lamp_off_night|large"": 0.5, ""lamp_off_night|medium"": 0.5, ""lamp_off_night|small"": 0.5, ""lamp_on_day|large"": 0.0, ""lamp_on_day|medium"": 0.5, ""lamp_on_day|small"": 0.0, ""level_shift|large"": 1.0, ""level_shift|medium"": 1.0, ""level_shift|small"": 0.0, ""spike|large"": 1.0, ""spike|medium"": 1.0, ""spike|small"": 0.0}"
G6,lstm,ft_pole,0.5,full,96,resid,False,lstm|ft_pole|lam0.5|full|w96|resid,0,B_test,24.2,24,2,0.7932706875258384,0.625,0.23073351903435468,0.01908148662127586,4.640151515151515,"{""drift|large"": 1.0, ""drift|medium"": 0.75, ""drift|small"": 0.25, ""dropout|large"": 1.0, ""dropout|medium"": 1.0, ""dropout|small"": 0.75, ""lamp_off_night|large"": 0.75, ""lamp_off_night|medium"": 0.25, ""lamp_off_night|small"": 0.75, ""lamp_on_day|large"": 0.25, ""lamp_on_day|medium"": 0.25, ""lamp_on_day|small"": 0.25, ""level_shift|large"": 1.0, ""level_shift|medium"": 1.0, ""level_shift|small"": 0.5, ""spike|large"": 1.0, ""spike|medium"": 0.5, ""spike|small"": 0.0}"
G6,lstm,ft_pole,0.5,full,96,resid,False,lstm|ft_pole|lam0.5|full|w96|resid,1,A_val,20.2,20,2,0.9769968137132287,1.0,0.9646978954514596,0.06126072802604321,4.859504132231406,"{""camera_dead|large"": 1.0, ""camera_dead|medium"": 1.0, ""camera_dead|small"": 1.0, ""drift|large"": 1.0, ""drift|medium"": 1.0, ""drift|small"": 1.0, ""dropout|large"": 1.0, ""dropout|medium"": 1.0, ""dropout|small"": 1.0, ""lamp_off_night|large"": 1.0, ""lamp_off_night|medium"": 1.0, ""lamp_off_night|small"": 1.0, ""lamp_on_day|large"": 1.0, ""lamp_on_day|medium"": 1.0, ""lamp_on_day|small"": 1.0, ""level_shift|large"": 1.0, ""level_shift|medium"": 1.0, ""level_shift|small"": 1.0, ""signage_stuck|large"": 1.0, ""signage_stuck|medium"": 1.0, ""signage_stuck|small"": 1.0, ""spike|large"": 1.0, ""spike|medium"": 1.0, ""spike|small"": 1.0}"
G6,lstm,ft_pole,0.5,full,96,resid,False,lstm|ft_pole|lam0.5|full|w96|resid,1,A_test,20.2,20,2,0.9637758500101663,1.0,0.9637994021919628,0.11003889886295631,10.56,"{""camera_dead|large"": 1.0, ""camera_dead|medium"": 1.0, ""camera_dead|small"": 1.0, ""drift|large"": 1.0, ""drift|medium"": 1.0, ""drift|small"": 1.0, ""dropout|large"": 1.0, ""dropout|medium"": 1.0, ""dropout|small"": 1.0, ""lamp_off_night|large"": 1.0, ""lamp_off_night|medium"": 1.0, ""lamp_off_night|small"": 1.0, ""lamp_on_day|large"": 1.0, ""lamp_on_day|medium"": 1.0, ""lamp_on_day|small"": 1.0, ""level_shift|large"": 1.0, ""level_shift|medium"": 1.0, ""level_shift|small"": 1.0, ""signage_stuck|large"": 1.0, ""signage_stuck|medium"": 1.0, ""signage_stuck|small"": 1.0, ""spike|large"": 1.0, ""spike|medium"": 1.0, ""spike|small"": 1.0}"
G6,lstm,ft_pole,0.5,full,96,resid,False,lstm|ft_pole|lam0.5|full|w96|resid,1,B_val,20.2,20,2,0.706822101550677,0.5555555555555556,0.2826086956521739,0.06599743699273815,5.222222222222222,"{""drift|large"": 1.0, ""drift|medium"": 1.0, ""drift|small"": 0.0, ""dropout|large"": 1.0, ""dropout|medium"": 0.5, ""dropout|small"": 0.5, ""lamp_off_night|large"": 0.5, ""lamp_off_night|medium"": 0.5, ""lamp_off_night|small"": 0.5, ""lamp_on_day|large"": 0.0, ""lamp_on_day|medium"": 0.5, ""lamp_on_day|small"": 0.0, ""level_shift|large"": 1.0, ""level_shift|medium"": 1.0, ""level_shift|small"": 0.0, ""spike|large"": 1.0, ""spike|medium"": 1.0, ""spike|small"": 0.0}"
G6,lstm,ft_pole,0.5,full,96,resid,False,lstm|ft_pole|lam0.5|full|w96|resid,1,B_test,20.2,20,2,0.7831410265934832,0.5833333333333334,0.22051996285979572,0.017520274079535107,3.5,"{""drift|large"": 1.0, ""drift|medium"": 0.75, ""drift|small"": 0.0, ""dropout|large"": 1.0, ""dropout|medium"": 1.0, ""dropout|small"": 0.5, ""lamp_off_night|large"": 0.75, ""lamp_off_night|medium"": 0.25, ""lamp_off_night|small"": 0.75, ""lamp_on_day|large"": 0.25, ""lamp_on_day|medium"": 0.25, ""lamp_on_day|small"": 0.25, ""level_shift|large"": 1.0, ""level_shift|medium"": 0.75, ""level_shift|small"": 0.5, ""spike|large"": 1.0, ""spike|medium"": 0.5, ""spike|small"": 0.0}"
G6,lstm,ft_pole,0.5,full,96,resid,False,lstm|ft_pole|lam0.5|full|w96|resid,2,A_val,24.1,24,11,0.9738290779524855,0.9791666666666666,0.9592668024439919,0.0856269113149847,5.43801652892562,"{""camera_dead|large"": 1.0, ""camera_dead|medium"": 1.0, ""camera_dead|small"": 1.0, ""drift|large"": 1.0, ""drift|medium"": 1.0, ""drift|small"": 1.0, ""dropout|large"": 1.0, ""dropout|medium"": 1.0, ""dropout|small"": 1.0, ""lamp_off_night|large"": 1.0, ""lamp_off_night|medium"": 1.0, ""lamp_off_night|small"": 1.0, ""lamp_on_day|large"": 1.0, ""lamp_on_day|medium"": 1.0, ""lamp_on_day|small"": 1.0, ""level_shift|large"": 1.0, ""level_shift|medium"": 1.0, ""level_shift|small"": 1.0, ""signage_stuck|large"": 1.0, ""signage_stuck|medium"": 1.0, ""signage_stuck|small"": 0.5, ""spike|large"": 1.0, ""spike|medium"": 1.0, ""spike|small"": 1.0}"
G6,lstm,ft_pole,0.5,full,96,resid,False,lstm|ft_pole|lam0.5|full|w96|resid,2,A_test,24.1,24,11,0.9567225181317017,0.9895833333333334,0.9614745931584191,0.14654398563734292,11.48,"{""camera_dead|large"": 1.0, ""camera_dead|medium"": 1.0, ""camera_dead|small"": 1.0, ""drift|large"": 1.0, ""drift|medium"": 1.0, ""drift|small"": 1.0, ""dropout|large"": 1.0, ""dropout|medium"": 1.0, ""dropout|small"": 1.0, ""lamp_off_night|large"": 1.0, ""lamp_off_night|medium"": 1.0, ""lamp_off_night|small"": 1.0, ""lamp_on_day|large"": 1.0, ""lamp_on_day|medium"": 1.0, ""lamp_on_day|small"": 1.0, ""level_shift|large"": 1.0, ""level_shift|medium"": 1.0, ""level_shift|small"": 1.0, ""signage_stuck|large"": 1.0, ""signage_stuck|medium"": 1.0, ""signage_stuck|small"": 0.75, ""spike|large"": 1.0, ""spike|medium"": 1.0, ""spike|small"": 1.0}"
G6,lstm,ft_pole,0.5,full,96,resid,False,lstm|ft_pole|lam0.5|full|w96|resid,2,B_val,24.1,24,11,0.7339307706249396,0.5833333333333334,0.3028485757121439,0.07155061939342161,5.111111111111111,"{""drift|large"": 1.0, ""drift|medium"": 1.0, ""drift|small"": 0.5, ""dropout|large"": 1.0, ""dropout|medium"": 0.5, ""dropout|small"": 0.5, ""lamp_off_night|large"": 0.5, ""lamp_off_night|medium"": 0.5, ""lamp_off_night|small"": 0.5, ""lamp_on_day|large"": 0.0, ""lamp_on_day|medium"": 0.5, ""lamp_on_day|small"": 0.0, ""level_shift|large"": 1.0, ""level_shift|medium"": 1.0, ""level_shift|small"": 0.0, ""spike|large"": 1.0, ""spike|medium"": 1.0, ""spike|small"": 0.0}"
G6,lstm,ft_pole,0.5,full,96,resid,False,lstm|ft_pole|lam0.5|full|w96|resid,2,B_test,24.1,24,11,0.7986172928569695,0.5972222222222222,0.2223769730733519,0.025629905893577345,4.454545454545454,"{""drift|large"": 1.0, ""drift|medium"": 0.75, ""drift|small"": 0.25, ""dropout|large"": 1.0, ""dropout|medium"": 1.0, ""dropout|small"": 0.5, ""lamp_off_night|large"": 0.75, ""lamp_off_night|medium"": 0.25, ""lamp_off_night|small"": 0.75, ""lamp_on_day|large"": 0.0, ""lamp_on_day|medium"": 0.25, ""lamp_on_day|small"": 0.25, ""level_shift|large"": 1.0, ""level_shift|medium"": 0.75, ""level_shift|small"": 0.5, ""spike|large"": 1.0, ""spike|medium"": 0.5, ""spike|small"": 0.25}"
G6,transformer,ft_pole,0.5,full,48,resid,True,transformer|ft_pole|lam0.5|full|w48|resid|fusion,0,A_val,104.0,61,16,0.9846431117050114,1.0,0.9674134419551935,0.1061458025056723,9.024793388429753,"{""camera_dead|large"": 1.0, ""camera_dead|medium"": 1.0, ""camera_dead|small"": 1.0, ""drift|large"": 1.0, ""drift|medium"": 1.0, ""drift|small"": 1.0, ""dropout|large"": 1.0, ""dropout|medium"": 1.0, ""dropout|small"": 1.0, ""lamp_off_night|large"": 1.0, ""lamp_off_night|medium"": 1.0, ""lamp_off_night|small"": 1.0, ""lamp_on_day|large"": 1.0, ""lamp_on_day|medium"": 1.0, ""lamp_on_day|small"": 1.0, ""level_shift|large"": 1.0, ""level_shift|medium"": 1.0, ""level_shift|small"": 1.0, ""signage_stuck|large"": 1.0, ""signage_stuck|medium"": 1.0, ""signage_stuck|small"": 1.0, ""spike|large"": 1.0, ""spike|medium"": 1.0, ""spike|small"": 1.0}"
G6,transformer,ft_pole,0.5,full,48,resid,True,transformer|ft_pole|lam0.5|full|w48|resid|fusion,0,A_test,104.0,61,16,0.9737618757156334,1.0,0.9671205579541681,0.16502094554159186,15.48,"{""camera_dead|large"": 1.0, ""camera_dead|medium"": 1.0, ""camera_dead|small"": 1.0, ""drift|large"": 1.0, ""drift|medium"": 1.0, ""drift|small"": 1.0, ""dropout|large"": 1.0, ""dropout|medium"": 1.0, ""dropout|small"": 1.0, ""lamp_off_night|large"": 1.0, ""lamp_off_night|medium"": 1.0, ""lamp_off_night|small"": 1.0, ""lamp_on_day|large"": 1.0, ""lamp_on_day|medium"": 1.0, ""lamp_on_day|small"": 1.0, ""level_shift|large"": 1.0, ""level_shift|medium"": 1.0, ""level_shift|small"": 1.0, ""signage_stuck|large"": 1.0, ""signage_stuck|medium"": 1.0, ""signage_stuck|small"": 1.0, ""spike|large"": 1.0, ""spike|medium"": 1.0, ""spike|small"": 1.0}"
G6,transformer,ft_pole,0.5,full,48,resid,True,transformer|ft_pole|lam0.5|full|w48|resid|fusion,0,B_val,104.0,61,16,0.748187418465052,0.6388888888888888,0.3335832083958021,0.0647159333618112,7.777777777777778,"{""drift|large"": 1.0, ""drift|medium"": 1.0, ""drift|small"": 0.5, ""dropout|large"": 1.0, ""dropout|medium"": 1.0, ""dropout|small"": 1.0, ""lamp_off_night|large"": 0.5, ""lamp_off_night|medium"": 0.5, ""lamp_off_night|small"": 0.0, ""lamp_on_day|large"": 0.0, ""lamp_on_day|medium"": 1.0, ""lamp_on_day|small"": 0.0, ""level_shift|large"": 1.0, ""level_shift|medium"": 1.0, ""level_shift|small"": 0.0, ""spike|large"": 1.0, ""spike|medium"": 1.0, ""spike|small"": 0.0}"
G6,transformer,ft_pole,0.5,full,48,resid,True,transformer|ft_pole|lam0.5|full|w48|resid|fusion,0,B_test,104.0,61,16,0.8014569565463716,0.7083333333333334,0.29619312906220985,0.03655839368576261,8.219696969696969,"{""drift|large"": 1.0, ""drift|medium"": 1.0, ""drift|small"": 0.25, ""dropout|large"": 1.0, ""dropout|medium"": 1.0, ""dropout|small"": 1.0, ""lamp_off_night|large"": 0.75, ""lamp_off_night|medium"": 0.25, ""lamp_off_night|small"": 0.5, ""lamp_on_day|large"": 0.25, ""lamp_on_day|medium"": 0.25, ""lamp_on_day|small"": 0.5, ""level_shift|large"": 1.0, ""level_shift|medium"": 1.0, ""level_shift|small"": 0.75, ""spike|large"": 1.0, ""spike|medium"": 0.75, ""spike|small"": 0.5}"
