group,backbone,strategy,lam,cond,window,config,seed,eval_set,seconds,best_ep1,best_ep2,auroc,event_recall,bin_recall,fpr,fa_per_pole_week,recall_by_kind
G3,lstm,ft_pole,0.0,full,96,lstm|ft_pole|lam0.0|full|w96,0,A_val,28.6,32,4,0.9843187034169556,0.875,0.9266802443991853,0.06875801519187136,6.826446280991736,"{""camera_dead|large"": 1.0, ""camera_dead|medium"": 1.0, ""camera_dead|small"": 1.0, ""drift|large"": 1.0, ""drift|medium"": 1.0, ""drift|small"": 1.0, ""dropout|large"": 1.0, ""dropout|medium"": 1.0, ""dropout|small"": 1.0, ""lamp_off_night|large"": 1.0, ""lamp_off_night|medium"": 1.0, ""lamp_off_night|small"": 0.0, ""lamp_on_day|large"": 1.0, ""lamp_on_day|medium"": 1.0, ""lamp_on_day|small"": 0.0, ""level_shift|large"": 1.0, ""level_shift|medium"": 1.0, ""level_shift|small"": 1.0, ""signage_stuck|large"": 1.0, ""signage_stuck|medium"": 1.0, ""signage_stuck|small"": 0.0, ""spike|large"": 1.0, ""spike|medium"": 1.0, ""spike|small"": 1.0}"
G3,lstm,ft_pole,0.0,full,96,lstm|ft_pole|lam0.0|full|w96,0,A_test,28.6,32,4,0.9732905587948916,0.9375,0.9269345732314845,0.12956313584679832,10.0,"{""camera_dead|large"": 1.0, ""camera_dead|medium"": 1.0, ""camera_dead|small"": 1.0, ""drift|large"": 1.0, ""drift|medium"": 1.0, ""drift|small"": 1.0, ""dropout|large"": 1.0, ""dropout|medium"": 1.0, ""dropout|small"": 1.0, ""lamp_off_night|large"": 1.0, ""lamp_off_night|medium"": 1.0, ""lamp_off_night|small"": 0.75, ""lamp_on_day|large"": 1.0, ""lamp_on_day|medium"": 1.0, ""lamp_on_day|small"": 0.5, ""level_shift|large"": 1.0, ""level_shift|medium"": 1.0, ""level_shift|small"": 1.0, ""signage_stuck|large"": 1.0, ""signage_stuck|medium"": 1.0, ""signage_stuck|small"": 0.25, ""spike|large"": 1.0, ""spike|medium"": 1.0, ""spike|small"": 1.0}"
G3,lstm,ft_pole,0.0,full,96,lstm|ft_pole|lam0.0|full|w96,0,B_val,28.6,32,4,0.7289371653344621,0.5,0.191904047976012,0.01345578812473302,2.5555555555555554,"{""drift|large"": 1.0, ""drift|medium"": 0.5, ""drift|small"": 0.5, ""dropout|large"": 1.0, ""dropout|medium"": 1.0, ""dropout|small"": 1.0, ""lamp_off_night|large"": 0.0, ""lamp_off_night|medium"": 0.0, ""lamp_off_night|small"": 0.0, ""lamp_on_day|large"": 0.0, ""lamp_on_day|medium"": 1.0, ""lamp_on_day|small"": 0.0, ""level_shift|large"": 1.0, ""level_shift|medium"": 0.0, ""level_shift|small"": 0.0, ""spike|large"": 1.0, ""spike|medium"": 0.5, ""spike|small"": 0.5}"
G3,lstm,ft_pole,0.0,full,96,lstm|ft_pole|lam0.0|full|w96,0,B_test,28.6,32,4,0.7072666688491107,0.4305555555555556,0.11884865366759517,0.011752461078103994,2.1477272727272725,"{""drift|large"": 1.0, ""drift|medium"": 1.0, ""drift|small"": 0.5, ""dropout|large"": 0.75, ""dropout|medium"": 0.75, ""dropout|small"": 0.25, ""lamp_off_night|large"": 0.25, ""lamp_off_night|medium"": 0.0, ""lamp_off_night|small"": 0.0, ""lamp_on_day|large"": 0.0, ""lamp_on_day|medium"": 0.25, ""lamp_on_day|small"": 0.25, ""level_shift|large"": 0.75, ""level_shift|medium"": 0.25, ""level_shift|small"": 0.5, ""spike|large"": 1.0, ""spike|medium"": 0.25, ""spike|small"": 0.0}"
G3,lstm,ft_pole,0.0,full,96,lstm|ft_pole|lam0.0|full|w96,1,A_val,19.9,17,9,0.9859313019239944,0.875,0.9253224711473184,0.029989148663312617,5.7272727272727275,"{""camera_dead|large"": 1.0, ""camera_dead|medium"": 1.0, ""camera_dead|small"": 1.0, ""drift|large"": 1.0, ""drift|medium"": 1.0, ""drift|small"": 1.0, ""dropout|large"": 1.0, ""dropout|medium"": 1.0, ""dropout|small"": 1.0, ""lamp_off_night|large"": 1.0, ""lamp_off_night|medium"": 1.0, ""lamp_off_night|small"": 0.0, ""lamp_on_day|large"": 1.0, ""lamp_on_day|medium"": 1.0, ""lamp_on_day|small"": 0.0, ""level_shift|large"": 1.0, ""level_shift|medium"": 1.0, ""level_shift|small"": 1.0, ""signage_stuck|large"": 1.0, ""signage_stuck|medium"": 1.0, ""signage_stuck|small"": 0.0, ""spike|large"": 1.0, ""spike|medium"": 1.0, ""spike|small"": 1.0}"
G3,lstm,ft_pole,0.0,full,96,lstm|ft_pole|lam0.0|full|w96,1,A_test,19.9,17,9,0.9728370799190122,0.8958333333333334,0.919628030554633,0.08707360861759425,9.92,"{""camera_dead|large"": 1.0, ""camera_dead|medium"": 1.0, ""camera_dead|small"": 1.0, ""drift|large"": 1.0, ""drift|medium"": 1.0, ""drift|small"": 1.0, ""dropout|large"": 1.0, ""dropout|medium"": 1.0, ""dropout|small"": 1.0, ""lamp_off_night|large"": 1.0, ""lamp_off_night|medium"": 1.0, ""lamp_off_night|small"": 0.5, ""lamp_on_day|large"": 1.0, ""lamp_on_day|medium"": 1.0, ""lamp_on_day|small"": 0.0, ""level_shift|large"": 1.0, ""level_shift|medium"": 1.0, ""level_shift|small"": 1.0, ""signage_stuck|large"": 1.0, ""signage_stuck|medium"": 1.0, ""signage_stuck|small"": 0.0, ""spike|large"": 1.0, ""spike|medium"": 1.0, ""spike|small"": 1.0}"
G3,lstm,ft_pole,0.0,full,96,lstm|ft_pole|lam0.0|full|w96,1,B_val,19.9,17,9,0.7119413915425884,0.4722222222222222,0.1679160419790105,0.012601452370781717,2.111111111111111,"{""drift|large"": 1.0, ""drift|medium"": 0.5, ""drift|small"": 0.0, ""dropout|large"": 1.0, ""dropout|medium"": 1.0, ""dropout|small"": 0.5, ""lamp_off_night|large"": 0.0, ""lamp_off_night|medium"": 0.0, ""lamp_off_night|small"": 0.0, ""lamp_on_day|large"": 0.0, ""lamp_on_day|medium"": 1.0, ""lamp_on_day|small"": 0.0, ""level_shift|large"": 1.0, ""level_shift|medium"": 0.0, ""level_shift|small"": 0.0, ""spike|large"": 1.0, ""spike|medium"": 1.0, ""spike|small"": 0.5}"
G3,lstm,ft_pole,0.0,full,96,lstm|ft_pole|lam0.0|full|w96,1,B_test,19.9,17,9,0.7372166260518667,0.4444444444444444,0.11281337047353761,0.007892796738800468,1.6439393939393938,"{""drift|large"": 1.0, ""drift|medium"": 1.0, ""drift|small"": 0.25, ""dropout|large"": 1.0, ""dropout|medium"": 1.0, ""dropout|small"": 0.25, ""lamp_off_night|large"": 0.25, ""lamp_off_night|medium"": 0.0, ""lamp_off_night|small"": 0.0, ""lamp_on_day|large"": 0.0, ""lamp_on_day|medium"": 0.25, ""lamp_on_day|small"": 0.25, ""level_shift|large"": 0.75, ""level_shift|medium"": 0.25, ""level_shift|small"": 0.5, ""spike|large"": 1.0, ""spike|medium"": 0.25, ""spike|small"": 0.0}"
G3,lstm,ft_pole,0.0,full,96,lstm|ft_pole|lam0.0|full|w96,2,A_val,27.1,24,18,0.9866012813859493,0.875,0.9253224711473184,0.04222156456545329,6.132231404958678,"{""camera_dead|large"": 1.0, ""camera_dead|medium"": 1.0, ""camera_dead|small"": 1.0, ""drift|large"": 1.0, ""drift|medium"": 1.0, ""drift|small"": 1.0, ""dropout|large"": 1.0, ""dropout|medium"": 1.0, ""dropout|small"": 1.0, ""lamp_off_night|large"": 1.0, ""lamp_off_night|medium"": 1.0, ""lamp_off_night|small"": 0.0, ""lamp_on_day|large"": 1.0, ""lamp_on_day|medium"": 1.0, ""lamp_on_day|small"": 0.0, ""level_shift|large"": 1.0, ""level_shift|medium"": 1.0, ""level_shift|small"": 1.0, ""signage_stuck|large"": 1.0, ""signage_stuck|medium"": 1.0, ""signage_stuck|small"": 0.0, ""spike|large"": 1.0, ""spike|medium"": 1.0, ""spike|small"": 1.0}"
G3,lstm,ft_pole,0.0,full,96,lstm|ft_pole|lam0.0|full|w96,2,A_test,27.1,24,18,0.9799023866409639,0.9375,0.9275988043839256,0.08662477558348294,9.64,"{""camera_dead|large"": 1.0, ""camera_dead|medium"": 1.0, ""camera_dead|small"": 1.0, ""drift|large"": 1.0, ""drift|medium"": 1.0, ""drift|small"": 1.0, ""dropout|large"": 1.0, ""dropout|medium"": 1.0, ""dropout|small"": 1.0, ""lamp_off_night|large"": 1.0, ""lamp_off_night|medium"": 1.0, ""lamp_off_night|small"": 0.75, ""lamp_on_day|large"": 1.0, ""lamp_on_day|medium"": 1.0, ""lamp_on_day|small"": 0.5, ""level_shift|large"": 1.0, ""level_shift|medium"": 1.0, ""level_shift|small"": 1.0, ""signage_stuck|large"": 1.0, ""signage_stuck|medium"": 1.0, ""signage_stuck|small"": 0.25, ""spike|large"": 1.0, ""spike|medium"": 1.0, ""spike|small"": 1.0}"
G3,lstm,ft_pole,0.0,full,96,lstm|ft_pole|lam0.0|full|w96,2,B_val,27.1,24,18,0.7261458442073281,0.5,0.16041979010494753,0.011106364801366937,1.7777777777777777,"{""drift|large"": 1.0, ""drift|medium"": 0.5, ""drift|small"": 0.0, ""dropout|large"": 1.0, ""dropout|medium"": 1.0, ""dropout|small"": 1.0, ""lamp_off_night|large"": 0.0, ""lamp_off_night|medium"": 0.0, ""lamp_off_night|small"": 0.0, ""lamp_on_day|large"": 0.0, ""lamp_on_day|medium"": 0.5, ""lamp_on_day|small"": 0.0, ""level_shift|large"": 1.0, ""level_shift|medium"": 0.0, ""level_shift|small"": 0.5, ""spike|large"": 1.0, ""spike|medium"": 1.0, ""spike|small"": 0.5}"
G3,lstm,ft_pole,0.0,full,96,lstm|ft_pole|lam0.0|full|w96,2,B_test,27.1,24,18,0.73241704105447,0.4305555555555556,0.10492107706592387,0.009497376295589574,2.015151515151515,"{""drift|large"": 1.0, ""drift|medium"": 1.0, ""drift|small"": 0.25, ""dropout|large"": 1.0, ""dropout|medium"": 1.0, ""dropout|small"": 0.25, ""lamp_off_night|large"": 0.25, ""lamp_off_night|medium"": 0.0, ""lamp_off_night|small"": 0.0, ""lamp_on_day|large"": 0.0, ""lamp_on_day|medium"": 0.25, ""lamp_on_day|small"": 0.25, ""level_shift|large"": 0.75, ""level_shift|medium"": 0.25, ""level_shift|small"": 0.5, ""spike|large"": 0.75, ""spike|medium"": 0.25, ""spike|small"": 0.0}"
G5,lstm,ft_pole,0.5,full,48,lstm|ft_pole|lam0.5|full|w48,0,A_val,32.9,25,27,0.9870742317018557,0.9166666666666666,0.9327902240325866,0.06283910427148072,7.636363636363637,"{""camera_dead|large"": 1.0, ""camera_dead|medium"": 1.0, ""camera_dead|small"": 1.0, ""drift|large"": 1.0, ""drift|medium"": 1.0, ""drift|small"": 1.0, ""dropout|large"": 1.0, ""dropout|medium"": 1.0, ""dropout|small"": 1.0, ""lamp_off_night|large"": 1.0, ""lamp_off_night|medium"": 1.0, ""lamp_off_night|small"": 0.0, ""lamp_on_day|large"": 1.0, ""lamp_on_day|medium"": 1.0, ""lamp_on_day|small"": 0.5, ""level_shift|large"": 1.0, ""level_shift|medium"": 1.0, ""level_shift|small"": 1.0, ""signage_stuck|large"": 1.0, ""signage_stuck|medium"": 1.0, ""signage_stuck|small"": 0.5, ""spike|large"": 1.0, ""spike|medium"": 1.0, ""spike|small"": 1.0}"
G5,lstm,ft_pole,0.5,full,48,lstm|ft_pole|lam0.5|full|w48,0,A_test,32.9,25,27,0.9732756275066428,0.9166666666666666,0.9176353370973098,0.10742070616397367,10.0,"{""camera_dead|large"": 1.0, ""camera_dead|medium"": 1.0, ""camera_dead|small"": 1.0, ""drift|large"": 1.0, ""drift|medium"": 1.0, ""drift|small"": 1.0, ""dropout|large"": 1.0, ""dropout|medium"": 1.0, ""dropout|small"": 1.0, ""lamp_off_night|large"": 1.0, ""lamp_off_night|medium"": 1.0, ""lamp_off_night|small"": 0.75, ""lamp_on_day|large"": 1.0, ""lamp_on_day|medium"": 1.0, ""lamp_on_day|small"": 0.0, ""level_shift|large"": 1.0, ""level_shift|medium"": 1.0, ""level_shift|small"": 1.0, ""signage_stuck|large"": 1.0, ""signage_stuck|medium"": 1.0, ""signage_stuck|small"": 0.25, ""spike|large"": 1.0, ""spike|medium"": 1.0, ""spike|small"": 1.0}"
G5,lstm,ft_pole,0.5,full,48,lstm|ft_pole|lam0.5|full|w48,0,B_val,32.9,25,27,0.7685126360356772,0.4722222222222222,0.20539730134932535,0.01345578812473302,3.111111111111111,"{""drift|large"": 1.0, ""drift|medium"": 0.0, ""drift|small"": 0.5, ""dropout|large"": 1.0, ""dropout|medium"": 1.0, ""dropout|small"": 1.0, ""lamp_off_night|large"": 0.0, ""lamp_off_night|medium"": 0.0, ""lamp_off_night|small"": 0.0, ""lamp_on_day|large"": 0.0, ""lamp_on_day|medium"": 0.5, ""lamp_on_day|small"": 0.0, ""level_shift|large"": 1.0, ""level_shift|medium"": 0.0, ""level_shift|small"": 0.0, ""spike|large"": 1.0, ""spike|medium"": 1.0, ""spike|small"": 0.5}"
G5,lstm,ft_pole,0.5,full,48,lstm|ft_pole|lam0.5|full|w48,0,B_test,32.9,25,27,0.7562144590299085,0.5555555555555556,0.16945218198700093,0.015568758402359165,3.128787878787879,"{""drift|large"": 1.0, ""drift|medium"": 1.0, ""drift|small"": 0.5, ""dropout|large"": 1.0, ""dropout|medium"": 1.0, ""dropout|small"": 0.75, ""lamp_off_night|large"": 0.25, ""lamp_off_night|medium"": 0.0, ""lamp_off_night|small"": 0.0, ""lamp_on_day|large"": 0.25, ""lamp_on_day|medium"": 0.75, ""lamp_on_day|small"": 0.25, ""level_shift|large"": 1.0, ""level_shift|medium"": 0.25, ""level_shift|small"": 0.5, ""spike|large"": 1.0, ""spike|medium"": 0.5, ""spike|small"": 0.0}"
G5,lstm,ft_pole,0.5,full,48,lstm|ft_pole|lam0.5|full|w48,1,A_val,44.0,51,16,0.988673636890821,0.875,0.9287169042769857,0.041432376442734536,6.884297520661158,"{""camera_dead|large"": 1.0, ""camera_dead|medium"": 1.0, ""camera_dead|small"": 1.0, ""drift|large"": 1.0, ""drift|medium"": 1.0, ""drift|small"": 1.0, ""dropout|large"": 1.0, ""dropout|medium"": 1.0, ""dropout|small"": 1.0, ""lamp_off_night|large"": 1.0, ""lamp_off_night|medium"": 1.0, ""lamp_off_night|small"": 0.0, ""lamp_on_day|large"": 1.0, ""lamp_on_day|medium"": 1.0, ""lamp_on_day|small"": 0.0, ""level_shift|large"": 1.0, ""level_shift|medium"": 1.0, ""level_shift|small"": 1.0, ""signage_stuck|large"": 1.0, ""signage_stuck|medium"": 1.0, ""signage_stuck|small"": 0.0, ""spike|large"": 1.0, ""spike|medium"": 1.0, ""spike|small"": 1.0}"
G5,lstm,ft_pole,0.5,full,48,lstm|ft_pole|lam0.5|full|w48,1,A_test,44.0,51,16,0.9743007685166359,0.90625,0.918963799402192,0.11392878515858768,11.32,"{""camera_dead|large"": 1.0, ""camera_dead|medium"": 1.0, ""camera_dead|small"": 1.0, ""drift|large"": 1.0, ""drift|medium"": 1.0, ""drift|small"": 1.0, ""dropout|large"": 1.0, ""dropout|medium"": 1.0, ""dropout|small"": 1.0, ""lamp_off_night|large"": 1.0, ""lamp_off_night|medium"": 1.0, ""lamp_off_night|small"": 0.75, ""lamp_on_day|large"": 1.0, ""lamp_on_day|medium"": 1.0, ""lamp_on_day|small"": 0.0, ""level_shift|large"": 1.0, ""level_shift|medium"": 1.0, ""level_shift|small"": 1.0, ""signage_stuck|large"": 1.0, ""signage_stuck|medium"": 1.0, ""signage_stuck|small"": 0.0, ""spike|large"": 1.0, ""spike|medium"": 1.0, ""spike|small"": 1.0}"
G5,lstm,ft_pole,0.5,full,48,lstm|ft_pole|lam0.5|full|w48,1,B_val,44.0,51,16,0.7622637848098591,0.5277777777777778,0.22638680659670166,0.016018795386586928,3.2222222222222223,"{""drift|large"": 1.0, ""drift|medium"": 0.5, ""drift|small"": 1.0, ""dropout|large"": 1.0, ""dropout|medium"": 1.0, ""dropout|small"": 0.5, ""lamp_off_night|large"": 0.0, ""lamp_off_night|medium"": 0.0, ""lamp_off_night|small"": 0.0, ""lamp_on_day|large"": 0.0, ""lamp_on_day|medium"": 0.5, ""lamp_on_day|small"": 0.0, ""level_shift|large"": 1.0, ""level_shift|medium"": 0.0, ""level_shift|small"": 0.0, ""spike|large"": 1.0, ""spike|medium"": 1.0, ""spike|small"": 1.0}"
G5,lstm,ft_pole,0.5,full,48,lstm|ft_pole|lam0.5|full|w48,1,B_test,44.0,51,16,0.7604681310221816,0.5694444444444444,0.1745589600742804,0.0215967734940804,4.587121212121212,"{""drift|large"": 1.0, ""drift|medium"": 1.0, ""drift|small"": 0.5, ""dropout|large"": 1.0, ""dropout|medium"": 1.0, ""dropout|small"": 0.5, ""lamp_off_night|large"": 0.25, ""lamp_off_night|medium"": 0.0, ""lamp_off_night|small"": 0.0, ""lamp_on_day|large"": 0.25, ""lamp_on_day|medium"": 0.5, ""lamp_on_day|small"": 0.5, ""level_shift|large"": 1.0, ""level_shift|medium"": 0.25, ""level_shift|small"": 0.75, ""spike|large"": 1.0, ""spike|medium"": 0.5, ""spike|small"": 0.25}"
G5,lstm,ft_pole,0.5,full,48,lstm|ft_pole|lam0.5|full|w48,2,A_val,32.1,27,29,0.9874746522539378,0.8958333333333334,0.9280380176510523,0.05119857946137911,6.421487603305786,"{""camera_dead|large"": 1.0, ""camera_dead|medium"": 1.0, ""camera_dead|small"": 1.0, ""drift|large"": 1.0, ""drift|medium"": 1.0, ""drift|small"": 1.0, ""dropout|large"": 1.0, ""dropout|medium"": 1.0, ""dropout|small"": 1.0, ""lamp_off_night|large"": 1.0, ""lamp_off_night|medium"": 1.0, ""lamp_off_night|small"": 0.0, ""lamp_on_day|large"": 1.0, ""lamp_on_day|medium"": 1.0, ""lamp_on_day|small"": 0.0, ""level_shift|large"": 1.0, ""level_shift|medium"": 1.0, ""level_shift|small"": 1.0, ""signage_stuck|large"": 1.0, ""signage_stuck|medium"": 1.0, ""signage_stuck|small"": 0.5, ""spike|large"": 1.0, ""spike|medium"": 1.0, ""spike|small"": 1.0}"
G5,lstm,ft_pole,0.5,full,48,lstm|ft_pole|lam0.5|full|w48,2,A_test,32.1,27,29,0.9773707506944912,0.9375,0.920292261707074,0.08654997007779773,10.44,"{""camera_dead|large"": 1.0, ""camera_dead|medium"": 1.0, ""camera_dead|small"": 1.0, ""drift|large"": 1.0, ""drift|medium"": 1.0, ""drift|small"": 1.0, ""dropout|large"": 1.0, ""dropout|medium"": 1.0, ""dropout|small"": 1.0, ""lamp_off_night|large"": 1.0, ""lamp_off_night|medium"": 1.0, ""lamp_off_night|small"": 0.75, ""lamp_on_day|large"": 1.0, ""lamp_on_day|medium"": 1.0, ""lamp_on_day|small"": 0.5, ""level_shift|large"": 1.0, ""level_shift|medium"": 1.0, ""level_shift|small"": 1.0, ""signage_stuck|large"": 1.0, ""signage_stuck|medium"": 1.0, ""signage_stuck|small"": 0.25, ""spike|large"": 1.0, ""spike|medium"": 1.0, ""spike|small"": 1.0}"
G5,lstm,ft_pole,0.5,full,48,lstm|ft_pole|lam0.5|full|w48,2,B_val,32.1,27,29,0.7391227496034127,0.5,0.20164917541229385,0.01345578812473302,3.0,"{""drift|large"": 1.0, ""drift|medium"": 0.5, ""drift|small"": 0.5, ""dropout|large"": 1.0, ""dropout|medium"": 1.0, ""dropout|small"": 1.0, ""lamp_off_night|large"": 0.0, ""lamp_off_night|medium"": 0.0, ""lamp_off_night|small"": 0.0, ""lamp_on_day|large"": 0.0, ""lamp_on_day|medium"": 0.5, ""lamp_on_day|small"": 0.0, ""level_shift|large"": 1.0, ""level_shift|medium"": 0.0, ""level_shift|small"": 0.0, ""spike|large"": 1.0, ""spike|medium"": 1.0, ""spike|small"": 0.5}"
G5,lstm,ft_pole,0.5,full,48,lstm|ft_pole|lam0.5|full|w48,2,B_test,32.1,27,29,0.7480398370930361,0.4861111111111111,0.14531104921077065,0.017086603929051564,3.5795454545454546,"{""drift|large"": 1.0, ""drift|medium"": 0.75, ""drift|small"": 0.5, ""dropout|large"": 1.0, ""dropout|medium"": 1.0, ""dropout|small"": 0.25, ""lamp_off_night|large"": 0.25, ""lamp_off_night|medium"": 0.0, ""lamp_off_night|small"": 0.0, ""lamp_on_day|large"": 0.25, ""lamp_on_day|medium"": 0.5, ""lamp_on_day|small"": 0.25, ""level_shift|large"": 0.75, ""level_shift|medium"": 0.25, ""level_shift|small"": 0.5, ""spike|large"": 1.0, ""spike|medium"": 0.25, ""spike|small"": 0.25}"
G2,lstm,b_only,0.5,full,96,lstm|b_only|lam0.5|full|w96,0,B_val,13.4,32,0.7210379218763108,0.4166666666666667,0.15517241379310345,0.012387868432293891,2.3333333333333335,"{""drift|large"": 1.0, ""drift|medium"": 0.0, ""drift|small"": 0.0, ""dropout|large"": 1.0, ""dropout|medium"": 1.0, ""dropout|small"": 0.5, ""lamp_off_night|large"": 0.0, ""lamp_off_night|medium"": 0.0, ""lamp_off_night|small"": 0.0, ""lamp_on_day|large"": 0.0, ""lamp_on_day|medium"": 0.5, ""lamp_on_day|small"": 0.0, ""level_shift|large"": 1.0, ""level_shift|medium"": 0.0, ""level_shift|small"": 0.0, ""spike|large"": 1.0, ""spike|medium"": 1.0, ""spike|small"": 0.5}"
G2,lstm,b_only,0.5,full,96,lstm|b_only|lam0.5|full|w96,0,B_test,13.4,32,0.7306588246862445,0.4166666666666667,0.11142061281337047,0.011535626002862223,2.3863636363636362,"{""drift|large"": 1.0, ""drift|medium"": 0.5, ""drift|small"": 0.5, ""dropout|large"": 0.75, ""dropout|medium"": 1.0, ""dropout|small"": 0.5, ""lamp_off_night|large"": 0.25, ""lamp_off_night|medium"": 0.0, ""lamp_off_night|small"": 0.0, ""lamp_on_day|large"": 0.0, ""lamp_on_day|medium"": 0.25, ""lamp_on_day|small"": 0.25, ""level_shift|large"": 0.75, ""level_shift|medium"": 0.0, ""level_shift|small"": 0.5, ""spike|large"": 1.0, ""spike|medium"": 0.25, ""spike|small"": 0.0}"
G2,lstm,ft_decoder,0.5,full,96,lstm|ft_decoder|lam0.5|full|w96,0,A_val,21.0,18,10,0.9874713706672087,0.875,0.9287169042769857,0.05692019335109007,8.851239669421489,"{""camera_dead|large"": 1.0, ""camera_dead|medium"": 1.0, ""camera_dead|small"": 1.0, ""drift|large"": 1.0, ""drift|medium"": 1.0, ""drift|small"": 1.0, ""dropout|large"": 1.0, ""dropout|medium"": 1.0, ""dropout|small"": 1.0, ""lamp_off_night|large"": 1.0, ""lamp_off_night|medium"": 1.0, ""lamp_off_night|small"": 0.0, ""lamp_on_day|large"": 1.0, ""lamp_on_day|medium"": 1.0, ""lamp_on_day|small"": 0.0, ""level_shift|large"": 1.0, ""level_shift|medium"": 1.0, ""level_shift|small"": 1.0, ""signage_stuck|large"": 1.0, ""signage_stuck|medium"": 1.0, ""signage_stuck|small"": 0.0, ""spike|large"": 1.0, ""spike|medium"": 1.0, ""spike|small"": 1.0}"
G2,lstm,ft_decoder,0.5,full,96,lstm|ft_decoder|lam0.5|full|w96,0,A_test,21.0,18,10,0.975450900061037,0.9270833333333334,0.9339090003321155,0.11819269898264512,10.12,"{""camera_dead|large"": 1.0, ""camera_dead|medium"": 1.0, ""camera_dead|small"": 1.0, ""drift|large"": 1.0, ""drift|medium"": 1.0, ""drift|small"": 1.0, ""dropout|large"": 1.0, ""dropout|medium"": 1.0, ""dropout|small"": 1.0, ""lamp_off_night|large"": 1.0, ""lamp_off_night|medium"": 1.0, ""lamp_off_night|small"": 0.75, ""lamp_on_day|large"": 1.0, ""lamp_on_day|medium"": 1.0, ""lamp_on_day|small"": 0.25, ""level_shift|large"": 1.0, ""level_shift|medium"": 1.0, ""level_shift|small"": 1.0, ""signage_stuck|large"": 1.0, ""signage_stuck|medium"": 1.0, ""signage_stuck|small"": 0.25, ""spike|large"": 1.0, ""spike|medium"": 1.0, ""spike|small"": 1.0}"
G2,lstm,ft_decoder,0.5,full,96,lstm|ft_decoder|lam0.5|full|w96,0,B_val,21.0,18,10,0.7110936202125335,0.4722222222222222,0.1889055472263868,0.012815036309269542,2.7777777777777777,"{""drift|large"": 1.0, ""drift|medium"": 0.5, ""drift|small"": 0.5, ""dropout|large"": 1.0, ""dropout|medium"": 1.0, ""dropout|small"": 0.5, ""lamp_off_night|large"": 0.0, ""lamp_off_night|medium"": 0.0, ""lamp_off_night|small"": 0.0, ""lamp_on_day|large"": 0.0, ""lamp_on_day|medium"": 1.0, ""lamp_on_day|small"": 0.0, ""level_shift|large"": 1.0, ""level_shift|medium"": 0.0, ""level_shift|small"": 0.0, ""spike|large"": 1.0, ""spike|medium"": 0.5, ""spike|small"": 0.5}"
G2,lstm,ft_decoder,0.5,full,96,lstm|ft_decoder|lam0.5|full|w96,0,B_test,21.0,18,10,0.7038646936245212,0.4166666666666667,0.11142061281337047,0.007415759573268572,1.2992424242424243,"{""drift|large"": 1.0, ""drift|medium"": 0.75, ""drift|small"": 0.25, ""dropout|large"": 0.75, ""dropout|medium"": 0.75, ""dropout|small"": 0.25, ""lamp_off_night|large"": 0.25, ""lamp_off_night|medium"": 0.0, ""lamp_off_night|small"": 0.0, ""lamp_on_day|large"": 0.0, ""lamp_on_day|medium"": 0.5, ""lamp_on_day|small"": 0.25, ""level_shift|large"": 0.75, ""level_shift|medium"": 0.25, ""level_shift|small"": 0.5, ""spike|large"": 1.0, ""spike|medium"": 0.25, ""spike|small"": 0.0}"
G2,lstm,ft_pole,0.5,full,96,lstm|ft_pole|lam0.5|full|w96,0,A_val,9.8,18,20,0.9874214771546982,0.875,0.9280380176510523,0.05534181710565256,7.925619834710744,"{""camera_dead|large"": 1.0, ""camera_dead|medium"": 1.0, ""camera_dead|small"": 1.0, ""drift|large"": 1.0, ""drift|medium"": 1.0, ""drift|small"": 1.0, ""dropout|large"": 1.0, ""dropout|medium"": 1.0, ""dropout|small"": 1.0, ""lamp_off_night|large"": 1.0, ""lamp_off_night|medium"": 1.0, ""lamp_off_night|small"": 0.0, ""lamp_on_day|large"": 1.0, ""lamp_on_day|medium"": 1.0, ""lamp_on_day|small"": 0.0, ""level_shift|large"": 1.0, ""level_shift|medium"": 1.0, ""level_shift|small"": 1.0, ""signage_stuck|large"": 1.0, ""signage_stuck|medium"": 1.0, ""signage_stuck|small"": 0.0, ""spike|large"": 1.0, ""spike|medium"": 1.0, ""spike|small"": 1.0}"
G2,lstm,ft_pole,0.5,full,96,lstm|ft_pole|lam0.5|full|w96,0,A_test,9.8,18,20,0.9744761676764292,0.9166666666666666,0.9269345732314845,0.1128067025733094,9.48,"{""camera_dead|large"": 1.0, ""camera_dead|medium"": 1.0, ""camera_dead|small"": 1.0, ""drift|large"": 1.0, ""drift|medium"": 1.0, ""drift|small"": 1.0, ""dropout|large"": 1.0, ""dropout|medium"": 1.0, ""dropout|small"": 1.0, ""lamp_off_night|large"": 1.0, ""lamp_off_night|medium"": 1.0, ""lamp_off_night|small"": 0.75, ""lamp_on_day|large"": 1.0, ""lamp_on_day|medium"": 1.0, ""lamp_on_day|small"": 0.25, ""level_shift|large"": 1.0, ""level_shift|medium"": 1.0, ""level_shift|small"": 1.0, ""signage_stuck|large"": 1.0, ""signage_stuck|medium"": 1.0, ""signage_stuck|small"": 0.0, ""spike|large"": 1.0, ""spike|medium"": 1.0, ""spike|small"": 1.0}"
G2,lstm,ft_pole,0.5,full,96,lstm|ft_pole|lam0.5|full|w96,0,B_val,9.8,18,20,0.7410514093657997,0.4722222222222222,0.17316341829085458,0.013242204186245195,2.5555555555555554,"{""drift|large"": 1.0, ""drift|medium"": 0.5, ""drift|small"": 0.0, ""dropout|large"": 1.0, ""dropout|medium"": 1.0, ""dropout|small"": 1.0, ""lamp_off_night|large"": 0.0, ""lamp_off_night|medium"": 0.0, ""lamp_off_night|small"": 0.0, ""lamp_on_day|large"": 0.0, ""lamp_on_day|medium"": 0.5, ""lamp_on_day|small"": 0.0, ""level_shift|large"": 1.0, ""level_shift|medium"": 0.0, ""level_shift|small"": 0.0, ""spike|large"": 1.0, ""spike|medium"": 1.0, ""spike|small"": 0.5}"
G2,lstm,ft_pole,0.5,full,96,lstm|ft_pole|lam0.5|full|w96,0,B_test,9.8,18,20,0.7384211982479405,0.4444444444444444,0.11142061281337047,0.01027798256645995,2.0946969696969697,"{""drift|large"": 1.0, ""drift|medium"": 1.0, ""drift|small"": 0.5, ""dropout|large"": 0.75, ""dropout|medium"": 1.0, ""dropout|small"": 0.25, ""lamp_off_night|large"": 0.25, ""lamp_off_night|medium"": 0.0, ""lamp_off_night|small"": 0.0, ""lamp_on_day|large"": 0.0, ""lamp_on_day|medium"": 0.25, ""lamp_on_day|small"": 0.25, ""level_shift|large"": 0.75, ""level_shift|medium"": 0.25, ""level_shift|small"": 0.5, ""spike|large"": 1.0, ""spike|medium"": 0.25, ""spike|small"": 0.0}"
G2,lstm,joint,0.5,full,96,lstm|joint|lam0.5|full|w96,0,A_val,26.7,16,0.9865457622961892,0.8958333333333334,0.9321113374066531,0.07043503995264871,6.537190082644629,"{""camera_dead|large"": 1.0, ""camera_dead|medium"": 1.0, ""camera_dead|small"": 1.0, ""drift|large"": 1.0, ""drift|medium"": 1.0, ""drift|small"": 1.0, ""dropout|large"": 1.0, ""dropout|medium"": 1.0, ""dropout|small"": 1.0, ""lamp_off_night|large"": 1.0, ""lamp_off_night|medium"": 1.0, ""lamp_off_night|small"": 0.0, ""lamp_on_day|large"": 1.0, ""lamp_on_day|medium"": 1.0, ""lamp_on_day|small"": 0.0, ""level_shift|large"": 1.0, ""level_shift|medium"": 1.0, ""level_shift|small"": 1.0, ""signage_stuck|large"": 1.0, ""signage_stuck|medium"": 1.0, ""signage_stuck|small"": 0.5, ""spike|large"": 1.0, ""spike|medium"": 1.0, ""spike|small"": 1.0}"
G2,lstm,joint,0.5,full,96,lstm|joint|lam0.5|full|w96,0,A_test,26.7,16,0.9727610570537195,0.9375,0.9305878445699103,0.1298623578695392,10.96,"{""camera_dead|large"": 1.0, ""camera_dead|medium"": 1.0, ""camera_dead|small"": 1.0, ""drift|large"": 1.0, ""drift|medium"": 1.0, ""drift|small"": 1.0, ""dropout|large"": 1.0, ""dropout|medium"": 1.0, ""dropout|small"": 1.0, ""lamp_off_night|large"": 1.0, ""lamp_off_night|medium"": 1.0, ""lamp_off_night|small"": 0.75, ""lamp_on_day|large"": 1.0, ""lamp_on_day|medium"": 1.0, ""lamp_on_day|small"": 0.5, ""level_shift|large"": 1.0, ""level_shift|medium"": 1.0, ""level_shift|small"": 1.0, ""signage_stuck|large"": 1.0, ""signage_stuck|medium"": 1.0, ""signage_stuck|small"": 0.25, ""spike|large"": 1.0, ""spike|medium"": 1.0, ""spike|small"": 1.0}"
G2,lstm,joint,0.5,full,96,lstm|joint|lam0.5|full|w96,0,B_val,26.7,16,0.7308486935515581,0.4722222222222222,0.18140929535232383,0.012815036309269542,2.5555555555555554,"{""drift|large"": 1.0, ""drift|medium"": 0.5, ""drift|small"": 0.0, ""dropout|large"": 1.0, ""dropout|medium"": 1.0, ""dropout|small"": 0.5, ""lamp_off_night|large"": 0.0, ""lamp_off_night|medium"": 0.0, ""lamp_off_night|small"": 0.0, ""lamp_on_day|large"": 0.0, ""lamp_on_day|medium"": 1.0, ""lamp_on_day|small"": 0.0, ""level_shift|large"": 1.0, ""level_shift|medium"": 0.0, ""level_shift|small"": 0.0, ""spike|large"": 1.0, ""spike|medium"": 1.0, ""spike|small"": 0.5}"
G2,lstm,joint,0.5,full,96,lstm|joint|lam0.5|full|w96,0,B_test,26.7,16,0.7188177269861579,0.4444444444444444,0.116991643454039,0.01448458302615031,2.4128787878787876,"{""drift|large"": 1.0, ""drift|medium"": 1.0, ""drift|small"": 0.25, ""dropout|large"": 0.75, ""dropout|medium"": 1.0, ""dropout|small"": 0.5, ""lamp_off_night|large"": 0.25, ""lamp_off_night|medium"": 0.0, ""lamp_off_night|small"": 0.0, ""lamp_on_day|large"": 0.0, ""lamp_on_day|medium"": 0.25, ""lamp_on_day|small"": 0.25, ""level_shift|large"": 0.75, ""level_shift|medium"": 0.25, ""level_shift|small"": 0.5, ""spike|large"": 1.0, ""spike|medium"": 0.25, ""spike|small"": 0.0}"
G2,lstm,no_update,0.5,full,96,lstm|no_update|lam0.5|full|w96,0,A_val,0.9,18,0.9897907158017977,0.9166666666666666,0.9375424304141209,0.05652559928973069,8.388429752066116,"{""camera_dead|large"": 1.0, ""camera_dead|medium"": 1.0, ""camera_dead|small"": 1.0, ""drift|large"": 1.0, ""drift|medium"": 1.0, ""drift|small"": 1.0, ""dropout|large"": 1.0, ""dropout|medium"": 1.0, ""dropout|small"": 1.0, ""lamp_off_night|large"": 1.0, ""lamp_off_night|medium"": 1.0, ""lamp_off_night|small"": 0.0, ""lamp_on_day|large"": 1.0, ""lamp_on_day|medium"": 1.0, ""lamp_on_day|small"": 0.5, ""level_shift|large"": 1.0, ""level_shift|medium"": 1.0, ""level_shift|small"": 1.0, ""signage_stuck|large"": 1.0, ""signage_stuck|medium"": 1.0, ""signage_stuck|small"": 0.5, ""spike|large"": 1.0, ""spike|medium"": 1.0, ""spike|small"": 1.0}"
G2,lstm,no_update,0.5,full,96,lstm|no_update|lam0.5|full|w96,0,A_test,0.9,18,0.975419497151975,0.9375,0.9375622716705414,0.12043686415320168,10.32,"{""camera_dead|large"": 1.0, ""camera_dead|medium"": 1.0, ""camera_dead|small"": 1.0, ""drift|large"": 1.0, ""drift|medium"": 1.0, ""drift|small"": 1.0, ""dropout|large"": 1.0, ""dropout|medium"": 1.0, ""dropout|small"": 1.0, ""lamp_off_night|large"": 1.0, ""lamp_off_night|medium"": 1.0, ""lamp_off_night|small"": 0.75, ""lamp_on_day|large"": 1.0, ""lamp_on_day|medium"": 1.0, ""lamp_on_day|small"": 0.5, ""level_shift|large"": 1.0, ""level_shift|medium"": 1.0, ""level_shift|small"": 1.0, ""signage_stuck|large"": 1.0, ""signage_stuck|medium"": 1.0, ""signage_stuck|small"": 0.25, ""spike|large"": 1.0, ""spike|medium"": 1.0, ""spike|small"": 1.0}"
G2,lstm,no_update,0.5,full,96,lstm|no_update|lam0.5|full|w96,0,B_val,0.9,18,0.6790059156666861,0.4444444444444444,0.2136431784107946,0.011533532678342588,2.5555555555555554,"{""drift|large"": 1.0, ""drift|medium"": 0.5, ""drift|small"": 0.5, ""dropout|large"": 1.0, ""dropout|medium"": 0.5, ""dropout|small"": 0.0, ""lamp_off_night|large"": 0.0, ""lamp_off_night|medium"": 0.5, ""lamp_off_night|small"": 0.0, ""lamp_on_day|large"": 0.0, ""lamp_on_day|medium"": 0.5, ""lamp_on_day|small"": 0.0, ""level_shift|large"": 1.0, ""level_shift|medium"": 1.0, ""level_shift|small"": 0.0, ""spike|large"": 1.0, ""spike|medium"": 0.5, ""spike|small"": 0.0}"
G2,lstm,no_update,0.5,full,96,lstm|no_update|lam0.5|full|w96,0,B_test,0.9,18,0.6693455764416524,0.3611111111111111,0.1327762302692665,0.0040331323994969425,1.2196969696969697,"{""drift|large"": 1.0, ""drift|medium"": 0.5, ""drift|small"": 0.0, ""dropout|large"": 0.75, ""dropout|medium"": 0.5, ""dropout|small"": 0.25, ""lamp_off_night|large"": 0.25, ""lamp_off_night|medium"": 0.25, ""lamp_off_night|small"": 0.25, ""lamp_on_day|large"": 0.0, ""lamp_on_day|medium"": 0.5, ""lamp_on_day|small"": 0.0, ""level_shift|large"": 0.75, ""level_shift|medium"": 0.25, ""level_shift|small"": 0.5, ""spike|large"": 0.5, ""spike|medium"": 0.25, ""spike|small"": 0.0}"
G2,lstm,b_only,0.5,full,96,lstm|b_only|lam0.5|full|w96,1,B_val,7.6,14,0.705468549364788,0.4722222222222222,0.15667166416791603,0.013028620247757368,2.2222222222222223,"{""drift|large"": 1.0, ""drift|medium"": 0.5, ""drift|small"": 0.5, ""dropout|large"": 1.0, ""dropout|medium"": 1.0, ""dropout|small"": 0.5, ""lamp_off_night|large"": 0.0, ""lamp_off_night|medium"": 0.0, ""lamp_off_night|small"": 0.0, ""lamp_on_day|large"": 0.0, ""lamp_on_day|medium"": 0.5, ""lamp_on_day|small"": 0.0, ""level_shift|large"": 1.0, ""level_shift|medium"": 0.0, ""level_shift|small"": 0.0, ""spike|large"": 1.0, ""spike|medium"": 1.0, ""spike|small"": 0.5}"
G2,lstm,b_only,0.5,full,96,lstm|b_only|lam0.5|full|w96,1,B_test,7.6,14,0.6833512801101274,0.3888888888888889,0.09935004642525534,0.007632594648510343,1.4318181818181819,"{""drift|large"": 1.0, ""drift|medium"": 0.5, ""drift|small"": 0.25, ""dropout|large"": 0.75, ""dropout|medium"": 1.0, ""dropout|small"": 0.5, ""lamp_off_night|large"": 0.25, ""lamp_off_night|medium"": 0.0, ""lamp_off_night|small"": 0.0, ""lamp_on_day|large"": 0.0, ""lamp_on_day|medium"": 0.25, ""lamp_on_day|small"": 0.25, ""level_shift|large"": 0.75, ""level_shift|medium"": 0.25, ""level_shift|small"": 0.5, ""spike|large"": 0.5, ""spike|medium"": 0.25, ""spike|small"": 0.0}"
G2,lstm,ft_decoder,0.5,full,96,lstm|ft_decoder|lam0.5|full|w96,1,A_val,23.5,20,14,0.9863917286334045,0.875,0.9260013577732519,0.03748643582914077,5.206611570247934,"{""camera_dead|large"": 1.0, ""camera_dead|medium"": 1.0, ""camera_dead|small"": 1.0, ""drift|large"": 1.0, ""drift|medium"": 1.0, ""drift|small"": 1.0, ""dropout|large"": 1.0, ""dropout|medium"": 1.0, ""dropout|small"": 1.0, ""lamp_off_night|large"": 1.0, ""lamp_off_night|medium"": 1.0, ""lamp_off_night|small"": 0.0, ""lamp_on_day|large"": 1.0, ""lamp_on_day|medium"": 1.0, ""lamp_on_day|small"": 0.0, ""level_shift|large"": 1.0, ""level_shift|medium"": 1.0, ""level_shift|small"": 1.0, ""signage_stuck|large"": 1.0, ""signage_stuck|medium"": 1.0, ""signage_stuck|small"": 0.0, ""spike|large"": 1.0, ""spike|medium"": 1.0, ""spike|small"": 1.0}"
G2,lstm,ft_decoder,0.5,full,96,lstm|ft_decoder|lam0.5|full|w96,1,A_test,23.5,20,14,0.9757169800895619,0.90625,0.9156426436399867,0.07690005984440455,9.48,"{""camera_dead|large"": 1.0, ""camera_dead|medium"": 1.0, ""camera_dead|small"": 1.0, ""drift|large"": 1.0, ""drift|medium"": 1.0, ""drift|small"": 1.0, ""dropout|large"": 1.0, ""dropout|medium"": 1.0, ""dropout|small"": 1.0, ""lamp_off_night|large"": 1.0, ""lamp_off_night|medium"": 1.0, ""lamp_off_night|small"": 0.75, ""lamp_on_day|large"": 1.0, ""lamp_on_day|medium"": 1.0, ""lamp_on_day|small"": 0.0, ""level_shift|large"": 1.0, ""level_shift|medium"": 1.0, ""level_shift|small"": 1.0, ""signage_stuck|large"": 1.0, ""signage_stuck|medium"": 1.0, ""signage_stuck|small"": 0.0, ""spike|large"": 1.0, ""spike|medium"": 1.0, ""spike|small"": 1.0}"
G2,lstm,ft_decoder,0.5,full,96,lstm|ft_decoder|lam0.5|full|w96,1,B_val,23.5,20,14,0.702911145879431,0.4444444444444444,0.191904047976012,0.01836821870995301,2.5555555555555554,"{""drift|large"": 1.0, ""drift|medium"": 0.5, ""drift|small"": 0.5, ""dropout|large"": 1.0, ""dropout|medium"": 1.0, ""dropout|small"": 0.5, ""lamp_off_night|large"": 0.0, ""lamp_off_night|medium"": 0.0, ""lamp_off_night|small"": 0.0, ""lamp_on_day|large"": 0.0, ""lamp_on_day|medium"": 0.5, ""lamp_on_day|small"": 0.0, ""level_shift|large"": 1.0, ""level_shift|medium"": 0.0, ""level_shift|small"": 0.0, ""spike|large"": 1.0, ""spike|medium"": 0.5, ""spike|small"": 0.5}"
G2,lstm,ft_decoder,0.5,full,96,lstm|ft_decoder|lam0.5|full|w96,1,B_test,23.5,20,14,0.7215531407201654,0.4027777777777778,0.10120705663881151,0.01036471659655666,1.803030303030303,"{""drift|large"": 1.0, ""drift|medium"": 0.75, ""drift|small"": 0.25, ""dropout|large"": 0.75, ""dropout|medium"": 0.75, ""dropout|small"": 0.25, ""lamp_off_night|large"": 0.25, ""lamp_off_night|medium"": 0.0, ""lamp_off_night|small"": 0.0, ""lamp_on_day|large"": 0.0, ""lamp_on_day|medium"": 0.25, ""lamp_on_day|small"": 0.25, ""level_shift|large"": 0.75, ""level_shift|medium"": 0.25, ""level_shift|small"": 0.5, ""spike|large"": 1.0, ""spike|medium"": 0.25, ""spike|small"": 0.0}"
G2,lstm,ft_pole,0.5,full,96,lstm|ft_pole|lam0.5|full|w96,1,A_val,8.6,20,16,0.9864142979135606,0.875,0.9253224711473184,0.03344184670020716,4.62809917355372,"{""camera_dead|large"": 1.0, ""camera_dead|medium"": 1.0, ""camera_dead|small"": 1.0, ""drift|large"": 1.0, ""drift|medium"": 1.0, ""drift|small"": 1.0, ""dropout|large"": 1.0, ""dropout|medium"": 1.0, ""dropout|small"": 1.0, ""lamp_off_night|large"": 1.0, ""lamp_off_night|medium"": 1.0, ""lamp_off_night|small"": 0.0, ""lamp_on_day|large"": 1.0, ""lamp_on_day|medium"": 1.0, ""lamp_on_day|small"": 0.0, ""level_shift|large"": 1.0, ""level_shift|medium"": 1.0, ""level_shift|small"": 1.0, ""signage_stuck|large"": 1.0, ""signage_stuck|medium"": 1.0, ""signage_stuck|small"": 0.0, ""spike|large"": 1.0, ""spike|medium"": 1.0, ""spike|small"": 1.0}"
G2,lstm,ft_pole,0.5,full,96,lstm|ft_pole|lam0.5|full|w96,1,A_test,8.6,20,16,0.9746572561290826,0.90625,0.9146462969113252,0.08393177737881508,10.32,"{""camera_dead|large"": 1.0, ""camera_dead|medium"": 1.0, ""camera_dead|small"": 1.0, ""drift|large"": 1.0, ""drift|medium"": 1.0, ""drift|small"": 1.0, ""dropout|large"": 1.0, ""dropout|medium"": 1.0, ""dropout|small"": 1.0, ""lamp_off_night|large"": 1.0, ""lamp_off_night|medium"": 1.0, ""lamp_off_night|small"": 0.75, ""lamp_on_day|large"": 1.0, ""lamp_on_day|medium"": 1.0, ""lamp_on_day|small"": 0.0, ""level_shift|large"": 1.0, ""level_shift|medium"": 1.0, ""level_shift|small"": 1.0, ""signage_stuck|large"": 1.0, ""signage_stuck|medium"": 1.0, ""signage_stuck|small"": 0.0, ""spike|large"": 1.0, ""spike|medium"": 1.0, ""spike|small"": 1.0}"
G2,lstm,ft_pole,0.5,full,96,lstm|ft_pole|lam0.5|full|w96,1,B_val,8.6,20,16,0.7241025471886012,0.4444444444444444,0.1724137931034483,0.012815036309269542,2.3333333333333335,"{""drift|large"": 1.0, ""drift|medium"": 0.5, ""drift|small"": 0.0, ""dropout|large"": 1.0, ""dropout|medium"": 1.0, ""dropout|small"": 0.5, ""lamp_off_night|large"": 0.0, ""lamp_off_night|medium"": 0.0, ""lamp_off_night|small"": 0.0, ""lamp_on_day|large"": 0.0, ""lamp_on_day|medium"": 0.5, ""lamp_on_day|small"": 0.0, ""level_shift|large"": 1.0, ""level_shift|medium"": 0.0, ""level_shift|small"": 0.0, ""spike|large"": 1.0, ""spike|medium"": 1.0, ""spike|small"": 0.5}"
G2,lstm,ft_pole,0.5,full,96,lstm|ft_pole|lam0.5|full|w96,1,B_test,8.6,20,16,0.7401449263632515,0.4166666666666667,0.10399257195914577,0.007632594648510343,1.7234848484848484,"{""drift|large"": 1.0, ""drift|medium"": 0.75, ""drift|small"": 0.25, ""dropout|large"": 0.75, ""dropout|medium"": 1.0, ""dropout|small"": 0.25, ""lamp_off_night|large"": 0.25, ""lamp_off_night|medium"": 0.0, ""lamp_off_night|small"": 0.0, ""lamp_on_day|large"": 0.0, ""lamp_on_day|medium"": 0.25, ""lamp_on_day|small"": 0.25, ""level_shift|large"": 0.75, ""level_shift|medium"": 0.25, ""level_shift|small"": 0.5, ""spike|large"": 1.0, ""spike|medium"": 0.25, ""spike|small"": 0.0}"
G2,lstm,joint,0.5,full,96,lstm|joint|lam0.5|full|w96,1,A_val,22.1,12,0.9900444695184458,0.8958333333333334,0.93346911065852,0.03669724770642202,5.669421487603306,"{""camera_dead|large"": 1.0, ""camera_dead|medium"": 1.0, ""camera_dead|small"": 1.0, ""drift|large"": 1.0, ""drift|medium"": 1.0, ""drift|small"": 1.0, ""dropout|large"": 1.0, ""dropout|medium"": 1.0, ""dropout|small"": 1.0, ""lamp_off_night|large"": 1.0, ""lamp_off_night|medium"": 1.0, ""lamp_off_night|small"": 0.0, ""lamp_on_day|large"": 1.0, ""lamp_on_day|medium"": 1.0, ""lamp_on_day|small"": 0.0, ""level_shift|large"": 1.0, ""level_shift|medium"": 1.0, ""level_shift|small"": 1.0, ""signage_stuck|large"": 1.0, ""signage_stuck|medium"": 1.0, ""signage_stuck|small"": 0.5, ""spike|large"": 1.0, ""spike|medium"": 1.0, ""spike|small"": 1.0}"
G2,lstm,joint,0.5,full,96,lstm|joint|lam0.5|full|w96,1,A_test,22.1,12,0.9771875008074324,0.9270833333333334,0.9335768847558951,0.09747157390783961,12.32,"{""camera_dead|large"": 1.0, ""camera_dead|medium"": 1.0, ""camera_dead|small"": 1.0, ""drift|large"": 1.0, ""drift|medium"": 1.0, ""drift|small"": 1.0, ""dropout|large"": 1.0, ""dropout|medium"": 1.0, ""dropout|small"": 1.0, ""lamp_off_night|large"": 1.0, ""lamp_off_night|medium"": 1.0, ""lamp_off_night|small"": 0.75, ""lamp_on_day|large"": 1.0, ""lamp_on_day|medium"": 1.0, ""lamp_on_day|small"": 0.25, ""level_shift|large"": 1.0, ""level_shift|medium"": 1.0, ""level_shift|small"": 1.0, ""signage_stuck|large"": 1.0, ""signage_stuck|medium"": 1.0, ""signage_stuck|small"": 0.25, ""spike|large"": 1.0, ""spike|medium"": 1.0, ""spike|small"": 1.0}"
G2,lstm,joint,0.5,full,96,lstm|joint|lam0.5|full|w96,1,B_val,22.1,12,0.7200329245885387,0.5,0.17391304347826086,0.01196070055531824,2.3333333333333335,"{""drift|large"": 1.0, ""drift|medium"": 0.5, ""drift|small"": 0.5, ""dropout|large"": 1.0, ""dropout|medium"": 1.0, ""dropout|small"": 1.0, ""lamp_off_night|large"": 0.0, ""lamp_off_night|medium"": 0.0, ""lamp_off_night|small"": 0.0, ""lamp_on_day|large"": 0.0, ""lamp_on_day|medium"": 0.5, ""lamp_on_day|small"": 0.0, ""level_shift|large"": 1.0, ""level_shift|medium"": 0.0, ""level_shift|small"": 0.0, ""spike|large"": 1.0, ""spike|medium"": 1.0, ""spike|small"": 0.5}"
G2,lstm,joint,0.5,full,96,lstm|joint|lam0.5|full|w96,1,B_test,22.1,12,0.7320454417059336,0.4444444444444444,0.12070566388115135,0.010104514506266534,1.9621212121212122,"{""drift|large"": 1.0, ""drift|medium"": 0.75, ""drift|small"": 0.5, ""dropout|large"": 0.75, ""dropout|medium"": 1.0, ""dropout|small"": 0.5, ""lamp_off_night|large"": 0.25, ""lamp_off_night|medium"": 0.0, ""lamp_off_night|small"": 0.0, ""lamp_on_day|large"": 0.0, ""lamp_on_day|medium"": 0.25, ""lamp_on_day|small"": 0.25, ""level_shift|large"": 0.75, ""level_shift|medium"": 0.25, ""level_shift|small"": 0.5, ""spike|large"": 1.0, ""spike|medium"": 0.25, ""spike|small"": 0.0}"
G2,lstm,no_update,0.5,full,96,lstm|no_update|lam0.5|full|w96,1,A_val,0.9,20,0.9890287179691184,0.9166666666666666,0.9321113374066531,0.03797967840583999,5.264462809917355,"{""camera_dead|large"": 1.0, ""camera_dead|medium"": 1.0, ""camera_dead|small"": 1.0, ""drift|large"": 1.0, ""drift|medium"": 1.0, ""drift|small"": 1.0, ""dropout|large"": 1.0, ""dropout|medium"": 1.0, ""dropout|small"": 1.0, ""lamp_off_night|large"": 1.0, ""lamp_off_night|medium"": 1.0, ""lamp_off_night|small"": 0.0, ""lamp_on_day|large"": 1.0, ""lamp_on_day|medium"": 1.0, ""lamp_on_day|small"": 0.5, ""level_shift|large"": 1.0, ""level_shift|medium"": 1.0, ""level_shift|small"": 1.0, ""signage_stuck|large"": 1.0, ""signage_stuck|medium"": 1.0, ""signage_stuck|small"": 0.5, ""spike|large"": 1.0, ""spike|medium"": 1.0, ""spike|small"": 1.0}"
G2,lstm,no_update,0.5,full,96,lstm|no_update|lam0.5|full|w96,1,A_test,0.9,20,0.9763903290170234,0.9166666666666666,0.9262703420790435,0.08295930580490724,10.28,"{""camera_dead|large"": 1.0, ""camera_dead|medium"": 1.0, ""camera_dead|small"": 1.0, ""drift|large"": 1.0, ""drift|medium"": 1.0, ""drift|small"": 1.0, ""dropout|large"": 1.0, ""dropout|medium"": 1.0, ""dropout|small"": 1.0, ""lamp_off_night|large"": 1.0, ""lamp_off_night|medium"": 1.0, ""lamp_off_night|small"": 0.75, ""lamp_on_day|large"": 1.0, ""lamp_on_day|medium"": 1.0, ""lamp_on_day|small"": 0.0, ""level_shift|large"": 1.0, ""level_shift|medium"": 1.0, ""level_shift|small"": 1.0, ""signage_stuck|large"": 1.0, ""signage_stuck|medium"": 1.0, ""signage_stuck|small"": 0.25, ""spike|large"": 1.0, ""spike|medium"": 1.0, ""spike|small"": 1.0}"
G2,lstm,no_update,0.5,full,96,lstm|no_update|lam0.5|full|w96,1,B_val,0.9,20,0.6639951596179697,0.5277777777777778,0.21064467766116943,0.012387868432293891,2.7777777777777777,"{""drift|large"": 1.0, ""drift|medium"": 0.5, ""drift|small"": 1.0, ""dropout|large"": 1.0, ""dropout|medium"": 0.5, ""dropout|small"": 0.5, ""lamp_off_night|large"": 0.0, ""lamp_off_night|medium"": 0.5, ""lamp_off_night|small"": 0.0, ""lamp_on_day|large"": 0.0, ""lamp_on_day|medium"": 0.5, ""lamp_on_day|small"": 0.0, ""level_shift|large"": 1.0, ""level_shift|medium"": 1.0, ""level_shift|small"": 0.5, ""spike|large"": 1.0, ""spike|medium"": 0.5, ""spike|small"": 0.0}"
G2,lstm,no_update,0.5,full,96,lstm|no_update|lam0.5|full|w96,1,B_test,0.9,20,0.6589283724689438,0.3055555555555556,0.10492107706592387,0.004119866429593651,0.9810606060606061,"{""drift|large"": 0.75, ""drift|medium"": 0.25, ""drift|small"": 0.25, ""dropout|large"": 0.75, ""dropout|medium"": 0.25, ""dropout|small"": 0.25, ""lamp_off_night|large"": 0.25, ""lamp_off_night|medium"": 0.25, ""lamp_off_night|small"": 0.25, ""lamp_on_day|large"": 0.0, ""lamp_on_day|medium"": 0.25, ""lamp_on_day|small"": 0.0, ""level_shift|large"": 0.5, ""level_shift|medium"": 0.25, ""level_shift|small"": 0.5, ""spike|large"": 0.5, ""spike|medium"": 0.25, ""spike|small"": 0.0}"
G2,lstm,b_only,0.5,full,96,lstm|b_only|lam0.5|full|w96,2,B_val,11.5,25,0.7144067329854936,0.4444444444444444,0.14992503748125938,0.011747116616830415,2.0,"{""drift|large"": 1.0, ""drift|medium"": 0.5, ""drift|small"": 0.0, ""dropout|large"": 1.0, ""dropout|medium"": 1.0, ""dropout|small"": 0.5, ""lamp_off_night|large"": 0.0, ""lamp_off_night|medium"": 0.0, ""lamp_off_night|small"": 0.0, ""lamp_on_day|large"": 0.0, ""lamp_on_day|medium"": 0.5, ""lamp_on_day|small"": 0.0, ""level_shift|large"": 1.0, ""level_shift|medium"": 0.0, ""level_shift|small"": 0.0, ""spike|large"": 1.0, ""spike|medium"": 1.0, ""spike|small"": 0.5}"
G2,lstm,b_only,0.5,full,96,lstm|b_only|lam0.5|full|w96,2,B_test,11.5,25,0.7248607111473724,0.3611111111111111,0.0988857938718663,0.008413200919380718,1.696969696969697,"{""drift|large"": 1.0, ""drift|medium"": 0.5, ""drift|small"": 0.25, ""dropout|large"": 0.75, ""dropout|medium"": 1.0, ""dropout|small"": 0.25, ""lamp_off_night|large"": 0.25, ""lamp_off_night|medium"": 0.0, ""lamp_off_night|small"": 0.0, ""lamp_on_day|large"": 0.0, ""lamp_on_day|medium"": 0.25, ""lamp_on_day|small"": 0.0, ""level_shift|large"": 0.75, ""level_shift|medium"": 0.0, ""level_shift|small"": 0.25, ""spike|large"": 1.0, ""spike|medium"": 0.25, ""spike|small"": 0.0}"
G2,lstm,ft_decoder,0.5,full,96,lstm|ft_decoder|lam0.5|full|w96,2,A_val,23.1,20,14,0.9852585096734143,0.875,0.9260013577732519,0.04271480714215251,5.7272727272727275,"{""camera_dead|large"": 1.0, ""camera_dead|medium"": 1.0, ""camera_dead|small"": 1.0, ""drift|large"": 1.0, ""drift|medium"": 1.0, ""drift|small"": 1.0, ""dropout|large"": 1.0, ""dropout|medium"": 1.0, ""dropout|small"": 1.0, ""lamp_off_night|large"": 1.0, ""lamp_off_night|medium"": 1.0, ""lamp_off_night|small"": 0.0, ""lamp_on_day|large"": 1.0, ""lamp_on_day|medium"": 1.0, ""lamp_on_day|small"": 0.0, ""level_shift|large"": 1.0, ""level_shift|medium"": 1.0, ""level_shift|small"": 1.0, ""signage_stuck|large"": 1.0, ""signage_stuck|medium"": 1.0, ""signage_stuck|small"": 0.0, ""spike|large"": 1.0, ""spike|medium"": 1.0, ""spike|small"": 1.0}"
G2,lstm,ft_decoder,0.5,full,96,lstm|ft_decoder|lam0.5|full|w96,2,A_test,23.1,20,14,0.9808819636199287,0.9270833333333334,0.9256061109266025,0.07884500299222023,9.16,"{""camera_dead|large"": 1.0, ""camera_dead|medium"": 1.0, ""camera_dead|small"": 1.0, ""drift|large"": 1.0, ""drift|medium"": 1.0, ""drift|small"": 1.0, ""dropout|large"": 1.0, ""dropout|medium"": 1.0, ""dropout|small"": 1.0, ""lamp_off_night|large"": 1.0, ""lamp_off_night|medium"": 1.0, ""lamp_off_night|small"": 0.75, ""lamp_on_day|large"": 1.0, ""lamp_on_day|medium"": 1.0, ""lamp_on_day|small"": 0.25, ""level_shift|large"": 1.0, ""level_shift|medium"": 1.0, ""level_shift|small"": 1.0, ""signage_stuck|large"": 1.0, ""signage_stuck|medium"": 1.0, ""signage_stuck|small"": 0.25, ""spike|large"": 1.0, ""spike|medium"": 1.0, ""spike|small"": 1.0}"
G2,lstm,ft_decoder,0.5,full,96,lstm|ft_decoder|lam0.5|full|w96,2,B_val,23.1,20,14,0.714042167297385,0.4444444444444444,0.17691154422788605,0.011533532678342588,2.2222222222222223,"{""drift|large"": 1.0, ""drift|medium"": 0.5, ""drift|small"": 0.5, ""dropout|large"": 1.0, ""dropout|medium"": 1.0, ""dropout|small"": 0.5, ""lamp_off_night|large"": 0.0, ""lamp_off_night|medium"": 0.0, ""lamp_off_night|small"": 0.0, ""lamp_on_day|large"": 0.0, ""lamp_on_day|medium"": 0.5, ""lamp_on_day|small"": 0.0, ""level_shift|large"": 1.0, ""level_shift|medium"": 0.0, ""level_shift|small"": 0.0, ""spike|large"": 1.0, ""spike|medium"": 0.5, ""spike|small"": 0.5}"
G2,lstm,ft_decoder,0.5,full,96,lstm|ft_decoder|lam0.5|full|w96,2,B_test,23.1,20,14,0.7066971999444484,0.3888888888888889,0.10492107706592387,0.004900472700464027,1.0340909090909092,"{""drift|large"": 1.0, ""drift|medium"": 0.5, ""drift|small"": 0.25, ""dropout|large"": 0.75, ""dropout|medium"": 1.0, ""dropout|small"": 0.25, ""lamp_off_night|large"": 0.25, ""lamp_off_night|medium"": 0.0, ""lamp_off_night|small"": 0.0, ""lamp_on_day|large"": 0.0, ""lamp_on_day|medium"": 0.25, ""lamp_on_day|small"": 0.25, ""level_shift|large"": 0.75, ""level_shift|medium"": 0.25, ""level_shift|small"": 0.5, ""spike|large"": 0.75, ""spike|medium"": 0.25, ""spike|small"": 0.0}"
G2,lstm,ft_pole,0.5,full,96,lstm|ft_pole|lam0.5|full|w96,2,A_val,7.3,20,13,0.9854252678561684,0.875,0.9266802443991853,0.042122916050113444,5.785123966942149,"{""camera_dead|large"": 1.0, ""camera_dead|medium"": 1.0, ""camera_dead|small"": 1.0, ""drift|large"": 1.0, ""drift|medium"": 1.0, ""drift|small"": 1.0, ""dropout|large"": 1.0, ""dropout|medium"": 1.0, ""dropout|small"": 1.0, ""lamp_off_night|large"": 1.0, ""lamp_off_night|medium"": 1.0, ""lamp_off_night|small"": 0.0, ""lamp_on_day|large"": 1.0, ""lamp_on_day|medium"": 1.0, ""lamp_on_day|small"": 0.0, ""level_shift|large"": 1.0, ""level_shift|medium"": 1.0, ""level_shift|small"": 1.0, ""signage_stuck|large"": 1.0, ""signage_stuck|medium"": 1.0, ""signage_stuck|small"": 0.0, ""spike|large"": 1.0, ""spike|medium"": 1.0, ""spike|small"": 1.0}"
G2,lstm,ft_pole,0.5,full,96,lstm|ft_pole|lam0.5|full|w96,2,A_test,7.3,20,13,0.9805729033440322,0.9270833333333334,0.9272666888077051,0.08123877917414722,8.8,"{""camera_dead|large"": 1.0, ""camera_dead|medium"": 1.0, ""camera_dead|small"": 1.0, ""drift|large"": 1.0, ""drift|medium"": 1.0, ""drift|small"": 1.0, ""dropout|large"": 1.0, ""dropout|medium"": 1.0, ""dropout|small"": 1.0, ""lamp_off_night|large"": 1.0, ""lamp_off_night|medium"": 1.0, ""lamp_off_night|small"": 0.75, ""lamp_on_day|large"": 1.0, ""lamp_on_day|medium"": 1.0, ""lamp_on_day|small"": 0.25, ""level_shift|large"": 1.0, ""level_shift|medium"": 1.0, ""level_shift|small"": 1.0, ""signage_stuck|large"": 1.0, ""signage_stuck|medium"": 1.0, ""signage_stuck|small"": 0.25, ""spike|large"": 1.0, ""spike|medium"": 1.0, ""spike|small"": 1.0}"
G2,lstm,ft_pole,0.5,full,96,lstm|ft_pole|lam0.5|full|w96,2,B_val,7.3,20,13,0.7313106048428157,0.5,0.15742128935532235,0.011319948739854762,1.8888888888888888,"{""drift|large"": 1.0, ""drift|medium"": 0.5, ""drift|small"": 0.0, ""dropout|large"": 1.0, ""dropout|medium"": 1.0, ""dropout|small"": 1.0, ""lamp_off_night|large"": 0.0, ""lamp_off_night|medium"": 0.0, ""lamp_off_night|small"": 0.0, ""lamp_on_day|large"": 0.0, ""lamp_on_day|medium"": 0.5, ""lamp_on_day|small"": 0.0, ""level_shift|large"": 1.0, ""level_shift|medium"": 0.0, ""level_shift|small"": 0.5, ""spike|large"": 1.0, ""spike|medium"": 1.0, ""spike|small"": 0.5}"
G2,lstm,ft_pole,0.5,full,96,lstm|ft_pole|lam0.5|full|w96,2,B_test,7.3,20,13,0.7464581289053719,0.4305555555555556,0.10306406685236769,0.006765254347543259,1.5113636363636362,"{""drift|large"": 1.0, ""drift|medium"": 1.0, ""drift|small"": 0.25, ""dropout|large"": 0.75, ""dropout|medium"": 1.0, ""dropout|small"": 0.25, ""lamp_off_night|large"": 0.25, ""lamp_off_night|medium"": 0.0, ""lamp_off_night|small"": 0.0, ""lamp_on_day|large"": 0.0, ""lamp_on_day|medium"": 0.25, ""lamp_on_day|small"": 0.25, ""level_shift|large"": 0.75, ""level_shift|medium"": 0.25, ""level_shift|small"": 0.5, ""spike|large"": 1.0, ""spike|medium"": 0.25, ""spike|small"": 0.0}"
G2,lstm,joint,0.5,full,96,lstm|joint|lam0.5|full|w96,2,A_val,29.8,18,0.9892124868259362,0.9166666666666666,0.93346911065852,0.03630265364506264,5.785123966942149,"{""camera_dead|large"": 1.0, ""camera_dead|medium"": 1.0, ""camera_dead|small"": 1.0, ""drift|large"": 1.0, ""drift|medium"": 1.0, ""drift|small"": 1.0, ""dropout|large"": 1.0, ""dropout|medium"": 1.0, ""dropout|small"": 1.0, ""lamp_off_night|large"": 1.0, ""lamp_off_night|medium"": 1.0, ""lamp_off_night|small"": 0.0, ""lamp_on_day|large"": 1.0, ""lamp_on_day|medium"": 1.0, ""lamp_on_day|small"": 0.5, ""level_shift|large"": 1.0, ""level_shift|medium"": 1.0, ""level_shift|small"": 1.0, ""signage_stuck|large"": 1.0, ""signage_stuck|medium"": 1.0, ""signage_stuck|small"": 0.5, ""spike|large"": 1.0, ""spike|medium"": 1.0, ""spike|small"": 1.0}"
G2,lstm,joint,0.5,full,96,lstm|joint|lam0.5|full|w96,2,A_test,29.8,18,0.978141885895741,0.9479166666666666,0.9375622716705414,0.0994165170556553,9.68,"{""camera_dead|large"": 1.0, ""camera_dead|medium"": 1.0, ""camera_dead|small"": 1.0, ""drift|large"": 1.0, ""drift|medium"": 1.0, ""drift|small"": 1.0, ""dropout|large"": 1.0, ""dropout|medium"": 1.0, ""dropout|small"": 1.0, ""lamp_off_night|large"": 1.0, ""lamp_off_night|medium"": 1.0, ""lamp_off_night|small"": 0.75, ""lamp_on_day|large"": 1.0, ""lamp_on_day|medium"": 1.0, ""lamp_on_day|small"": 0.5, ""level_shift|large"": 1.0, ""level_shift|medium"": 1.0, ""level_shift|small"": 1.0, ""signage_stuck|large"": 1.0, ""signage_stuck|medium"": 1.0, ""signage_stuck|small"": 0.5, ""spike|large"": 1.0, ""spike|medium"": 1.0, ""spike|small"": 1.0}"
G2,lstm,joint,0.5,full,96,lstm|joint|lam0.5|full|w96,2,B_val,29.8,18,0.7174481426522963,0.4722222222222222,0.17766116941529236,0.012815036309269542,2.3333333333333335,"{""drift|large"": 1.0, ""drift|medium"": 1.0, ""drift|small"": 0.0, ""dropout|large"": 1.0, ""dropout|medium"": 1.0, ""dropout|small"": 0.5, ""lamp_off_night|large"": 0.0, ""lamp_off_night|medium"": 0.0, ""lamp_off_night|small"": 0.0, ""lamp_on_day|large"": 0.0, ""lamp_on_day|medium"": 0.5, ""lamp_on_day|small"": 0.0, ""level_shift|large"": 1.0, ""level_shift|medium"": 0.0, ""level_shift|small"": 0.0, ""spike|large"": 1.0, ""spike|medium"": 1.0, ""spike|small"": 0.5}"
G2,lstm,joint,0.5,full,96,lstm|joint|lam0.5|full|w96,2,B_test,29.8,18,0.7305355085454964,0.4444444444444444,0.12627669452181986,0.010017780476169824,1.803030303030303,"{""drift|large"": 1.0, ""drift|medium"": 0.75, ""drift|small"": 0.5, ""dropout|large"": 1.0, ""dropout|medium"": 1.0, ""dropout|small"": 0.25, ""lamp_off_night|large"": 0.25, ""lamp_off_night|medium"": 0.0, ""lamp_off_night|small"": 0.0, ""lamp_on_day|large"": 0.0, ""lamp_on_day|medium"": 0.25, ""lamp_on_day|small"": 0.25, ""level_shift|large"": 0.75, ""level_shift|medium"": 0.25, ""level_shift|small"": 0.5, ""spike|large"": 1.0, ""spike|medium"": 0.25, ""spike|small"": 0.0}"
G2,lstm,no_update,0.5,full,96,lstm|no_update|lam0.5|full|w96,2,A_val,1.0,20,0.9884991100537706,0.9166666666666666,0.9355057705363204,0.043701292295550954,6.132231404958678,"{""camera_dead|large"": 1.0, ""camera_dead|medium"": 1.0, ""camera_dead|small"": 1.0, ""drift|large"": 1.0, ""drift|medium"": 1.0, ""drift|small"": 1.0, ""dropout|large"": 1.0, ""dropout|medium"": 1.0, ""dropout|small"": 1.0, ""lamp_off_night|large"": 1.0, ""lamp_off_night|medium"": 1.0, ""lamp_off_night|small"": 0.0, ""lamp_on_day|large"": 1.0, ""lamp_on_day|medium"": 1.0, ""lamp_on_day|small"": 0.5, ""level_shift|large"": 1.0, ""level_shift|medium"": 1.0, ""level_shift|small"": 1.0, ""signage_stuck|large"": 1.0, ""signage_stuck|medium"": 1.0, ""signage_stuck|small"": 0.5, ""spike|large"": 1.0, ""spike|medium"": 1.0, ""spike|small"": 1.0}"
G2,lstm,no_update,0.5,full,96,lstm|no_update|lam0.5|full|w96,2,A_test,1.0,20,0.9808567965733463,0.9479166666666666,0.9375622716705414,0.08587672052663076,10.04,"{""camera_dead|large"": 1.0, ""camera_dead|medium"": 1.0, ""camera_dead|small"": 1.0, ""drift|large"": 1.0, ""drift|medium"": 1.0, ""drift|small"": 1.0, ""dropout|large"": 1.0, ""dropout|medium"": 1.0, ""dropout|small"": 1.0, ""lamp_off_night|large"": 1.0, ""lamp_off_night|medium"": 1.0, ""lamp_off_night|small"": 0.75, ""lamp_on_day|large"": 1.0, ""lamp_on_day|medium"": 1.0, ""lamp_on_day|small"": 0.5, ""level_shift|large"": 1.0, ""level_shift|medium"": 1.0, ""level_shift|small"": 1.0, ""signage_stuck|large"": 1.0, ""signage_stuck|medium"": 1.0, ""signage_stuck|small"": 0.5, ""spike|large"": 1.0, ""spike|medium"": 1.0, ""spike|small"": 1.0}"
G2,lstm,no_update,0.5,full,96,lstm|no_update|lam0.5|full|w96,2,B_val,1.0,20,0.6684344713589383,0.4444444444444444,0.19715142428785606,0.010679196924391286,2.888888888888889,"{""drift|large"": 1.0, ""drift|medium"": 0.5, ""drift|small"": 0.5, ""dropout|large"": 0.5, ""dropout|medium"": 0.5, ""dropout|small"": 0.0, ""lamp_off_night|large"": 0.0, ""lamp_off_night|medium"": 0.5, ""lamp_off_night|small"": 0.0, ""lamp_on_day|large"": 0.0, ""lamp_on_day|medium"": 0.5, ""lamp_on_day|small"": 0.0, ""level_shift|large"": 1.0, ""level_shift|medium"": 1.0, ""level_shift|small"": 0.5, ""spike|large"": 1.0, ""spike|medium"": 0.5, ""spike|small"": 0.0}"
G2,lstm,no_update,0.5,full,96,lstm|no_update|lam0.5|full|w96,2,B_test,1.0,20,0.6426044562205151,0.375,0.11792014856081709,0.004900472700464027,1.246212121212121,"{""drift|large"": 1.0, ""drift|medium"": 0.75, ""drift|small"": 0.0, ""dropout|large"": 0.5, ""dropout|medium"": 0.5, ""dropout|small"": 0.25, ""lamp_off_night|large"": 0.25, ""lamp_off_night|medium"": 0.25, ""lamp_off_night|small"": 0.25, ""lamp_on_day|large"": 0.0, ""lamp_on_day|medium"": 0.5, ""lamp_on_day|small"": 0.0, ""level_shift|large"": 0.75, ""level_shift|medium"": 0.25, ""level_shift|small"": 0.5, ""spike|large"": 0.75, ""spike|medium"": 0.25, ""spike|small"": 0.0}"
G5,lstm,ft_pole,0.5,full,192,lstm|ft_pole|lam0.5|full|w192,0,A_val,23.1,17,14,0.987179041563707,0.875,0.9260013577732519,0.022491861497484462,4.743801652892563,"{""camera_dead|large"": 1.0, ""camera_dead|medium"": 1.0, ""camera_dead|small"": 1.0, ""drift|large"": 1.0, ""drift|medium"": 1.0, ""drift|small"": 1.0, ""dropout|large"": 1.0, ""dropout|medium"": 1.0, ""dropout|small"": 1.0, ""lamp_off_night|large"": 1.0, ""lamp_off_night|medium"": 1.0, ""lamp_off_night|small"": 0.0, ""lamp_on_day|large"": 1.0, ""lamp_on_day|medium"": 1.0, ""lamp_on_day|small"": 0.0, ""level_shift|large"": 1.0, ""level_shift|medium"": 1.0, ""level_shift|small"": 1.0, ""signage_stuck|large"": 1.0, ""signage_stuck|medium"": 1.0, ""signage_stuck|small"": 0.0, ""spike|large"": 1.0, ""spike|medium"": 1.0, ""spike|small"": 1.0}"
G5,lstm,ft_pole,0.5,full,192,lstm|ft_pole|lam0.5|full|w192,0,A_test,23.1,17,14,0.9571520224765327,0.9375,0.9422118897376287,0.22494015559545183,13.24,"{""camera_dead|large"": 1.0, ""camera_dead|medium"": 1.0, ""camera_dead|small"": 1.0, ""drift|large"": 1.0, ""drift|medium"": 1.0, ""drift|small"": 1.0, ""dropout|large"": 1.0, ""dropout|medium"": 1.0, ""dropout|small"": 1.0, ""lamp_off_night|large"": 1.0, ""lamp_off_night|medium"": 1.0, ""lamp_off_night|small"": 0.75, ""lamp_on_day|large"": 1.0, ""lamp_on_day|medium"": 1.0, ""lamp_on_day|small"": 0.25, ""level_shift|large"": 1.0, ""level_shift|medium"": 1.0, ""level_shift|small"": 1.0, ""signage_stuck|large"": 1.0, ""signage_stuck|medium"": 1.0, ""signage_stuck|small"": 0.5, ""spike|large"": 1.0, ""spike|medium"": 1.0, ""spike|small"": 1.0}"
G5,lstm,ft_pole,0.5,full,192,lstm|ft_pole|lam0.5|full|w192,0,B_val,23.1,17,14,0.7244464589576207,0.4166666666666667,0.17091454272863568,0.012815036309269542,2.2222222222222223,"{""drift|large"": 1.0, ""drift|medium"": 0.5, ""drift|small"": 0.5, ""dropout|large"": 1.0, ""dropout|medium"": 1.0, ""dropout|small"": 1.0, ""lamp_off_night|large"": 0.0, ""lamp_off_night|medium"": 0.0, ""lamp_off_night|small"": 0.0, ""lamp_on_day|large"": 0.0, ""lamp_on_day|medium"": 0.5, ""lamp_on_day|small"": 0.0, ""level_shift|large"": 0.5, ""level_shift|medium"": 0.0, ""level_shift|small"": 0.0, ""spike|large"": 1.0, ""spike|medium"": 0.5, ""spike|small"": 0.0}"
G5,lstm,ft_pole,0.5,full,192,lstm|ft_pole|lam0.5|full|w192,0,B_test,23.1,17,14,0.7095558996193325,0.3888888888888889,0.10677808727948004,0.004380068519883777,1.0340909090909092,"{""drift|large"": 1.0, ""drift|medium"": 1.0, ""drift|small"": 0.25, ""dropout|large"": 0.75, ""dropout|medium"": 1.0, ""dropout|small"": 0.5, ""lamp_off_night|large"": 0.25, ""lamp_off_night|medium"": 0.0, ""lamp_off_night|small"": 0.0, ""lamp_on_day|large"": 0.0, ""lamp_on_day|medium"": 0.25, ""lamp_on_day|small"": 0.25, ""level_shift|large"": 0.75, ""level_shift|medium"": 0.0, ""level_shift|small"": 0.0, ""spike|large"": 0.75, ""spike|medium"": 0.25, ""spike|small"": 0.0}"
G5,lstm,ft_pole,0.5,full,192,lstm|ft_pole|lam0.5|full|w192,1,A_val,22.7,19,8,0.9875351941805279,0.875,0.9253224711473184,0.02120943079806649,4.1652892561983474,"{""camera_dead|large"": 1.0, ""camera_dead|medium"": 1.0, ""camera_dead|small"": 1.0, ""drift|large"": 1.0, ""drift|medium"": 1.0, ""drift|small"": 1.0, ""dropout|large"": 1.0, ""dropout|medium"": 1.0, ""dropout|small"": 1.0, ""lamp_off_night|large"": 1.0, ""lamp_off_night|medium"": 1.0, ""lamp_off_night|small"": 0.0, ""lamp_on_day|large"": 1.0, ""lamp_on_day|medium"": 1.0, ""lamp_on_day|small"": 0.0, ""level_shift|large"": 1.0, ""level_shift|medium"": 1.0, ""level_shift|small"": 1.0, ""signage_stuck|large"": 1.0, ""signage_stuck|medium"": 1.0, ""signage_stuck|small"": 0.0, ""spike|large"": 1.0, ""spike|medium"": 1.0, ""spike|small"": 1.0}"
G5,lstm,ft_pole,0.5,full,192,lstm|ft_pole|lam0.5|full|w192,1,A_test,22.7,19,8,0.9724206435569082,0.9166666666666666,0.9176353370973098,0.1116098144823459,15.68,"{""camera_dead|large"": 1.0, ""camera_dead|medium"": 1.0, ""camera_dead|small"": 1.0, ""drift|large"": 1.0, ""drift|medium"": 1.0, ""drift|small"": 1.0, ""dropout|large"": 1.0, ""dropout|medium"": 1.0, ""dropout|small"": 1.0, ""lamp_off_night|large"": 1.0, ""lamp_off_night|medium"": 1.0, ""lamp_off_night|small"": 0.75, ""lamp_on_day|large"": 1.0, ""lamp_on_day|medium"": 1.0, ""lamp_on_day|small"": 0.0, ""level_shift|large"": 1.0, ""level_shift|medium"": 1.0, ""level_shift|small"": 1.0, ""signage_stuck|large"": 1.0, ""signage_stuck|medium"": 1.0, ""signage_stuck|small"": 0.25, ""spike|large"": 1.0, ""spike|medium"": 1.0, ""spike|small"": 1.0}"
G5,lstm,ft_pole,0.5,full,192,lstm|ft_pole|lam0.5|full|w192,1,B_val,22.7,19,8,0.7224788929755541,0.4722222222222222,0.18290854572713644,0.013028620247757368,2.888888888888889,"{""drift|large"": 1.0, ""drift|medium"": 0.5, ""drift|small"": 0.5, ""dropout|large"": 1.0, ""dropout|medium"": 1.0, ""dropout|small"": 0.5, ""lamp_off_night|large"": 0.0, ""lamp_off_night|medium"": 0.0, ""lamp_off_night|small"": 0.0, ""lamp_on_day|large"": 0.0, ""lamp_on_day|medium"": 1.0, ""lamp_on_day|small"": 0.0, ""level_shift|large"": 1.0, ""level_shift|medium"": 0.5, ""level_shift|small"": 0.0, ""spike|large"": 1.0, ""spike|medium"": 0.5, ""spike|small"": 0.0}"
G5,lstm,ft_pole,0.5,full,192,lstm|ft_pole|lam0.5|full|w192,1,B_test,22.7,19,8,0.7014645085274973,0.4444444444444444,0.12349117920148561,0.006331584197059716,1.3257575757575757,"{""drift|large"": 1.0, ""drift|medium"": 1.0, ""drift|small"": 0.25, ""dropout|large"": 0.75, ""dropout|medium"": 1.0, ""dropout|small"": 0.5, ""lamp_off_night|large"": 0.25, ""lamp_off_night|medium"": 0.0, ""lamp_off_night|small"": 0.0, ""lamp_on_day|large"": 0.0, ""lamp_on_day|medium"": 0.25, ""lamp_on_day|small"": 0.25, ""level_shift|large"": 0.75, ""level_shift|medium"": 0.25, ""level_shift|small"": 0.5, ""spike|large"": 1.0, ""spike|medium"": 0.25, ""spike|small"": 0.0}"
G5,lstm,ft_pole,0.5,full,192,lstm|ft_pole|lam0.5|full|w192,2,A_val,18.5,13,7,0.9868271081298232,0.9166666666666666,0.9273591310251188,0.017362138699812568,4.859504132231406,"{""camera_dead|large"": 1.0, ""camera_dead|medium"": 1.0, ""camera_dead|small"": 1.0, ""drift|large"": 1.0, ""drift|medium"": 1.0, ""drift|small"": 1.0, ""dropout|large"": 1.0, ""dropout|medium"": 1.0, ""dropout|small"": 1.0, ""lamp_off_night|large"": 1.0, ""lamp_off_night|medium"": 1.0, ""lamp_off_night|small"": 0.5, ""lamp_on_day|large"": 1.0, ""lamp_on_day|medium"": 1.0, ""lamp_on_day|small"": 0.5, ""level_shift|large"": 1.0, ""level_shift|medium"": 1.0, ""level_shift|small"": 1.0, ""signage_stuck|large"": 1.0, ""signage_stuck|medium"": 1.0, ""signage_stuck|small"": 0.0, ""spike|large"": 1.0, ""spike|medium"": 1.0, ""spike|small"": 1.0}"
G5,lstm,ft_pole,0.5,full,192,lstm|ft_pole|lam0.5|full|w192,2,A_test,18.5,13,7,0.9660239157002817,0.9270833333333334,0.9332447691796745,0.19374625972471574,13.04,"{""camera_dead|large"": 1.0, ""camera_dead|medium"": 1.0, ""camera_dead|small"": 1.0, ""drift|large"": 1.0, ""drift|medium"": 1.0, ""drift|small"": 1.0, ""dropout|large"": 1.0, ""dropout|medium"": 1.0, ""dropout|small"": 1.0, ""lamp_off_night|large"": 1.0, ""lamp_off_night|medium"": 1.0, ""lamp_off_night|small"": 0.75, ""lamp_on_day|large"": 1.0, ""lamp_on_day|medium"": 1.0, ""lamp_on_day|small"": 0.25, ""level_shift|large"": 1.0, ""level_shift|medium"": 1.0, ""level_shift|small"": 1.0, ""signage_stuck|large"": 1.0, ""signage_stuck|medium"": 1.0, ""signage_stuck|small"": 0.25, ""spike|large"": 1.0, ""spike|medium"": 1.0, ""spike|small"": 1.0}"
G5,lstm,ft_pole,0.5,full,192,lstm|ft_pole|lam0.5|full|w192,2,B_val,18.5,13,7,0.7231358156889091,0.4722222222222222,0.16941529235382308,0.012815036309269542,2.3333333333333335,"{""drift|large"": 1.0, ""drift|medium"": 0.5, ""drift|small"": 0.5, ""dropout|large"": 1.0, ""dropout|medium"": 1.0, ""dropout|small"": 0.5, ""lamp_off_night|large"": 0.0, ""lamp_off_night|medium"": 0.0, ""lamp_off_night|small"": 0.0, ""lamp_on_day|large"": 0.0, ""lamp_on_day|medium"": 1.0, ""lamp_on_day|small"": 0.0, ""level_shift|large"": 1.0, ""level_shift|medium"": 0.5, ""level_shift|small"": 0.0, ""spike|large"": 1.0, ""spike|medium"": 0.5, ""spike|small"": 0.0}"
G5,lstm,ft_pole,0.5,full,192,lstm|ft_pole|lam0.5|full|w192,2,B_test,18.5,13,7,0.6777640019387512,0.3611111111111111,0.1021355617455896,0.00832646688928401,1.4848484848484849,"{""drift|large"": 1.0, ""drift|medium"": 0.5, ""drift|small"": 0.25, ""dropout|large"": 0.75, ""dropout|medium"": 1.0, ""dropout|small"": 0.25, ""lamp_off_night|large"": 0.25, ""lamp_off_night|medium"": 0.0, ""lamp_off_night|small"": 0.0, ""lamp_on_day|large"": 0.0, ""lamp_on_day|medium"": 0.25, ""lamp_on_day|small"": 0.25, ""level_shift|large"": 0.75, ""level_shift|medium"": 0.0, ""level_shift|small"": 0.5, ""spike|large"": 0.5, ""spike|medium"": 0.25, ""spike|small"": 0.0}"
G4,lstm,ft_pole,0.5,no_light,96,lstm|ft_pole|lam0.5|no_light|w96,0,A_val,26.0,25,10,0.9834452655778092,0.875,0.9293957909029192,0.06865936667653152,9.25619834710744,"{""camera_dead|large"": 1.0, ""camera_dead|medium"": 1.0, ""camera_dead|small"": 1.0, ""drift|large"": 1.0, ""drift|medium"": 1.0, ""drift|small"": 1.0, ""dropout|large"": 1.0, ""dropout|medium"": 1.0, ""dropout|small"": 1.0, ""lamp_off_night|large"": 1.0, ""lamp_off_night|medium"": 1.0, ""lamp_off_night|small"": 0.0, ""lamp_on_day|large"": 1.0, ""lamp_on_day|medium"": 1.0, ""lamp_on_day|small"": 0.0, ""level_shift|large"": 1.0, ""level_shift|medium"": 1.0, ""level_shift|small"": 1.0, ""signage_stuck|large"": 1.0, ""signage_stuck|medium"": 1.0, ""signage_stuck|small"": 0.0, ""spike|large"": 1.0, ""spike|medium"": 1.0, ""spike|small"": 1.0}"
G4,lstm,ft_pole,0.5,no_light,96,lstm|ft_pole|lam0.5|no_light|w96,0,A_test,26.0,25,10,0.9778522785294933,0.9166666666666666,0.9256061109266025,0.10195990424895272,12.24,"{""camera_dead|large"": 1.0, ""camera_dead|medium"": 1.0, ""camera_dead|small"": 1.0, ""drift|large"": 1.0, ""drift|medium"": 1.0, ""drift|small"": 1.0, ""dropout|large"": 1.0, ""dropout|medium"": 1.0, ""dropout|small"": 1.0, ""lamp_off_night|large"": 1.0, ""lamp_off_night|medium"": 1.0, ""lamp_off_night|small"": 0.5, ""lamp_on_day|large"": 1.0, ""lamp_on_day|medium"": 1.0, ""lamp_on_day|small"": 0.25, ""level_shift|large"": 1.0, ""level_shift|medium"": 1.0, ""level_shift|small"": 1.0, ""signage_stuck|large"": 1.0, ""signage_stuck|medium"": 1.0, ""signage_stuck|small"": 0.25, ""spike|large"": 1.0, ""spike|medium"": 1.0, ""spike|small"": 1.0}"
G4,lstm,ft_pole,0.5,no_light,96,lstm|ft_pole|lam0.5|no_light|w96,0,B_val,26.0,25,10,0.7301346123179333,0.5277777777777778,0.19415292353823088,0.013669372063220846,2.7777777777777777,"{""drift|large"": 1.0, ""drift|medium"": 0.5, ""drift|small"": 0.0, ""dropout|large"": 1.0, ""dropout|medium"": 1.0, ""dropout|small"": 1.0, ""lamp_off_night|large"": 0.0, ""lamp_off_night|medium"": 0.0, ""lamp_off_night|small"": 0.0, ""lamp_on_day|large"": 0.0, ""lamp_on_day|medium"": 0.5, ""lamp_on_day|small"": 0.0, ""level_shift|large"": 1.0, ""level_shift|medium"": 0.5, ""level_shift|small"": 0.5, ""spike|large"": 1.0, ""spike|medium"": 1.0, ""spike|small"": 0.5}"
G4,lstm,ft_pole,0.5,no_light,96,lstm|ft_pole|lam0.5|no_light|w96,0,B_test,26.0,25,10,0.7283436622932824,0.4722222222222222,0.12488393686165274,0.012272865258684245,2.253787878787879,"{""drift|large"": 1.0, ""drift|medium"": 1.0, ""drift|small"": 0.5, ""dropout|large"": 1.0, ""dropout|medium"": 1.0, ""dropout|small"": 0.5, ""lamp_off_night|large"": 0.25, ""lamp_off_night|medium"": 0.0, ""lamp_off_night|small"": 0.0, ""lamp_on_day|large"": 0.0, ""lamp_on_day|medium"": 0.25, ""lamp_on_day|small"": 0.25, ""level_shift|large"": 0.75, ""level_shift|medium"": 0.25, ""level_shift|small"": 0.5, ""spike|large"": 1.0, ""spike|medium"": 0.25, ""spike|small"": 0.0}"
G4,lstm,ft_pole,0.5,no_light,96,lstm|ft_pole|lam0.5|no_light|w96,1,A_val,26.7,22,20,0.9833332898020808,0.875,0.9273591310251188,0.056032356713031466,6.132231404958678,"{""camera_dead|large"": 1.0, ""camera_dead|medium"": 1.0, ""camera_dead|small"": 1.0, ""drift|large"": 1.0, ""drift|medium"": 1.0, ""drift|small"": 1.0, ""dropout|large"": 1.0, ""dropout|medium"": 1.0, ""dropout|small"": 1.0, ""lamp_off_night|large"": 1.0, ""lamp_off_night|medium"": 1.0, ""lamp_off_night|small"": 0.0, ""lamp_on_day|large"": 1.0, ""lamp_on_day|medium"": 1.0, ""lamp_on_day|small"": 0.0, ""level_shift|large"": 1.0, ""level_shift|medium"": 1.0, ""level_shift|small"": 1.0, ""signage_stuck|large"": 1.0, ""signage_stuck|medium"": 1.0, ""signage_stuck|small"": 0.0, ""spike|large"": 1.0, ""spike|medium"": 1.0, ""spike|small"": 1.0}"
G4,lstm,ft_pole,0.5,no_light,96,lstm|ft_pole|lam0.5|no_light|w96,1,A_test,26.7,22,20,0.9754046403959469,0.9270833333333334,0.9192959149784125,0.10450329144225015,14.68,"{""camera_dead|large"": 1.0, ""camera_dead|medium"": 1.0, ""camera_dead|small"": 1.0, ""drift|large"": 1.0, ""drift|medium"": 1.0, ""drift|small"": 1.0, ""dropout|large"": 1.0, ""dropout|medium"": 1.0, ""dropout|small"": 1.0, ""lamp_off_night|large"": 1.0, ""lamp_off_night|medium"": 1.0, ""lamp_off_night|small"": 0.75, ""lamp_on_day|large"": 1.0, ""lamp_on_day|medium"": 1.0, ""lamp_on_day|small"": 0.25, ""level_shift|large"": 1.0, ""level_shift|medium"": 1.0, ""level_shift|small"": 1.0, ""signage_stuck|large"": 1.0, ""signage_stuck|medium"": 1.0, ""signage_stuck|small"": 0.25, ""spike|large"": 1.0, ""spike|medium"": 1.0, ""spike|small"": 1.0}"
G4,lstm,ft_pole,0.5,no_light,96,lstm|ft_pole|lam0.5|no_light|w96,1,B_val,26.7,22,20,0.7479294846382873,0.5277777777777778,0.20839580209895053,0.014737291755659975,2.111111111111111,"{""drift|large"": 1.0, ""drift|medium"": 1.0, ""drift|small"": 0.5, ""dropout|large"": 1.0, ""dropout|medium"": 1.0, ""dropout|small"": 0.5, ""lamp_off_night|large"": 0.0, ""lamp_off_night|medium"": 0.0, ""lamp_off_night|small"": 0.0, ""lamp_on_day|large"": 0.0, ""lamp_on_day|medium"": 0.5, ""lamp_on_day|small"": 0.0, ""level_shift|large"": 1.0, ""level_shift|medium"": 0.5, ""level_shift|small"": 0.0, ""spike|large"": 1.0, ""spike|medium"": 1.0, ""spike|small"": 0.5}"
G4,lstm,ft_pole,0.5,no_light,96,lstm|ft_pole|lam0.5|no_light|w96,1,B_test,26.7,22,20,0.7369173654614865,0.4166666666666667,0.11002785515320335,0.011535626002862223,2.0416666666666665,"{""drift|large"": 1.0, ""drift|medium"": 0.5, ""drift|small"": 0.5, ""dropout|large"": 0.75, ""dropout|medium"": 1.0, ""dropout|small"": 0.25, ""lamp_off_night|large"": 0.25, ""lamp_off_night|medium"": 0.0, ""lamp_off_night|small"": 0.0, ""lamp_on_day|large"": 0.0, ""lamp_on_day|medium"": 0.25, ""lamp_on_day|small"": 0.25, ""level_shift|large"": 0.75, ""level_shift|medium"": 0.25, ""level_shift|small"": 0.5, ""spike|large"": 1.0, ""spike|medium"": 0.25, ""spike|small"": 0.0}"
G4,lstm,ft_pole,0.5,no_light,96,lstm|ft_pole|lam0.5|no_light|w96,2,A_val,24.7,20,15,0.9850810361054235,0.875,0.9266802443991853,0.03502022294564467,5.4958677685950414,"{""camera_dead|large"": 1.0, ""camera_dead|medium"": 1.0, ""camera_dead|small"": 1.0, ""drift|large"": 1.0, ""drift|medium"": 1.0, ""drift|small"": 1.0, ""dropout|large"": 1.0, ""dropout|medium"": 1.0, ""dropout|small"": 1.0, ""lamp_off_night|large"": 1.0, ""lamp_off_night|medium"": 1.0, ""lamp_off_night|small"": 0.0, ""lamp_on_day|large"": 1.0, ""lamp_on_day|medium"": 1.0, ""lamp_on_day|small"": 0.0, ""level_shift|large"": 1.0, ""level_shift|medium"": 1.0, ""level_shift|small"": 1.0, ""signage_stuck|large"": 1.0, ""signage_stuck|medium"": 1.0, ""signage_stuck|small"": 0.0, ""spike|large"": 1.0, ""spike|medium"": 1.0, ""spike|small"": 1.0}"
G4,lstm,ft_pole,0.5,no_light,96,lstm|ft_pole|lam0.5|no_light|w96,2,A_test,24.7,20,15,0.977637178540047,0.9270833333333334,0.9149784124875456,0.08101436265709157,11.92,"{""camera_dead|large"": 1.0, ""camera_dead|medium"": 1.0, ""camera_dead|small"": 1.0, ""drift|large"": 1.0, ""drift|medium"": 1.0, ""drift|small"": 1.0, ""dropout|large"": 1.0, ""dropout|medium"": 1.0, ""dropout|small"": 1.0, ""lamp_off_night|large"": 1.0, ""lamp_off_night|medium"": 1.0, ""lamp_off_night|small"": 0.5, ""lamp_on_day|large"": 1.0, ""lamp_on_day|medium"": 1.0, ""lamp_on_day|small"": 0.5, ""level_shift|large"": 1.0, ""level_shift|medium"": 1.0, ""level_shift|small"": 1.0, ""signage_stuck|large"": 1.0, ""signage_stuck|medium"": 1.0, ""signage_stuck|small"": 0.25, ""spike|large"": 1.0, ""spike|medium"": 1.0, ""spike|small"": 1.0}"
G4,lstm,ft_pole,0.5,no_light,96,lstm|ft_pole|lam0.5|no_light|w96,2,B_val,24.7,20,15,0.7307956978366861,0.4444444444444444,0.1671664167916042,0.013242204186245195,1.8888888888888888,"{""drift|large"": 1.0, ""drift|medium"": 0.5, ""drift|small"": 0.0, ""dropout|large"": 1.0, ""dropout|medium"": 1.0, ""dropout|small"": 0.5, ""lamp_off_night|large"": 0.0, ""lamp_off_night|medium"": 0.0, ""lamp_off_night|small"": 0.0, ""lamp_on_day|large"": 0.0, ""lamp_on_day|medium"": 0.5, ""lamp_on_day|small"": 0.0, ""level_shift|large"": 1.0, ""level_shift|medium"": 0.0, ""level_shift|small"": 0.0, ""spike|large"": 1.0, ""spike|medium"": 1.0, ""spike|small"": 0.5}"
G4,lstm,ft_pole,0.5,no_light,96,lstm|ft_pole|lam0.5|no_light|w96,2,B_test,24.7,20,15,0.7443696064791689,0.4444444444444444,0.11977715877437325,0.013053471529554621,2.1742424242424243,"{""drift|large"": 1.0, ""drift|medium"": 1.0, ""drift|small"": 0.25, ""dropout|large"": 1.0, ""dropout|medium"": 1.0, ""dropout|small"": 0.25, ""lamp_off_night|large"": 0.25, ""lamp_off_night|medium"": 0.0, ""lamp_off_night|small"": 0.0, ""lamp_on_day|large"": 0.0, ""lamp_on_day|medium"": 0.25, ""lamp_on_day|small"": 0.25, ""level_shift|large"": 0.75, ""level_shift|medium"": 0.25, ""level_shift|small"": 0.5, ""spike|large"": 1.0, ""spike|medium"": 0.25, ""spike|small"": 0.0}"
G4,lstm,ft_pole,0.5,none,96,lstm|ft_pole|lam0.5|none|w96,0,A_val,62.5,78,40,0.9822923570974458,0.8958333333333334,0.9361846571622539,0.15724573345171156,11.801652892561984,"{""camera_dead|large"": 1.0, ""camera_dead|medium"": 1.0, ""camera_dead|small"": 1.0, ""drift|large"": 1.0, ""drift|medium"": 1.0, ""drift|small"": 1.0, ""dropout|large"": 1.0, ""dropout|medium"": 1.0, ""dropout|small"": 1.0, ""lamp_off_night|large"": 1.0, ""lamp_off_night|medium"": 1.0, ""lamp_off_night|small"": 0.0, ""lamp_on_day|large"": 1.0, ""lamp_on_day|medium"": 1.0, ""lamp_on_day|small"": 0.0, ""level_shift|large"": 1.0, ""level_shift|medium"": 1.0, ""level_shift|small"": 1.0, ""signage_stuck|large"": 1.0, ""signage_stuck|medium"": 1.0, ""signage_stuck|small"": 0.5, ""spike|large"": 1.0, ""spike|medium"": 1.0, ""spike|small"": 1.0}"
G4,lstm,ft_pole,0.5,none,96,lstm|ft_pole|lam0.5|none|w96,0,A_test,62.5,78,40,0.9713512055636415,0.9166666666666666,0.9339090003321155,0.18357271095152602,13.96,"{""camera_dead|large"": 1.0, ""camera_dead|medium"": 1.0, ""camera_dead|small"": 1.0, ""drift|large"": 1.0, ""drift|medium"": 1.0, ""drift|small"": 1.0, ""dropout|large"": 1.0, ""dropout|medium"": 1.0, ""dropout|small"": 1.0, ""lamp_off_night|large"": 1.0, ""lamp_off_night|medium"": 1.0, ""lamp_off_night|small"": 0.5, ""lamp_on_day|large"": 1.0, ""lamp_on_day|medium"": 1.0, ""lamp_on_day|small"": 0.0, ""level_shift|large"": 1.0, ""level_shift|medium"": 1.0, ""level_shift|small"": 1.0, ""signage_stuck|large"": 1.0, ""signage_stuck|medium"": 1.0, ""signage_stuck|small"": 0.5, ""spike|large"": 1.0, ""spike|medium"": 1.0, ""spike|small"": 1.0}"
G4,lstm,ft_pole,0.5,none,96,lstm|ft_pole|lam0.5|none|w96,0,B_val,62.5,78,40,0.7431494632862979,0.5833333333333334,0.2691154422788606,0.025202904741563434,4.555555555555555,"{""drift|large"": 1.0, ""drift|medium"": 1.0, ""drift|small"": 1.0, ""dropout|large"": 1.0, ""dropout|medium"": 1.0, ""dropout|small"": 1.0, ""lamp_off_night|large"": 0.0, ""lamp_off_night|medium"": 0.0, ""lamp_off_night|small"": 0.0, ""lamp_on_day|large"": 0.0, ""lamp_on_day|medium"": 0.5, ""lamp_on_day|small"": 0.0, ""level_shift|large"": 1.0, ""level_shift|medium"": 0.5, ""level_shift|small"": 0.0, ""spike|large"": 1.0, ""spike|medium"": 1.0, ""spike|small"": 0.5}"
G4,lstm,ft_pole,0.5,none,96,lstm|ft_pole|lam0.5|none|w96,0,B_test,62.5,78,40,0.74556298458965,0.6111111111111112,0.19870009285051068,0.03703543085129451,6.125,"{""drift|large"": 1.0, ""drift|medium"": 1.0, ""drift|small"": 1.0, ""dropout|large"": 1.0, ""dropout|medium"": 1.0, ""dropout|small"": 1.0, ""lamp_off_night|large"": 0.25, ""lamp_off_night|medium"": 0.0, ""lamp_off_night|small"": 0.0, ""lamp_on_day|large"": 0.25, ""lamp_on_day|medium"": 0.25, ""lamp_on_day|small"": 0.5, ""level_shift|large"": 0.75, ""level_shift|medium"": 0.75, ""level_shift|small"": 0.25, ""spike|large"": 1.0, ""spike|medium"": 0.25, ""spike|small"": 0.75}"
G4,lstm,ft_pole,0.5,none,96,lstm|ft_pole|lam0.5|none|w96,1,A_val,62.4,80,34,0.9792915804329297,0.8958333333333334,0.9422946367956552,0.14718358488704744,13.074380165289258,"{""camera_dead|large"": 1.0, ""camera_dead|medium"": 1.0, ""camera_dead|small"": 1.0, ""drift|large"": 1.0, ""drift|medium"": 1.0, ""drift|small"": 1.0, ""dropout|large"": 1.0, ""dropout|medium"": 1.0, ""dropout|small"": 1.0, ""lamp_off_night|large"": 1.0, ""lamp_off_night|medium"": 1.0, ""lamp_off_night|small"": 0.0, ""lamp_on_day|large"": 1.0, ""lamp_on_day|medium"": 1.0, ""lamp_on_day|small"": 0.0, ""level_shift|large"": 1.0, ""level_shift|medium"": 1.0, ""level_shift|small"": 1.0, ""signage_stuck|large"": 1.0, ""signage_stuck|medium"": 1.0, ""signage_stuck|small"": 0.5, ""spike|large"": 1.0, ""spike|medium"": 1.0, ""spike|small"": 1.0}"
G4,lstm,ft_pole,0.5,none,96,lstm|ft_pole|lam0.5|none|w96,1,A_test,62.4,80,34,0.9723129693418168,0.9375,0.9359016937894388,0.17354877318970677,15.8,"{""camera_dead|large"": 1.0, ""camera_dead|medium"": 1.0, ""camera_dead|small"": 1.0, ""drift|large"": 1.0, ""drift|medium"": 1.0, ""drift|small"": 1.0, ""dropout|large"": 1.0, ""dropout|medium"": 1.0, ""dropout|small"": 1.0, ""lamp_off_night|large"": 1.0, ""lamp_off_night|medium"": 1.0, ""lamp_off_night|small"": 0.5, ""lamp_on_day|large"": 1.0, ""lamp_on_day|medium"": 1.0, ""lamp_on_day|small"": 0.5, ""level_shift|large"": 1.0, ""level_shift|medium"": 1.0, ""level_shift|small"": 1.0, ""signage_stuck|large"": 1.0, ""signage_stuck|medium"": 1.0, ""signage_stuck|small"": 0.5, ""spike|large"": 1.0, ""spike|medium"": 1.0, ""spike|small"": 1.0}"
G4,lstm,ft_pole,0.5,none,96,lstm|ft_pole|lam0.5|none|w96,1,B_val,62.4,80,34,0.74341204024216,0.6111111111111112,0.30134932533733133,0.03673643741990602,5.0,"{""drift|large"": 1.0, ""drift|medium"": 1.0, ""drift|small"": 1.0, ""dropout|large"": 1.0, ""dropout|medium"": 1.0, ""dropout|small"": 1.0, ""lamp_off_night|large"": 0.0, ""lamp_off_night|medium"": 0.0, ""lamp_off_night|small"": 0.0, ""lamp_on_day|large"": 0.0, ""lamp_on_day|medium"": 0.5, ""lamp_on_day|small"": 0.0, ""level_shift|large"": 1.0, ""level_shift|medium"": 0.5, ""level_shift|small"": 0.0, ""spike|large"": 1.0, ""spike|medium"": 1.0, ""spike|small"": 1.0}"
G4,lstm,ft_pole,0.5,none,96,lstm|ft_pole|lam0.5|none|w96,1,B_test,62.4,80,34,0.753061471676769,0.5833333333333334,0.22098421541318478,0.022160544689709006,4.7727272727272725,"{""drift|large"": 1.0, ""drift|medium"": 1.0, ""drift|small"": 1.0, ""dropout|large"": 1.0, ""dropout|medium"": 1.0, ""dropout|small"": 0.75, ""lamp_off_night|large"": 0.25, ""lamp_off_night|medium"": 0.0, ""lamp_off_night|small"": 0.0, ""lamp_on_day|large"": 0.25, ""lamp_on_day|medium"": 0.5, ""lamp_on_day|small"": 0.25, ""level_shift|large"": 0.75, ""level_shift|medium"": 0.25, ""level_shift|small"": 0.5, ""spike|large"": 1.0, ""spike|medium"": 0.25, ""spike|small"": 0.75}"
G4,lstm,ft_pole,0.5,none,96,lstm|ft_pole|lam0.5|none|w96,2,A_val,60.1,68,35,0.9844506365976884,0.9166666666666666,0.9375424304141209,0.09371608957285193,12.03305785123967,"{""camera_dead|large"": 1.0, ""camera_dead|medium"": 1.0, ""camera_dead|small"": 1.0, ""drift|large"": 1.0, ""drift|medium"": 1.0, ""drift|small"": 1.0, ""dropout|large"": 1.0, ""dropout|medium"": 1.0, ""dropout|small"": 1.0, ""lamp_off_night|large"": 1.0, ""lamp_off_night|medium"": 1.0, ""lamp_off_night|small"": 0.0, ""lamp_on_day|large"": 1.0, ""lamp_on_day|medium"": 1.0, ""lamp_on_day|small"": 0.5, ""level_shift|large"": 1.0, ""level_shift|medium"": 1.0, ""level_shift|small"": 1.0, ""signage_stuck|large"": 1.0, ""signage_stuck|medium"": 1.0, ""signage_stuck|small"": 0.5, ""spike|large"": 1.0, ""spike|medium"": 1.0, ""spike|small"": 1.0}"
G4,lstm,ft_pole,0.5,none,96,lstm|ft_pole|lam0.5|none|w96,2,A_test,60.1,68,35,0.9765115929403874,0.9166666666666666,0.9279309199601461,0.13210652304009576,13.88,"{""camera_dead|large"": 1.0, ""camera_dead|medium"": 1.0, ""camera_dead|small"": 1.0, ""drift|large"": 1.0, ""drift|medium"": 1.0, ""drift|small"": 1.0, ""dropout|large"": 1.0, ""dropout|medium"": 1.0, ""dropout|small"": 1.0, ""lamp_off_night|large"": 1.0, ""lamp_off_night|medium"": 1.0, ""lamp_off_night|small"": 0.5, ""lamp_on_day|large"": 1.0, ""lamp_on_day|medium"": 1.0, ""lamp_on_day|small"": 0.0, ""level_shift|large"": 1.0, ""level_shift|medium"": 1.0, ""level_shift|small"": 1.0, ""signage_stuck|large"": 1.0, ""signage_stuck|medium"": 1.0, ""signage_stuck|small"": 0.5, ""spike|large"": 1.0, ""spike|medium"": 1.0, ""spike|small"": 1.0}"
G4,lstm,ft_pole,0.5,none,96,lstm|ft_pole|lam0.5|none|w96,2,B_val,60.1,68,35,0.7364513492933158,0.5833333333333334,0.2691154422788606,0.02498932080307561,4.555555555555555,"{""drift|large"": 1.0, ""drift|medium"": 0.5, ""drift|small"": 1.0, ""dropout|large"": 1.0, ""dropout|medium"": 1.0, ""dropout|small"": 1.0, ""lamp_off_night|large"": 0.0, ""lamp_off_night|medium"": 0.0, ""lamp_off_night|small"": 0.0, ""lamp_on_day|large"": 0.0, ""lamp_on_day|medium"": 0.5, ""lamp_on_day|small"": 0.0, ""level_shift|large"": 1.0, ""level_shift|medium"": 0.5, ""level_shift|small"": 0.5, ""spike|large"": 1.0, ""spike|medium"": 1.0, ""spike|small"": 0.5}"
G4,lstm,ft_pole,0.5,none,96,lstm|ft_pole|lam0.5|none|w96,2,B_test,60.1,68,35,0.7525474900021313,0.5833333333333334,0.19452181987000927,0.0267140812697862,5.037878787878788,"{""drift|large"": 1.0, ""drift|medium"": 1.0, ""drift|small"": 0.75, ""dropout|large"": 1.0, ""dropout|medium"": 1.0, ""dropout|small"": 0.75, ""lamp_off_night|large"": 0.25, ""lamp_off_night|medium"": 0.0, ""lamp_off_night|small"": 0.0, ""lamp_on_day|large"": 0.25, ""lamp_on_day|medium"": 0.25, ""lamp_on_day|small"": 0.25, ""level_shift|large"": 0.75, ""level_shift|medium"": 0.25, ""level_shift|small"": 0.75, ""spike|large"": 1.0, ""spike|medium"": 0.5, ""spike|small"": 0.75}"
G3,lstm,ft_pole,1.0,full,96,lstm|ft_pole|lam1.0|full|w96,0,A_val,23.3,18,13,0.9864763801767782,0.875,0.9273591310251188,0.05465127749827365,5.785123966942149,"{""camera_dead|large"": 1.0, ""camera_dead|medium"": 1.0, ""camera_dead|small"": 1.0, ""drift|large"": 1.0, ""drift|medium"": 1.0, ""drift|small"": 1.0, ""dropout|large"": 1.0, ""dropout|medium"": 1.0, ""dropout|small"": 1.0, ""lamp_off_night|large"": 1.0, ""lamp_off_night|medium"": 1.0, ""lamp_off_night|small"": 0.0, ""lamp_on_day|large"": 1.0, ""lamp_on_day|medium"": 1.0, ""lamp_on_day|small"": 0.0, ""level_shift|large"": 1.0, ""level_shift|medium"": 1.0, ""level_shift|small"": 1.0, ""signage_stuck|large"": 1.0, ""signage_stuck|medium"": 1.0, ""signage_stuck|small"": 0.0, ""spike|large"": 1.0, ""spike|medium"": 1.0, ""spike|small"": 1.0}"
G3,lstm,ft_pole,1.0,full,96,lstm|ft_pole|lam1.0|full|w96,0,A_test,23.3,18,13,0.9784524865042022,0.9270833333333334,0.932912653603454,0.08512866546977857,9.96,"{""camera_dead|large"": 1.0, ""camera_dead|medium"": 1.0, ""camera_dead|small"": 1.0, ""drift|large"": 1.0, ""drift|medium"": 1.0, ""drift|small"": 1.0, ""dropout|large"": 1.0, ""dropout|medium"": 1.0, ""dropout|small"": 1.0, ""lamp_off_night|large"": 1.0, ""lamp_off_night|medium"": 1.0, ""lamp_off_night|small"": 0.75, ""lamp_on_day|large"": 1.0, ""lamp_on_day|medium"": 1.0, ""lamp_on_day|small"": 0.25, ""level_shift|large"": 1.0, ""level_shift|medium"": 1.0, ""level_shift|small"": 1.0, ""signage_stuck|large"": 1.0, ""signage_stuck|medium"": 1.0, ""signage_stuck|small"": 0.25, ""spike|large"": 1.0, ""spike|medium"": 1.0, ""spike|small"": 1.0}"
G3,lstm,ft_pole,1.0,full,96,lstm|ft_pole|lam1.0|full|w96,0,B_val,23.3,18,13,0.7305813133586987,0.4444444444444444,0.14992503748125938,0.011319948739854762,2.2222222222222223,"{""drift|large"": 1.0, ""drift|medium"": 0.5, ""drift|small"": 0.5, ""dropout|large"": 1.0, ""dropout|medium"": 1.0, ""dropout|small"": 0.5, ""lamp_off_night|large"": 0.0, ""lamp_off_night|medium"": 0.0, ""lamp_off_night|small"": 0.0, ""lamp_on_day|large"": 0.0, ""lamp_on_day|medium"": 0.5, ""lamp_on_day|small"": 0.0, ""level_shift|large"": 1.0, ""level_shift|medium"": 0.0, ""level_shift|small"": 0.0, ""spike|large"": 1.0, ""spike|medium"": 0.5, ""spike|small"": 0.5}"
G3,lstm,ft_pole,1.0,full,96,lstm|ft_pole|lam1.0|full|w96,0,B_test,23.3,18,13,0.7405268540677394,0.4583333333333333,0.11281337047353761,0.007892796738800468,1.5113636363636362,"{""drift|large"": 1.0, ""drift|medium"": 1.0, ""drift|small"": 0.75, ""dropout|large"": 0.75, ""dropout|medium"": 1.0, ""dropout|small"": 0.25, ""lamp_off_night|large"": 0.25, ""lamp_off_night|medium"": 0.0, ""lamp_off_night|small"": 0.0, ""lamp_on_day|large"": 0.0, ""lamp_on_day|medium"": 0.25, ""lamp_on_day|small"": 0.25, ""level_shift|large"": 0.75, ""level_shift|medium"": 0.25, ""level_shift|small"": 0.5, ""spike|large"": 1.0, ""spike|medium"": 0.25, ""spike|small"": 0.0}"
G3,lstm,ft_pole,1.0,full,96,lstm|ft_pole|lam1.0|full|w96,1,A_val,25.0,27,8,0.9865404046035706,0.8958333333333334,0.9253224711473184,0.033737792246226694,5.4958677685950414,"{""camera_dead|large"": 1.0, ""camera_dead|medium"": 1.0, ""camera_dead|small"": 1.0, ""drift|large"": 1.0, ""drift|medium"": 1.0, ""drift|small"": 1.0, ""dropout|large"": 1.0, ""dropout|medium"": 1.0, ""dropout|small"": 1.0, ""lamp_off_night|large"": 1.0, ""lamp_off_night|medium"": 1.0, ""lamp_off_night|small"": 0.0, ""lamp_on_day|large"": 1.0, ""lamp_on_day|medium"": 1.0, ""lamp_on_day|small"": 0.5, ""level_shift|large"": 1.0, ""level_shift|medium"": 1.0, ""level_shift|small"": 1.0, ""signage_stuck|large"": 1.0, ""signage_stuck|medium"": 1.0, ""signage_stuck|small"": 0.0, ""spike|large"": 1.0, ""spike|medium"": 1.0, ""spike|small"": 1.0}"
G3,lstm,ft_pole,1.0,full,96,lstm|ft_pole|lam1.0|full|w96,1,A_test,25.0,27,8,0.9731962010032633,0.90625,0.9163068747924278,0.08797127468581688,10.08,"{""camera_dead|large"": 1.0, ""camera_dead|medium"": 1.0, ""camera_dead|small"": 1.0, ""drift|large"": 1.0, ""drift|medium"": 1.0, ""drift|small"": 1.0, ""dropout|large"": 1.0, ""dropout|medium"": 1.0, ""dropout|small"": 1.0, ""lamp_off_night|large"": 1.0, ""lamp_off_night|medium"": 1.0, ""lamp_off_night|small"": 0.5, ""lamp_on_day|large"": 1.0, ""lamp_on_day|medium"": 1.0, ""lamp_on_day|small"": 0.25, ""level_shift|large"": 1.0, ""level_shift|medium"": 1.0, ""level_shift|small"": 1.0, ""signage_stuck|large"": 1.0, ""signage_stuck|medium"": 1.0, ""signage_stuck|small"": 0.0, ""spike|large"": 1.0, ""spike|medium"": 1.0, ""spike|small"": 1.0}"
G3,lstm,ft_pole,1.0,full,96,lstm|ft_pole|lam1.0|full|w96,1,B_val,25.0,27,8,0.7136133983414102,0.4444444444444444,0.1671664167916042,0.014523707817172148,2.2222222222222223,"{""drift|large"": 1.0, ""drift|medium"": 0.5, ""drift|small"": 0.0, ""dropout|large"": 1.0, ""dropout|medium"": 1.0, ""dropout|small"": 0.5, ""lamp_off_night|large"": 0.0, ""lamp_off_night|medium"": 0.0, ""lamp_off_night|small"": 0.0, ""lamp_on_day|large"": 0.0, ""lamp_on_day|medium"": 0.5, ""lamp_on_day|small"": 0.0, ""level_shift|large"": 1.0, ""level_shift|medium"": 0.0, ""level_shift|small"": 0.0, ""spike|large"": 1.0, ""spike|medium"": 1.0, ""spike|small"": 0.5}"
G3,lstm,ft_pole,1.0,full,96,lstm|ft_pole|lam1.0|full|w96,1,B_test,25.0,27,8,0.7292125125878096,0.4166666666666667,0.1021355617455896,0.0061581161368662995,1.6704545454545454,"{""drift|large"": 1.0, ""drift|medium"": 0.75, ""drift|small"": 0.25, ""dropout|large"": 0.75, ""dropout|medium"": 1.0, ""dropout|small"": 0.25, ""lamp_off_night|large"": 0.25, ""lamp_off_night|medium"": 0.0, ""lamp_off_night|small"": 0.0, ""lamp_on_day|large"": 0.0, ""lamp_on_day|medium"": 0.25, ""lamp_on_day|small"": 0.25, ""level_shift|large"": 0.75, ""level_shift|medium"": 0.25, ""level_shift|small"": 0.5, ""spike|large"": 1.0, ""spike|medium"": 0.25, ""spike|small"": 0.0}"
G3,lstm,ft_pole,1.0,full,96,lstm|ft_pole|lam1.0|full|w96,2,A_val,18.9,11,13,0.9832735515293836,0.875,0.9273591310251188,0.07191476768274638,5.958677685950414,"{""camera_dead|large"": 1.0, ""camera_dead|medium"": 1.0, ""camera_dead|small"": 1.0, ""drift|large"": 1.0, ""drift|medium"": 1.0, ""drift|small"": 1.0, ""dropout|large"": 1.0, ""dropout|medium"": 1.0, ""dropout|small"": 1.0, ""lamp_off_night|large"": 1.0, ""lamp_off_night|medium"": 1.0, ""lamp_off_night|small"": 0.0, ""lamp_on_day|large"": 1.0, ""lamp_on_day|medium"": 1.0, ""lamp_on_day|small"": 0.0, ""level_shift|large"": 1.0, ""level_shift|medium"": 1.0, ""level_shift|small"": 1.0, ""signage_stuck|large"": 1.0, ""signage_stuck|medium"": 1.0, ""signage_stuck|small"": 0.0, ""spike|large"": 1.0, ""spike|medium"": 1.0, ""spike|small"": 1.0}"
G3,lstm,ft_pole,1.0,full,96,lstm|ft_pole|lam1.0|full|w96,2,A_test,18.9,11,13,0.976919060591913,0.9375,0.9262703420790435,0.10016457211250748,10.08,"{""camera_dead|large"": 1.0, ""camera_dead|medium"": 1.0, ""camera_dead|small"": 1.0, ""drift|large"": 1.0, ""drift|medium"": 1.0, ""drift|small"": 1.0, ""dropout|large"": 1.0, ""dropout|medium"": 1.0, ""dropout|small"": 1.0, ""lamp_off_night|large"": 1.0, ""lamp_off_night|medium"": 1.0, ""lamp_off_night|small"": 0.75, ""lamp_on_day|large"": 1.0, ""lamp_on_day|medium"": 1.0, ""lamp_on_day|small"": 0.25, ""level_shift|large"": 1.0, ""level_shift|medium"": 1.0, ""level_shift|small"": 1.0, ""signage_stuck|large"": 1.0, ""signage_stuck|medium"": 1.0, ""signage_stuck|small"": 0.5, ""spike|large"": 1.0, ""spike|medium"": 1.0, ""spike|small"": 1.0}"
G3,lstm,ft_pole,1.0,full,96,lstm|ft_pole|lam1.0|full|w96,2,B_val,18.9,11,13,0.735672424360225,0.4722222222222222,0.164167916041979,0.012174284493806066,2.5555555555555554,"{""drift|large"": 1.0, ""drift|medium"": 0.5, ""drift|small"": 0.0, ""dropout|large"": 1.0, ""dropout|medium"": 1.0, ""dropout|small"": 0.5, ""lamp_off_night|large"": 0.0, ""lamp_off_night|medium"": 0.0, ""lamp_off_night|small"": 0.0, ""lamp_on_day|large"": 0.0, ""lamp_on_day|medium"": 0.5, ""lamp_on_day|small"": 0.0, ""level_shift|large"": 1.0, ""level_shift|medium"": 0.0, ""level_shift|small"": 0.5, ""spike|large"": 1.0, ""spike|medium"": 1.0, ""spike|small"": 0.5}"
G3,lstm,ft_pole,1.0,full,96,lstm|ft_pole|lam1.0|full|w96,2,B_test,18.9,11,13,0.748982757605002,0.4166666666666667,0.10724233983286909,0.008022897783945531,1.6704545454545454,"{""drift|large"": 1.0, ""drift|medium"": 0.75, ""drift|small"": 0.25, ""dropout|large"": 1.0, ""dropout|medium"": 1.0, ""dropout|small"": 0.25, ""lamp_off_night|large"": 0.25, ""lamp_off_night|medium"": 0.0, ""lamp_off_night|small"": 0.0, ""lamp_on_day|large"": 0.0, ""lamp_on_day|medium"": 0.25, ""lamp_on_day|small"": 0.25, ""level_shift|large"": 0.75, ""level_shift|medium"": 0.25, ""level_shift|small"": 0.5, ""spike|large"": 0.75, ""spike|medium"": 0.25, ""spike|small"": 0.0}"
G0,pca,ft_pole,0.5,full,96,pca,0,A_val,0.5,0.9008087503978923,0.875,0.6286490156143923,0.024859425865640723,7.694214876033058,"{""camera_dead|large"": 1.0, ""camera_dead|medium"": 1.0, ""camera_dead|small"": 1.0, ""drift|large"": 1.0, ""drift|medium"": 1.0, ""drift|small"": 1.0, ""dropout|large"": 1.0, ""dropout|medium"": 1.0, ""dropout|small"": 1.0, ""lamp_off_night|large"": 1.0, ""lamp_off_night|medium"": 1.0, ""lamp_off_night|small"": 0.0, ""lamp_on_day|large"": 1.0, ""lamp_on_day|medium"": 1.0, ""lamp_on_day|small"": 0.5, ""level_shift|large"": 1.0, ""level_shift|medium"": 1.0, ""level_shift|small"": 1.0, ""signage_stuck|large"": 1.0, ""signage_stuck|medium"": 0.5, ""signage_stuck|small"": 0.0, ""spike|large"": 1.0, ""spike|medium"": 1.0, ""spike|small"": 1.0}"
G0,pca,ft_pole,0.5,full,96,pca,0,A_test,0.5,0.857444208657623,0.90625,0.5479907007638658,0.046379413524835426,13.88,"{""camera_dead|large"": 1.0, ""camera_dead|medium"": 1.0, ""camera_dead|small"": 1.0, ""drift|large"": 1.0, ""drift|medium"": 1.0, ""drift|small"": 1.0, ""dropout|large"": 1.0, ""dropout|medium"": 1.0, ""dropout|small"": 1.0, ""lamp_off_night|large"": 1.0, ""lamp_off_night|medium"": 1.0, ""lamp_off_night|small"": 0.5, ""lamp_on_day|large"": 1.0, ""lamp_on_day|medium"": 1.0, ""lamp_on_day|small"": 0.25, ""level_shift|large"": 1.0, ""level_shift|medium"": 1.0, ""level_shift|small"": 1.0, ""signage_stuck|large"": 1.0, ""signage_stuck|medium"": 1.0, ""signage_stuck|small"": 0.0, ""spike|large"": 1.0, ""spike|medium"": 1.0, ""spike|small"": 1.0}"
G0,pca,ft_pole,0.5,full,96,pca,0,B_val,0.5,0.5693376080007839,0.3055555555555556,0.0727136431784108,0.015591627509611277,6.333333333333333,"{""drift|large"": 1.0, ""drift|medium"": 0.0, ""drift|small"": 0.0, ""dropout|large"": 1.0, ""dropout|medium"": 0.5, ""dropout|small"": 0.0, ""lamp_off_night|large"": 0.0, ""lamp_off_night|medium"": 0.0, ""lamp_off_night|small"": 0.0, ""lamp_on_day|large"": 0.0, ""lamp_on_day|medium"": 0.0, ""lamp_on_day|small"": 0.0, ""level_shift|large"": 0.5, ""level_shift|medium"": 0.0, ""level_shift|small"": 0.0, ""spike|large"": 1.0, ""spike|medium"": 1.0, ""spike|small"": 0.5}"
G0,pca,ft_pole,0.5,full,96,pca,0,B_test,0.5,0.5580846202807114,0.4444444444444444,0.04549675023212628,0.009107073160154387,4.321969696969697,"{""drift|large"": 1.0, ""drift|medium"": 0.5, ""drift|small"": 0.5, ""dropout|large"": 0.75, ""dropout|medium"": 0.75, ""dropout|small"": 0.5, ""lamp_off_night|large"": 0.5, ""lamp_off_night|medium"": 0.0, ""lamp_off_night|small"": 0.0, ""lamp_on_day|large"": 0.0, ""lamp_on_day|medium"": 0.25, ""lamp_on_day|small"": 0.5, ""level_shift|large"": 0.5, ""level_shift|medium"": 0.5, ""level_shift|small"": 0.0, ""spike|large"": 1.0, ""spike|medium"": 0.75, ""spike|small"": 0.0}"
G0,pca,ft_pole,0.5,full,96,pca,1,A_val,0.5,0.9008087503978923,0.875,0.6286490156143923,0.024859425865640723,7.694214876033058,"{""camera_dead|large"": 1.0, ""camera_dead|medium"": 1.0, ""camera_dead|small"": 1.0, ""drift|large"": 1.0, ""drift|medium"": 1.0, ""drift|small"": 1.0, ""dropout|large"": 1.0, ""dropout|medium"": 1.0, ""dropout|small"": 1.0, ""lamp_off_night|large"": 1.0, ""lamp_off_night|medium"": 1.0, ""lamp_off_night|small"": 0.0, ""lamp_on_day|large"": 1.0, ""lamp_on_day|medium"": 1.0, ""lamp_on_day|small"": 0.5, ""level_shift|large"": 1.0, ""level_shift|medium"": 1.0, ""level_shift|small"": 1.0, ""signage_stuck|large"": 1.0, ""signage_stuck|medium"": 0.5, ""signage_stuck|small"": 0.0, ""spike|large"": 1.0, ""spike|medium"": 1.0, ""spike|small"": 1.0}"
G0,pca,ft_pole,0.5,full,96,pca,1,A_test,0.5,0.857444208657623,0.90625,0.5479907007638658,0.046379413524835426,13.88,"{""camera_dead|large"": 1.0, ""camera_dead|medium"": 1.0, ""camera_dead|small"": 1.0, ""drift|large"": 1.0, ""drift|medium"": 1.0, ""drift|small"": 1.0, ""dropout|large"": 1.0, ""dropout|medium"": 1.0, ""dropout|small"": 1.0, ""lamp_off_night|large"": 1.0, ""lamp_off_night|medium"": 1.0, ""lamp_off_night|small"": 0.5, ""lamp_on_day|large"": 1.0, ""lamp_on_day|medium"": 1.0, ""lamp_on_day|small"": 0.25, ""level_shift|large"": 1.0, ""level_shift|medium"": 1.0, ""level_shift|small"": 1.0, ""signage_stuck|large"": 1.0, ""signage_stuck|medium"": 1.0, ""signage_stuck|small"": 0.0, ""spike|large"": 1.0, ""spike|medium"": 1.0, ""spike|small"": 1.0}"
G0,pca,ft_pole,0.5,full,96,pca,1,B_val,0.5,0.5693376080007839,0.3055555555555556,0.0727136431784108,0.015591627509611277,6.333333333333333,"{""drift|large"": 1.0, ""drift|medium"": 0.0, ""drift|small"": 0.0, ""dropout|large"": 1.0, ""dropout|medium"": 0.5, ""dropout|small"": 0.0, ""lamp_off_night|large"": 0.0, ""lamp_off_night|medium"": 0.0, ""lamp_off_night|small"": 0.0, ""lamp_on_day|large"": 0.0, ""lamp_on_day|medium"": 0.0, ""lamp_on_day|small"": 0.0, ""level_shift|large"": 0.5, ""level_shift|medium"": 0.0, ""level_shift|small"": 0.0, ""spike|large"": 1.0, ""spike|medium"": 1.0, ""spike|small"": 0.5}"
G0,pca,ft_pole,0.5,full,96,pca,1,B_test,0.5,0.5580846202807114,0.4444444444444444,0.04549675023212628,0.009107073160154387,4.321969696969697,"{""drift|large"": 1.0, ""drift|medium"": 0.5, ""drift|small"": 0.5, ""dropout|large"": 0.75, ""dropout|medium"": 0.75, ""dropout|small"": 0.5, ""lamp_off_night|large"": 0.5, ""lamp_off_night|medium"": 0.0, ""lamp_off_night|small"": 0.0, ""lamp_on_day|large"": 0.0, ""lamp_on_day|medium"": 0.25, ""lamp_on_day|small"": 0.5, ""level_shift|large"": 0.5, ""level_shift|medium"": 0.5, ""level_shift|small"": 0.0, ""spike|large"": 1.0, ""spike|medium"": 0.75, ""spike|small"": 0.0}"
G0,pca,ft_pole,0.5,full,96,pca,2,A_val,0.4,0.9008087503978923,0.875,0.6286490156143923,0.024859425865640723,7.694214876033058,"{""camera_dead|large"": 1.0, ""camera_dead|medium"": 1.0, ""camera_dead|small"": 1.0, ""drift|large"": 1.0, ""drift|medium"": 1.0, ""drift|small"": 1.0, ""dropout|large"": 1.0, ""dropout|medium"": 1.0, ""dropout|small"": 1.0, ""lamp_off_night|large"": 1.0, ""lamp_off_night|medium"": 1.0, ""lamp_off_night|small"": 0.0, ""lamp_on_day|large"": 1.0, ""lamp_on_day|medium"": 1.0, ""lamp_on_day|small"": 0.5, ""level_shift|large"": 1.0, ""level_shift|medium"": 1.0, ""level_shift|small"": 1.0, ""signage_stuck|large"": 1.0, ""signage_stuck|medium"": 0.5, ""signage_stuck|small"": 0.0, ""spike|large"": 1.0, ""spike|medium"": 1.0, ""spike|small"": 1.0}"
G0,pca,ft_pole,0.5,full,96,pca,2,A_test,0.4,0.857444208657623,0.90625,0.5479907007638658,0.046379413524835426,13.88,"{""camera_dead|large"": 1.0, ""camera_dead|medium"": 1.0, ""camera_dead|small"": 1.0, ""drift|large"": 1.0, ""drift|medium"": 1.0, ""drift|small"": 1.0, ""dropout|large"": 1.0, ""dropout|medium"": 1.0, ""dropout|small"": 1.0, ""lamp_off_night|large"": 1.0, ""lamp_off_night|medium"": 1.0, ""lamp_off_night|small"": 0.5, ""lamp_on_day|large"": 1.0, ""lamp_on_day|medium"": 1.0, ""lamp_on_day|small"": 0.25, ""level_shift|large"": 1.0, ""level_shift|medium"": 1.0, ""level_shift|small"": 1.0, ""signage_stuck|large"": 1.0, ""signage_stuck|medium"": 1.0, ""signage_stuck|small"": 0.0, ""spike|large"": 1.0, ""spike|medium"": 1.0, ""spike|small"": 1.0}"
G0,pca,ft_pole,0.5,full,96,pca,2,B_val,0.4,0.5693376080007839,0.3055555555555556,0.0727136431784108,0.015591627509611277,6.333333333333333,"{""drift|large"": 1.0, ""drift|medium"": 0.0, ""drift|small"": 0.0, ""dropout|large"": 1.0, ""dropout|medium"": 0.5, ""dropout|small"": 0.0, ""lamp_off_night|large"": 0.0, ""lamp_off_night|medium"": 0.0, ""lamp_off_night|small"": 0.0, ""lamp_on_day|large"": 0.0, ""lamp_on_day|medium"": 0.0, ""lamp_on_day|small"": 0.0, ""level_shift|large"": 0.5, ""level_shift|medium"": 0.0, ""level_shift|small"": 0.0, ""spike|large"": 1.0, ""spike|medium"": 1.0, ""spike|small"": 0.5}"
G0,pca,ft_pole,0.5,full,96,pca,2,B_test,0.4,0.5580846202807114,0.4444444444444444,0.04549675023212628,0.009107073160154387,4.321969696969697,"{""drift|large"": 1.0, ""drift|medium"": 0.5, ""drift|small"": 0.5, ""dropout|large"": 0.75, ""dropout|medium"": 0.75, ""dropout|small"": 0.5, ""lamp_off_night|large"": 0.5, ""lamp_off_night|medium"": 0.0, ""lamp_off_night|small"": 0.0, ""lamp_on_day|large"": 0.0, ""lamp_on_day|medium"": 0.25, ""lamp_on_day|small"": 0.5, ""level_shift|large"": 0.5, ""level_shift|medium"": 0.5, ""level_shift|small"": 0.0, ""spike|large"": 1.0, ""spike|medium"": 0.75, ""spike|small"": 0.0}"
G0,stat,ft_pole,0.5,full,96,stat,0,A_val,0.7,0.9928590328788871,1.0,0.9660556687033266,0.009174311926605505,3.644628099173554,"{""camera_dead|large"": 1.0, ""camera_dead|medium"": 1.0, ""camera_dead|small"": 1.0, ""drift|large"": 1.0, ""drift|medium"": 1.0, ""drift|small"": 1.0, ""dropout|large"": 1.0, ""dropout|medium"": 1.0, ""dropout|small"": 1.0, ""lamp_off_night|large"": 1.0, ""lamp_off_night|medium"": 1.0, ""lamp_off_night|small"": 1.0, ""lamp_on_day|large"": 1.0, ""lamp_on_day|medium"": 1.0, ""lamp_on_day|small"": 1.0, ""level_shift|large"": 1.0, ""level_shift|medium"": 1.0, ""level_shift|small"": 1.0, ""signage_stuck|large"": 1.0, ""signage_stuck|medium"": 1.0, ""signage_stuck|small"": 1.0, ""spike|large"": 1.0, ""spike|medium"": 1.0, ""spike|small"": 1.0}"
G0,stat,ft_pole,0.5,full,96,stat,0,A_test,0.7,0.9849206038063903,1.0,0.9657920956492859,0.043761220825852785,8.96,"{""camera_dead|large"": 1.0, ""camera_dead|medium"": 1.0, ""camera_dead|small"": 1.0, ""drift|large"": 1.0, ""drift|medium"": 1.0, ""drift|small"": 1.0, ""dropout|large"": 1.0, ""dropout|medium"": 1.0, ""dropout|small"": 1.0, ""lamp_off_night|large"": 1.0, ""lamp_off_night|medium"": 1.0, ""lamp_off_night|small"": 1.0, ""lamp_on_day|large"": 1.0, ""lamp_on_day|medium"": 1.0, ""lamp_on_day|small"": 1.0, ""level_shift|large"": 1.0, ""level_shift|medium"": 1.0, ""level_shift|small"": 1.0, ""signage_stuck|large"": 1.0, ""signage_stuck|medium"": 1.0, ""signage_stuck|small"": 1.0, ""spike|large"": 1.0, ""spike|medium"": 1.0, ""spike|small"": 1.0}"
G0,stat,ft_pole,0.5,full,96,stat,0,B_val,0.7,0.7926282480289116,0.5277777777777778,0.27886056971514245,0.011747116616830415,2.7777777777777777,"{""drift|large"": 1.0, ""drift|medium"": 1.0, ""drift|small"": 0.0, ""dropout|large"": 1.0, ""dropout|medium"": 0.5, ""dropout|small"": 0.5, ""lamp_off_night|large"": 0.5, ""lamp_off_night|medium"": 0.5, ""lamp_off_night|small"": 0.0, ""lamp_on_day|large"": 0.0, ""lamp_on_day|medium"": 0.5, ""lamp_on_day|small"": 0.0, ""level_shift|large"": 1.0, ""level_shift|medium"": 1.0, ""level_shift|small"": 0.0, ""spike|large"": 1.0, ""spike|medium"": 1.0, ""spike|small"": 0.0}"
G0,stat,ft_pole,0.5,full,96,stat,0,B_test,0.7,0.7898029671816389,0.5555555555555556,0.21727019498607242,0.011795828093152348,3.393939393939394,"{""drift|large"": 1.0, ""drift|medium"": 0.75, ""drift|small"": 0.25, ""dropout|large"": 1.0, ""dropout|medium"": 1.0, ""dropout|small"": 0.75, ""lamp_off_night|large"": 0.75, ""lamp_off_night|medium"": 0.25, ""lamp_off_night|small"": 0.5, ""lamp_on_day|large"": 0.0, ""lamp_on_day|medium"": 0.25, ""lamp_on_day|small"": 0.25, ""level_shift|large"": 1.0, ""level_shift|medium"": 0.75, ""level_shift|small"": 0.25, ""spike|large"": 1.0, ""spike|medium"": 0.25, ""spike|small"": 0.0}"
G0,stat,ft_pole,0.5,full,96,stat,1,A_val,0.7,0.9928590328788871,1.0,0.9660556687033266,0.009174311926605505,3.644628099173554,"{""camera_dead|large"": 1.0, ""camera_dead|medium"": 1.0, ""camera_dead|small"": 1.0, ""drift|large"": 1.0, ""drift|medium"": 1.0, ""drift|small"": 1.0, ""dropout|large"": 1.0, ""dropout|medium"": 1.0, ""dropout|small"": 1.0, ""lamp_off_night|large"": 1.0, ""lamp_off_night|medium"": 1.0, ""lamp_off_night|small"": 1.0, ""lamp_on_day|large"": 1.0, ""lamp_on_day|medium"": 1.0, ""lamp_on_day|small"": 1.0, ""level_shift|large"": 1.0, ""level_shift|medium"": 1.0, ""level_shift|small"": 1.0, ""signage_stuck|large"": 1.0, ""signage_stuck|medium"": 1.0, ""signage_stuck|small"": 1.0, ""spike|large"": 1.0, ""spike|medium"": 1.0, ""spike|small"": 1.0}"
G0,stat,ft_pole,0.5,full,96,stat,1,A_test,0.7,0.9849206038063903,1.0,0.9657920956492859,0.043761220825852785,8.96,"{""camera_dead|large"": 1.0, ""camera_dead|medium"": 1.0, ""camera_dead|small"": 1.0, ""drift|large"": 1.0, ""drift|medium"": 1.0, ""drift|small"": 1.0, ""dropout|large"": 1.0, ""dropout|medium"": 1.0, ""dropout|small"": 1.0, ""lamp_off_night|large"": 1.0, ""lamp_off_night|medium"": 1.0, ""lamp_off_night|small"": 1.0, ""lamp_on_day|large"": 1.0, ""lamp_on_day|medium"": 1.0, ""lamp_on_day|small"": 1.0, ""level_shift|large"": 1.0, ""level_shift|medium"": 1.0, ""level_shift|small"": 1.0, ""signage_stuck|large"": 1.0, ""signage_stuck|medium"": 1.0, ""signage_stuck|small"": 1.0, ""spike|large"": 1.0, ""spike|medium"": 1.0, ""spike|small"": 1.0}"
G0,stat,ft_pole,0.5,full,96,stat,1,B_val,0.7,0.7926282480289116,0.5277777777777778,0.27886056971514245,0.011747116616830415,2.7777777777777777,"{""drift|large"": 1.0, ""drift|medium"": 1.0, ""drift|small"": 0.0, ""dropout|large"": 1.0, ""dropout|medium"": 0.5, ""dropout|small"": 0.5, ""lamp_off_night|large"": 0.5, ""lamp_off_night|medium"": 0.5, ""lamp_off_night|small"": 0.0, ""lamp_on_day|large"": 0.0, ""lamp_on_day|medium"": 0.5, ""lamp_on_day|small"": 0.0, ""level_shift|large"": 1.0, ""level_shift|medium"": 1.0, ""level_shift|small"": 0.0, ""spike|large"": 1.0, ""spike|medium"": 1.0, ""spike|small"": 0.0}"
G0,stat,ft_pole,0.5,full,96,stat,1,B_test,0.7,0.7898029671816389,0.5555555555555556,0.21727019498607242,0.011795828093152348,3.393939393939394,"{""drift|large"": 1.0, ""drift|medium"": 0.75, ""drift|small"": 0.25, ""dropout|large"": 1.0, ""dropout|medium"": 1.0, ""dropout|small"": 0.75, ""lamp_off_night|large"": 0.75, ""lamp_off_night|medium"": 0.25, ""lamp_off_night|small"": 0.5, ""lamp_on_day|large"": 0.0, ""lamp_on_day|medium"": 0.25, ""lamp_on_day|small"": 0.25, ""level_shift|large"": 1.0, ""level_shift|medium"": 0.75, ""level_shift|small"": 0.25, ""spike|large"": 1.0, ""spike|medium"": 0.25, ""spike|small"": 0.0}"
G0,stat,ft_pole,0.5,full,96,stat,2,A_val,0.8,0.9928590328788871,1.0,0.9660556687033266,0.009174311926605505,3.644628099173554,"{""camera_dead|large"": 1.0, ""camera_dead|medium"": 1.0, ""camera_dead|small"": 1.0, ""drift|large"": 1.0, ""drift|medium"": 1.0, ""drift|small"": 1.0, ""dropout|large"": 1.0, ""dropout|medium"": 1.0, ""dropout|small"": 1.0, ""lamp_off_night|large"": 1.0, ""lamp_off_night|medium"": 1.0, ""lamp_off_night|small"": 1.0, ""lamp_on_day|large"": 1.0, ""lamp_on_day|medium"": 1.0, ""lamp_on_day|small"": 1.0, ""level_shift|large"": 1.0, ""level_shift|medium"": 1.0, ""level_shift|small"": 1.0, ""signage_stuck|large"": 1.0, ""signage_stuck|medium"": 1.0, ""signage_stuck|small"": 1.0, ""spike|large"": 1.0, ""spike|medium"": 1.0, ""spike|small"": 1.0}"
G0,stat,ft_pole,0.5,full,96,stat,2,A_test,0.8,0.9849206038063903,1.0,0.9657920956492859,0.043761220825852785,8.96,"{""camera_dead|large"": 1.0, ""camera_dead|medium"": 1.0, ""camera_dead|small"": 1.0, ""drift|large"": 1.0, ""drift|medium"": 1.0, ""drift|small"": 1.0, ""dropout|large"": 1.0, ""dropout|medium"": 1.0, ""dropout|small"": 1.0, ""lamp_off_night|large"": 1.0, ""lamp_off_night|medium"": 1.0, ""lamp_off_night|small"": 1.0, ""lamp_on_day|large"": 1.0, ""lamp_on_day|medium"": 1.0, ""lamp_on_day|small"": 1.0, ""level_shift|large"": 1.0, ""level_shift|medium"": 1.0, ""level_shift|small"": 1.0, ""signage_stuck|large"": 1.0, ""signage_stuck|medium"": 1.0, ""signage_stuck|small"": 1.0, ""spike|large"": 1.0, ""spike|medium"": 1.0, ""spike|small"": 1.0}"
G0,stat,ft_pole,0.5,full,96,stat,2,B_val,0.8,0.7926282480289116,0.5277777777777778,0.27886056971514245,0.011747116616830415,2.7777777777777777,"{""drift|large"": 1.0, ""drift|medium"": 1.0, ""drift|small"": 0.0, ""dropout|large"": 1.0, ""dropout|medium"": 0.5, ""dropout|small"": 0.5, ""lamp_off_night|large"": 0.5, ""lamp_off_night|medium"": 0.5, ""lamp_off_night|small"": 0.0, ""lamp_on_day|large"": 0.0, ""lamp_on_day|medium"": 0.5, ""lamp_on_day|small"": 0.0, ""level_shift|large"": 1.0, ""level_shift|medium"": 1.0, ""level_shift|small"": 0.0, ""spike|large"": 1.0, ""spike|medium"": 1.0, ""spike|small"": 0.0}"
G0,stat,ft_pole,0.5,full,96,stat,2,B_test,0.8,0.7898029671816389,0.5555555555555556,0.21727019498607242,0.011795828093152348,3.393939393939394,"{""drift|large"": 1.0, ""drift|medium"": 0.75, ""drift|small"": 0.25, ""dropout|large"": 1.0, ""dropout|medium"": 1.0, ""dropout|small"": 0.75, ""lamp_off_night|large"": 0.75, ""lamp_off_night|medium"": 0.25, ""lamp_off_night|small"": 0.5, ""lamp_on_day|large"": 0.0, ""lamp_on_day|medium"": 0.25, ""lamp_on_day|small"": 0.25, ""level_shift|large"": 1.0, ""level_shift|medium"": 0.75, ""level_shift|small"": 0.25, ""spike|large"": 1.0, ""spike|medium"": 0.25, ""spike|small"": 0.0}"
G3,transformer,ft_pole,0.0,full,96,transformer|ft_pole|lam0.0|full|w96,0,A_val,126.1,77,24,0.96316358622781,0.9166666666666666,0.9355057705363204,0.1970997336490086,9.198347107438018,"{""camera_dead|large"": 1.0, ""camera_dead|medium"": 1.0, ""camera_dead|small"": 1.0, ""drift|large"": 1.0, ""drift|medium"": 1.0, ""drift|small"": 1.0, ""dropout|large"": 1.0, ""dropout|medium"": 1.0, ""dropout|small"": 1.0, ""lamp_off_night|large"": 1.0, ""lamp_off_night|medium"": 1.0, ""lamp_off_night|small"": 0.0, ""lamp_on_day|large"": 1.0, ""lamp_on_day|medium"": 1.0, ""lamp_on_day|small"": 0.5, ""level_shift|large"": 1.0, ""level_shift|medium"": 1.0, ""level_shift|small"": 1.0, ""signage_stuck|large"": 1.0, ""signage_stuck|medium"": 1.0, ""signage_stuck|small"": 0.5, ""spike|large"": 1.0, ""spike|medium"": 1.0, ""spike|small"": 1.0}"
G3,transformer,ft_pole,0.0,full,96,transformer|ft_pole|lam0.0|full|w96,0,A_test,126.1,77,24,0.9290917096121323,0.9270833333333334,0.9006974427100631,0.2610712148414123,11.84,"{""camera_dead|large"": 1.0, ""camera_dead|medium"": 1.0, ""camera_dead|small"": 1.0, ""drift|large"": 1.0, ""drift|medium"": 1.0, ""drift|small"": 1.0, ""dropout|large"": 1.0, ""dropout|medium"": 1.0, ""dropout|small"": 1.0, ""lamp_off_night|large"": 1.0, ""lamp_off_night|medium"": 1.0, ""lamp_off_night|small"": 0.5, ""lamp_on_day|large"": 1.0, ""lamp_on_day|medium"": 1.0, ""lamp_on_day|small"": 0.25, ""level_shift|large"": 1.0, ""level_shift|medium"": 1.0, ""level_shift|small"": 1.0, ""signage_stuck|large"": 1.0, ""signage_stuck|medium"": 1.0, ""signage_stuck|small"": 0.5, ""spike|large"": 1.0, ""spike|medium"": 1.0, ""spike|small"": 1.0}"
G3,transformer,ft_pole,0.0,full,96,transformer|ft_pole|lam0.0|full|w96,0,B_val,126.1,77,24,0.7040213340574482,0.5555555555555556,0.1724137931034483,0.03246475865014951,4.888888888888889,"{""drift|large"": 1.0, ""drift|medium"": 1.0, ""drift|small"": 0.5, ""dropout|large"": 1.0, ""dropout|medium"": 1.0, ""dropout|small"": 1.0, ""lamp_off_night|large"": 0.0, ""lamp_off_night|medium"": 0.0, ""lamp_off_night|small"": 0.0, ""lamp_on_day|large"": 0.0, ""lamp_on_day|medium"": 0.5, ""lamp_on_day|small"": 0.0, ""level_shift|large"": 1.0, ""level_shift|medium"": 0.0, ""level_shift|small"": 0.0, ""spike|large"": 1.0, ""spike|medium"": 1.0, ""spike|small"": 1.0}"
G3,transformer,ft_pole,0.0,full,96,transformer|ft_pole|lam0.0|full|w96,0,B_test,126.1,77,24,0.7457005550696061,0.5555555555555556,0.14948932219127206,0.020165661997484714,5.117424242424242,"{""drift|large"": 1.0, ""drift|medium"": 1.0, ""drift|small"": 0.5, ""dropout|large"": 1.0, ""dropout|medium"": 1.0, ""dropout|small"": 0.75, ""lamp_off_night|large"": 0.25, ""lamp_off_night|medium"": 0.0, ""lamp_off_night|small"": 0.0, ""lamp_on_day|large"": 0.0, ""lamp_on_day|medium"": 0.25, ""lamp_on_day|small"": 0.25, ""level_shift|large"": 0.75, ""level_shift|medium"": 0.25, ""level_shift|small"": 0.5, ""spike|large"": 1.0, ""spike|medium"": 1.0, ""spike|small"": 0.5}"
G3,transformer,ft_pole,0.0,full,96,transformer|ft_pole|lam0.0|full|w96,1,A_val,115.1,78,14,0.9649394604174003,0.8958333333333334,0.9314324507807196,0.184176778139489,8.099173553719009,"{""camera_dead|large"": 1.0, ""camera_dead|medium"": 1.0, ""camera_dead|small"": 1.0, ""drift|large"": 1.0, ""drift|medium"": 1.0, ""drift|small"": 1.0, ""dropout|large"": 1.0, ""dropout|medium"": 1.0, ""dropout|small"": 1.0, ""lamp_off_night|large"": 1.0, ""lamp_off_night|medium"": 1.0, ""lamp_off_night|small"": 0.0, ""lamp_on_day|large"": 1.0, ""lamp_on_day|medium"": 1.0, ""lamp_on_day|small"": 0.0, ""level_shift|large"": 1.0, ""level_shift|medium"": 1.0, ""level_shift|small"": 1.0, ""signage_stuck|large"": 1.0, ""signage_stuck|medium"": 1.0, ""signage_stuck|small"": 0.5, ""spike|large"": 1.0, ""spike|medium"": 1.0, ""spike|small"": 1.0}"
G3,transformer,ft_pole,0.0,full,96,transformer|ft_pole|lam0.0|full|w96,1,A_test,115.1,78,14,0.9306857799081406,0.9375,0.9010295582862836,0.2515709156193896,10.84,"{""camera_dead|large"": 1.0, ""camera_dead|medium"": 1.0, ""camera_dead|small"": 1.0, ""drift|large"": 1.0, ""drift|medium"": 1.0, ""drift|small"": 1.0, ""dropout|large"": 1.0, ""dropout|medium"": 1.0, ""dropout|small"": 1.0, ""lamp_off_night|large"": 1.0, ""lamp_off_night|medium"": 1.0, ""lamp_off_night|small"": 0.5, ""lamp_on_day|large"": 1.0, ""lamp_on_day|medium"": 1.0, ""lamp_on_day|small"": 0.5, ""level_shift|large"": 1.0, ""level_shift|medium"": 1.0, ""level_shift|small"": 1.0, ""signage_stuck|large"": 1.0, ""signage_stuck|medium"": 1.0, ""signage_stuck|small"": 0.5, ""spike|large"": 1.0, ""spike|medium"": 1.0, ""spike|small"": 1.0}"
G3,transformer,ft_pole,0.0,full,96,transformer|ft_pole|lam0.0|full|w96,1,B_val,115.1,78,14,0.6893589727989488,0.5555555555555556,0.17691154422788605,0.026057240495514736,5.222222222222222,"{""drift|large"": 1.0, ""drift|medium"": 0.5, ""drift|small"": 1.0, ""dropout|large"": 1.0, ""dropout|medium"": 1.0, ""dropout|small"": 1.0, ""lamp_off_night|large"": 0.0, ""lamp_off_night|medium"": 0.0, ""lamp_off_night|small"": 0.0, ""lamp_on_day|large"": 0.0, ""lamp_on_day|medium"": 0.5, ""lamp_on_day|small"": 0.0, ""level_shift|large"": 1.0, ""level_shift|medium"": 0.0, ""level_shift|small"": 0.0, ""spike|large"": 1.0, ""spike|medium"": 1.0, ""spike|small"": 1.0}"
G3,transformer,ft_pole,0.0,full,96,transformer|ft_pole|lam0.0|full|w96,1,B_test,115.1,78,14,0.7642127338521993,0.5694444444444444,0.15366759517177345,0.01994882692224294,5.4356060606060606,"{""drift|large"": 1.0, ""drift|medium"": 1.0, ""drift|small"": 1.0, ""dropout|large"": 1.0, ""dropout|medium"": 1.0, ""dropout|small"": 0.5, ""lamp_off_night|large"": 0.25, ""lamp_off_night|medium"": 0.0, ""lamp_off_night|small"": 0.0, ""lamp_on_day|large"": 0.25, ""lamp_on_day|medium"": 0.25, ""lamp_on_day|small"": 0.0, ""level_shift|large"": 1.0, ""level_shift|medium"": 0.25, ""level_shift|small"": 0.5, ""spike|large"": 1.0, ""spike|medium"": 1.0, ""spike|small"": 0.25}"
G3,transformer,ft_pole,0.0,full,96,transformer|ft_pole|lam0.0|full|w96,2,A_val,116.1,80,15,0.9713760583870626,0.9166666666666666,0.9307535641547862,0.16464437210219987,9.082644628099175,"{""camera_dead|large"": 1.0, ""camera_dead|medium"": 1.0, ""camera_dead|small"": 1.0, ""drift|large"": 1.0, ""drift|medium"": 1.0, ""drift|small"": 1.0, ""dropout|large"": 1.0, ""dropout|medium"": 1.0, ""dropout|small"": 1.0, ""lamp_off_night|large"": 1.0, ""lamp_off_night|medium"": 1.0, ""lamp_off_night|small"": 0.0, ""lamp_on_day|large"": 1.0, ""lamp_on_day|medium"": 1.0, ""lamp_on_day|small"": 0.5, ""level_shift|large"": 1.0, ""level_shift|medium"": 1.0, ""level_shift|small"": 1.0, ""signage_stuck|large"": 1.0, ""signage_stuck|medium"": 1.0, ""signage_stuck|small"": 0.5, ""spike|large"": 1.0, ""spike|medium"": 1.0, ""spike|small"": 1.0}"
G3,transformer,ft_pole,0.0,full,96,transformer|ft_pole|lam0.0|full|w96,2,A_test,116.1,80,15,0.9420490368350161,0.9270833333333334,0.8953835934905348,0.206163973668462,12.72,"{""camera_dead|large"": 1.0, ""camera_dead|medium"": 1.0, ""camera_dead|small"": 1.0, ""drift|large"": 1.0, ""drift|medium"": 1.0, ""drift|small"": 1.0, ""dropout|large"": 1.0, ""dropout|medium"": 1.0, ""dropout|small"": 1.0, ""lamp_off_night|large"": 1.0, ""lamp_off_night|medium"": 1.0, ""lamp_off_night|small"": 0.5, ""lamp_on_day|large"": 1.0, ""lamp_on_day|medium"": 1.0, ""lamp_on_day|small"": 0.25, ""level_shift|large"": 1.0, ""level_shift|medium"": 1.0, ""level_shift|small"": 1.0, ""signage_stuck|large"": 1.0, ""signage_stuck|medium"": 1.0, ""signage_stuck|small"": 0.5, ""spike|large"": 1.0, ""spike|medium"": 1.0, ""spike|small"": 1.0}"
G3,transformer,ft_pole,0.0,full,96,transformer|ft_pole|lam0.0|full|w96,2,B_val,116.1,80,15,0.6570483980564182,0.5555555555555556,0.16266866566716642,0.02584365655702691,4.888888888888889,"{""drift|large"": 1.0, ""drift|medium"": 1.0, ""drift|small"": 0.5, ""dropout|large"": 1.0, ""dropout|medium"": 1.0, ""dropout|small"": 1.0, ""lamp_off_night|large"": 0.0, ""lamp_off_night|medium"": 0.0, ""lamp_off_night|small"": 0.0, ""lamp_on_day|large"": 0.0, ""lamp_on_day|medium"": 0.5, ""lamp_on_day|small"": 0.0, ""level_shift|large"": 1.0, ""level_shift|medium"": 0.0, ""level_shift|small"": 0.0, ""spike|large"": 1.0, ""spike|medium"": 1.0, ""spike|small"": 1.0}"
G3,transformer,ft_pole,0.0,full,96,transformer|ft_pole|lam0.0|full|w96,2,B_test,116.1,80,15,0.7118891618017694,0.5555555555555556,0.1467038068709378,0.022117177674660652,5.621212121212121,"{""drift|large"": 1.0, ""drift|medium"": 1.0, ""drift|small"": 0.75, ""dropout|large"": 1.0, ""dropout|medium"": 1.0, ""dropout|small"": 0.5, ""lamp_off_night|large"": 0.25, ""lamp_off_night|medium"": 0.0, ""lamp_off_night|small"": 0.0, ""lamp_on_day|large"": 0.0, ""lamp_on_day|medium"": 0.25, ""lamp_on_day|small"": 0.0, ""level_shift|large"": 0.75, ""level_shift|medium"": 0.25, ""level_shift|small"": 0.5, ""spike|large"": 1.0, ""spike|medium"": 1.0, ""spike|small"": 0.75}"
G5,transformer,ft_pole,0.5,full,48,transformer|ft_pole|lam0.5|full|w48,0,A_val,91.9,43,40,0.9663159186222747,0.8958333333333334,0.9327902240325866,0.1584295156357897,6.9421487603305785,"{""camera_dead|large"": 1.0, ""camera_dead|medium"": 1.0, ""camera_dead|small"": 1.0, ""drift|large"": 1.0, ""drift|medium"": 1.0, ""drift|small"": 1.0, ""dropout|large"": 1.0, ""dropout|medium"": 1.0, ""dropout|small"": 1.0, ""lamp_off_night|large"": 1.0, ""lamp_off_night|medium"": 1.0, ""lamp_off_night|small"": 0.0, ""lamp_on_day|large"": 1.0, ""lamp_on_day|medium"": 1.0, ""lamp_on_day|small"": 0.0, ""level_shift|large"": 1.0, ""level_shift|medium"": 1.0, ""level_shift|small"": 1.0, ""signage_stuck|large"": 1.0, ""signage_stuck|medium"": 1.0, ""signage_stuck|small"": 0.5, ""spike|large"": 1.0, ""spike|medium"": 1.0, ""spike|small"": 1.0}"
G5,transformer,ft_pole,0.5,full,48,transformer|ft_pole|lam0.5|full|w48,0,A_test,91.9,43,40,0.926705312120072,0.9166666666666666,0.8751245433410827,0.1976361460203471,9.32,"{""camera_dead|large"": 1.0, ""camera_dead|medium"": 1.0, ""camera_dead|small"": 1.0, ""drift|large"": 1.0, ""drift|medium"": 1.0, ""drift|small"": 1.0, ""dropout|large"": 1.0, ""dropout|medium"": 1.0, ""dropout|small"": 1.0, ""lamp_off_night|large"": 1.0, ""lamp_off_night|medium"": 1.0, ""lamp_off_night|small"": 0.5, ""lamp_on_day|large"": 1.0, ""lamp_on_day|medium"": 1.0, ""lamp_on_day|small"": 0.25, ""level_shift|large"": 1.0, ""level_shift|medium"": 1.0, ""level_shift|small"": 1.0, ""signage_stuck|large"": 1.0, ""signage_stuck|medium"": 1.0, ""signage_stuck|small"": 0.25, ""spike|large"": 1.0, ""spike|medium"": 1.0, ""spike|small"": 1.0}"
G5,transformer,ft_pole,0.5,full,48,transformer|ft_pole|lam0.5|full|w48,0,B_val,91.9,43,40,0.7182948732810015,0.5833333333333334,0.17766116941529236,0.02840666381888082,5.222222222222222,"{""drift|large"": 1.0, ""drift|medium"": 1.0, ""drift|small"": 1.0, ""dropout|large"": 1.0, ""dropout|medium"": 1.0, ""dropout|small"": 1.0, ""lamp_off_night|large"": 0.0, ""lamp_off_night|medium"": 0.0, ""lamp_off_night|small"": 0.0, ""lamp_on_day|large"": 0.0, ""lamp_on_day|medium"": 0.5, ""lamp_on_day|small"": 0.0, ""level_shift|large"": 1.0, ""level_shift|medium"": 0.0, ""level_shift|small"": 0.0, ""spike|large"": 1.0, ""spike|medium"": 1.0, ""spike|small"": 1.0}"
G5,transformer,ft_pole,0.5,full,48,transformer|ft_pole|lam0.5|full|w48,0,B_test,91.9,43,40,0.7441968229493895,0.6388888888888888,0.15784586815227483,0.025933474998915823,6.284090909090909,"{""drift|large"": 1.0, ""drift|medium"": 1.0, ""drift|small"": 0.75, ""dropout|large"": 1.0, ""dropout|medium"": 1.0, ""dropout|small"": 0.75, ""lamp_off_night|large"": 0.25, ""lamp_off_night|medium"": 0.0, ""lamp_off_night|small"": 0.0, ""lamp_on_day|large"": 0.25, ""lamp_on_day|medium"": 0.25, ""lamp_on_day|small"": 0.5, ""level_shift|large"": 1.0, ""level_shift|medium"": 0.5, ""level_shift|small"": 0.75, ""spike|large"": 1.0, ""spike|medium"": 1.0, ""spike|small"": 0.5}"
G5,transformer,ft_pole,0.5,full,48,transformer|ft_pole|lam0.5|full|w48,1,A_val,129.0,77,39,0.971964600921215,0.9375,0.9300746775288526,0.1425471046660748,6.884297520661158,"{""camera_dead|large"": 1.0, ""camera_dead|medium"": 1.0, ""camera_dead|small"": 1.0, ""drift|large"": 1.0, ""drift|medium"": 1.0, ""drift|small"": 1.0, ""dropout|large"": 1.0, ""dropout|medium"": 1.0, ""dropout|small"": 1.0, ""lamp_off_night|large"": 1.0, ""lamp_off_night|medium"": 1.0, ""lamp_off_night|small"": 0.5, ""lamp_on_day|large"": 1.0, ""lamp_on_day|medium"": 1.0, ""lamp_on_day|small"": 0.5, ""level_shift|large"": 1.0, ""level_shift|medium"": 1.0, ""level_shift|small"": 1.0, ""signage_stuck|large"": 1.0, ""signage_stuck|medium"": 1.0, ""signage_stuck|small"": 0.5, ""spike|large"": 1.0, ""spike|medium"": 1.0, ""spike|small"": 1.0}"
G5,transformer,ft_pole,0.5,full,48,transformer|ft_pole|lam0.5|full|w48,1,A_test,129.0,77,39,0.9353084421553446,0.9166666666666666,0.871471272002657,0.18155296229802514,10.0,"{""camera_dead|large"": 1.0, ""camera_dead|medium"": 1.0, ""camera_dead|small"": 1.0, ""drift|large"": 1.0, ""drift|medium"": 1.0, ""drift|small"": 1.0, ""dropout|large"": 1.0, ""dropout|medium"": 1.0, ""dropout|small"": 1.0, ""lamp_off_night|large"": 1.0, ""lamp_off_night|medium"": 1.0, ""lamp_off_night|small"": 0.5, ""lamp_on_day|large"": 1.0, ""lamp_on_day|medium"": 1.0, ""lamp_on_day|small"": 0.25, ""level_shift|large"": 1.0, ""level_shift|medium"": 1.0, ""level_shift|small"": 1.0, ""signage_stuck|large"": 1.0, ""signage_stuck|medium"": 1.0, ""signage_stuck|small"": 0.25, ""spike|large"": 1.0, ""spike|medium"": 1.0, ""spike|small"": 1.0}"
G5,transformer,ft_pole,0.5,full,48,transformer|ft_pole|lam0.5|full|w48,1,B_val,129.0,77,39,0.6788867953891486,0.5,0.17391304347826086,0.033532678342588634,5.666666666666667,"{""drift|large"": 1.0, ""drift|medium"": 0.5, ""drift|small"": 0.5, ""dropout|large"": 1.0, ""dropout|medium"": 1.0, ""dropout|small"": 0.5, ""lamp_off_night|large"": 0.0, ""lamp_off_night|medium"": 0.0, ""lamp_off_night|small"": 0.0, ""lamp_on_day|large"": 0.0, ""lamp_on_day|medium"": 0.5, ""lamp_on_day|small"": 0.0, ""level_shift|large"": 1.0, ""level_shift|medium"": 0.0, ""level_shift|small"": 0.0, ""spike|large"": 1.0, ""spike|medium"": 1.0, ""spike|small"": 1.0}"
G5,transformer,ft_pole,0.5,full,48,transformer|ft_pole|lam0.5|full|w48,1,B_test,129.0,77,39,0.7366202893284568,0.6666666666666666,0.16341689879294335,0.0282319267964786,7.662878787878788,"{""drift|large"": 1.0, ""drift|medium"": 1.0, ""drift|small"": 1.0, ""dropout|large"": 1.0, ""dropout|medium"": 1.0, ""dropout|small"": 0.5, ""lamp_off_night|large"": 0.5, ""lamp_off_night|medium"": 0.0, ""lamp_off_night|small"": 0.0, ""lamp_on_day|large"": 0.0, ""lamp_on_day|medium"": 0.25, ""lamp_on_day|small"": 0.5, ""level_shift|large"": 1.0, ""level_shift|medium"": 0.75, ""level_shift|small"": 0.75, ""spike|large"": 1.0, ""spike|medium"": 1.0, ""spike|small"": 0.75}"
G5,transformer,ft_pole,0.5,full,48,transformer|ft_pole|lam0.5|full|w48,2,A_val,104.6,53,34,0.9713243566532931,0.875,0.9314324507807196,0.141757916543356,6.9421487603305785,"{""camera_dead|large"": 1.0, ""camera_dead|medium"": 1.0, ""camera_dead|small"": 1.0, ""drift|large"": 1.0, ""drift|medium"": 1.0, ""drift|small"": 1.0, ""dropout|large"": 1.0, ""dropout|medium"": 1.0, ""dropout|small"": 1.0, ""lamp_off_night|large"": 1.0, ""lamp_off_night|medium"": 1.0, ""lamp_off_night|small"": 0.0, ""lamp_on_day|large"": 1.0, ""lamp_on_day|medium"": 1.0, ""lamp_on_day|small"": 0.0, ""level_shift|large"": 1.0, ""level_shift|medium"": 1.0, ""level_shift|small"": 1.0, ""signage_stuck|large"": 1.0, ""signage_stuck|medium"": 1.0, ""signage_stuck|small"": 0.0, ""spike|large"": 1.0, ""spike|medium"": 1.0, ""spike|small"": 1.0}"
G5,transformer,ft_pole,0.5,full,48,transformer|ft_pole|lam0.5|full|w48,2,A_test,104.6,53,34,0.9298348703864804,0.9166666666666666,0.8598472268349385,0.18200179533213645,10.2,"{""camera_dead|large"": 1.0, ""camera_dead|medium"": 1.0, ""camera_dead|small"": 1.0, ""drift|large"": 1.0, ""drift|medium"": 1.0, ""drift|small"": 1.0, ""dropout|large"": 1.0, ""dropout|medium"": 1.0, ""dropout|small"": 1.0, ""lamp_off_night|large"": 1.0, ""lamp_off_night|medium"": 1.0, ""lamp_off_night|small"": 0.5, ""lamp_on_day|large"": 1.0, ""lamp_on_day|medium"": 1.0, ""lamp_on_day|small"": 0.25, ""level_shift|large"": 1.0, ""level_shift|medium"": 1.0, ""level_shift|small"": 1.0, ""signage_stuck|large"": 1.0, ""signage_stuck|medium"": 1.0, ""signage_stuck|small"": 0.25, ""spike|large"": 1.0, ""spike|medium"": 1.0, ""spike|small"": 1.0}"
G5,transformer,ft_pole,0.5,full,48,transformer|ft_pole|lam0.5|full|w48,2,B_val,104.6,53,34,0.6531936402580427,0.4722222222222222,0.1671664167916042,0.026270824434002565,5.0,"{""drift|large"": 1.0, ""drift|medium"": 0.5, ""drift|small"": 0.5, ""dropout|large"": 1.0, ""dropout|medium"": 1.0, ""dropout|small"": 0.5, ""lamp_off_night|large"": 0.0, ""lamp_off_night|medium"": 0.0, ""lamp_off_night|small"": 0.0, ""lamp_on_day|large"": 0.0, ""lamp_on_day|medium"": 0.5, ""lamp_on_day|small"": 0.0, ""level_shift|large"": 1.0, ""level_shift|medium"": 0.0, ""level_shift|small"": 0.0, ""spike|large"": 1.0, ""spike|medium"": 1.0, ""spike|small"": 0.5}"
G5,transformer,ft_pole,0.5,full,48,transformer|ft_pole|lam0.5|full|w48,2,B_test,104.6,53,34,0.6942831402212637,0.5555555555555556,0.14066852367688024,0.026974283360076325,6.761363636363636,"{""drift|large"": 1.0, ""drift|medium"": 1.0, ""drift|small"": 0.75, ""dropout|large"": 1.0, ""dropout|medium"": 1.0, ""dropout|small"": 0.5, ""lamp_off_night|large"": 0.25, ""lamp_off_night|medium"": 0.0, ""lamp_off_night|small"": 0.0, ""lamp_on_day|large"": 0.0, ""lamp_on_day|medium"": 0.25, ""lamp_on_day|small"": 0.25, ""level_shift|large"": 1.0, ""level_shift|medium"": 0.25, ""level_shift|small"": 0.5, ""spike|large"": 1.0, ""spike|medium"": 0.75, ""spike|small"": 0.5}"
G2,transformer,b_only,0.5,full,96,transformer|b_only|lam0.5|full|w96,0,B_val,53.2,73,0.6729821761481497,0.5,0.1409295352323838,0.021785561725758223,3.3333333333333335,"{""drift|large"": 1.0, ""drift|medium"": 0.5, ""drift|small"": 0.5, ""dropout|large"": 1.0, ""dropout|medium"": 1.0, ""dropout|small"": 1.0, ""lamp_off_night|large"": 0.0, ""lamp_off_night|medium"": 0.0, ""lamp_off_night|small"": 0.0, ""lamp_on_day|large"": 0.0, ""lamp_on_day|medium"": 0.5, ""lamp_on_day|small"": 0.0, ""level_shift|large"": 1.0, ""level_shift|medium"": 0.0, ""level_shift|small"": 0.0, ""spike|large"": 1.0, ""spike|medium"": 1.0, ""spike|small"": 0.5}"
G2,transformer,b_only,0.5,full,96,transformer|b_only|lam0.5|full|w96,0,B_test,53.2,73,0.758459376522451,0.4583333333333333,0.11513463324048283,0.015438657357214104,3.712121212121212,"{""drift|large"": 1.0, ""drift|medium"": 1.0, ""drift|small"": 0.25, ""dropout|large"": 1.0, ""dropout|medium"": 1.0, ""dropout|small"": 0.5, ""lamp_off_night|large"": 0.25, ""lamp_off_night|medium"": 0.0, ""lamp_off_night|small"": 0.0, ""lamp_on_day|large"": 0.0, ""lamp_on_day|medium"": 0.25, ""lamp_on_day|small"": 0.0, ""level_shift|large"": 1.0, ""level_shift|medium"": 0.25, ""level_shift|small"": 0.25, ""spike|large"": 1.0, ""spike|medium"": 0.5, ""spike|small"": 0.0}"
G2,transformer,ft_decoder,0.5,full,96,transformer|ft_decoder|lam0.5|full|w96,0,A_val,108.6,54,32,0.9618236273038999,0.9166666666666666,0.9348268839103869,0.19897405544046562,8.272727272727273,"{""camera_dead|large"": 1.0, ""camera_dead|medium"": 1.0, ""camera_dead|small"": 1.0, ""drift|large"": 1.0, ""drift|medium"": 1.0, ""drift|small"": 1.0, ""dropout|large"": 1.0, ""dropout|medium"": 1.0, ""dropout|small"": 1.0, ""lamp_off_night|large"": 1.0, ""lamp_off_night|medium"": 1.0, ""lamp_off_night|small"": 0.0, ""lamp_on_day|large"": 1.0, ""lamp_on_day|medium"": 1.0, ""lamp_on_day|small"": 0.5, ""level_shift|large"": 1.0, ""level_shift|medium"": 1.0, ""level_shift|small"": 1.0, ""signage_stuck|large"": 1.0, ""signage_stuck|medium"": 1.0, ""signage_stuck|small"": 0.5, ""spike|large"": 1.0, ""spike|medium"": 1.0, ""spike|small"": 1.0}"
G2,transformer,ft_decoder,0.5,full,96,transformer|ft_decoder|lam0.5|full|w96,0,A_test,108.6,54,32,0.927247335274351,0.9270833333333334,0.8970441713716373,0.258901855176541,10.36,"{""camera_dead|large"": 1.0, ""camera_dead|medium"": 1.0, ""camera_dead|small"": 1.0, ""drift|large"": 1.0, ""drift|medium"": 1.0, ""drift|small"": 1.0, ""dropout|large"": 1.0, ""dropout|medium"": 1.0, ""dropout|small"": 1.0, ""lamp_off_night|large"": 1.0, ""lamp_off_night|medium"": 1.0, ""lamp_off_night|small"": 0.75, ""lamp_on_day|large"": 1.0, ""lamp_on_day|medium"": 1.0, ""lamp_on_day|small"": 0.0, ""level_shift|large"": 1.0, ""level_shift|medium"": 1.0, ""level_shift|small"": 1.0, ""signage_stuck|large"": 1.0, ""signage_stuck|medium"": 1.0, ""signage_stuck|small"": 0.5, ""spike|large"": 1.0, ""spike|medium"": 1.0, ""spike|small"": 1.0}"
G2,transformer,ft_decoder,0.5,full,96,transformer|ft_decoder|lam0.5|full|w96,0,B_val,108.6,54,32,0.6949685131804025,0.5833333333333334,0.1724137931034483,0.02584365655702691,5.333333333333333,"{""drift|large"": 1.0, ""drift|medium"": 1.0, ""drift|small"": 1.0, ""dropout|large"": 1.0, ""dropout|medium"": 1.0, ""dropout|small"": 1.0, ""lamp_off_night|large"": 0.0, ""lamp_off_night|medium"": 0.0, ""lamp_off_night|small"": 0.0, ""lamp_on_day|large"": 0.0, ""lamp_on_day|medium"": 0.5, ""lamp_on_day|small"": 0.0, ""level_shift|large"": 1.0, ""level_shift|medium"": 0.0, ""level_shift|small"": 0.0, ""spike|large"": 1.0, ""spike|medium"": 1.0, ""spike|small"": 1.0}"
G2,transformer,ft_decoder,0.5,full,96,transformer|ft_decoder|lam0.5|full|w96,0,B_test,108.6,54,32,0.7455819903752609,0.5833333333333334,0.16434540389972144,0.028622229931913785,6.363636363636363,"{""drift|large"": 1.0, ""drift|medium"": 1.0, ""drift|small"": 0.5, ""dropout|large"": 1.0, ""dropout|medium"": 1.0, ""dropout|small"": 0.5, ""lamp_off_night|large"": 0.25, ""lamp_off_night|medium"": 0.0, ""lamp_off_night|small"": 0.0, ""lamp_on_day|large"": 0.25, ""lamp_on_day|medium"": 0.25, ""lamp_on_day|small"": 0.75, ""level_shift|large"": 1.0, ""level_shift|medium"": 0.5, ""level_shift|small"": 0.5, ""spike|large"": 1.0, ""spike|medium"": 1.0, ""spike|small"": 0.0}"
G2,transformer,ft_pole,0.5,full,96,transformer|ft_pole|lam0.5|full|w96,0,A_val,17.7,54,19,0.9624995671988932,0.8958333333333334,0.9341479972844535,0.2036105356614383,8.561983471074381,"{""camera_dead|large"": 1.0, ""camera_dead|medium"": 1.0, ""camera_dead|small"": 1.0, ""drift|large"": 1.0, ""drift|medium"": 1.0, ""drift|small"": 1.0, ""dropout|large"": 1.0, ""dropout|medium"": 1.0, ""dropout|small"": 1.0, ""lamp_off_night|large"": 1.0, ""lamp_off_night|medium"": 1.0, ""lamp_off_night|small"": 0.0, ""lamp_on_day|large"": 1.0, ""lamp_on_day|medium"": 1.0, ""lamp_on_day|small"": 0.0, ""level_shift|large"": 1.0, ""level_shift|medium"": 1.0, ""level_shift|small"": 1.0, ""signage_stuck|large"": 1.0, ""signage_stuck|medium"": 1.0, ""signage_stuck|small"": 0.5, ""spike|large"": 1.0, ""spike|medium"": 1.0, ""spike|small"": 1.0}"
G2,transformer,ft_pole,0.5,full,96,transformer|ft_pole|lam0.5|full|w96,0,A_test,17.7,54,19,0.9277245899286894,0.9375,0.9013616738625041,0.26645721125074806,11.48,"{""camera_dead|large"": 1.0, ""camera_dead|medium"": 1.0, ""camera_dead|small"": 1.0, ""drift|large"": 1.0, ""drift|medium"": 1.0, ""drift|small"": 1.0, ""dropout|large"": 1.0, ""dropout|medium"": 1.0, ""dropout|small"": 1.0, ""lamp_off_night|large"": 1.0, ""lamp_off_night|medium"": 1.0, ""lamp_off_night|small"": 0.75, ""lamp_on_day|large"": 1.0, ""lamp_on_day|medium"": 1.0, ""lamp_on_day|small"": 0.25, ""level_shift|large"": 1.0, ""level_shift|medium"": 1.0, ""level_shift|small"": 1.0, ""signage_stuck|large"": 1.0, ""signage_stuck|medium"": 1.0, ""signage_stuck|small"": 0.5, ""spike|large"": 1.0, ""spike|medium"": 1.0, ""spike|small"": 1.0}"
G2,transformer,ft_pole,0.5,full,96,transformer|ft_pole|lam0.5|full|w96,0,B_val,17.7,54,19,0.6920950567006117,0.5833333333333334,0.18215892053973012,0.02541648868005126,5.333333333333333,"{""drift|large"": 1.0, ""drift|medium"": 1.0, ""drift|small"": 1.0, ""dropout|large"": 1.0, ""dropout|medium"": 1.0, ""dropout|small"": 1.0, ""lamp_off_night|large"": 0.0, ""lamp_off_night|medium"": 0.0, ""lamp_off_night|small"": 0.0, ""lamp_on_day|large"": 0.0, ""lamp_on_day|medium"": 0.5, ""lamp_on_day|small"": 0.0, ""level_shift|large"": 1.0, ""level_shift|medium"": 0.0, ""level_shift|small"": 0.0, ""spike|large"": 1.0, ""spike|medium"": 1.0, ""spike|small"": 1.0}"
G2,transformer,ft_pole,0.5,full,96,transformer|ft_pole|lam0.5|full|w96,0,B_test,17.7,54,19,0.7392050862381482,0.5833333333333334,0.14345403899721448,0.021336571403790278,5.276515151515151,"{""drift|large"": 1.0, ""drift|medium"": 1.0, ""drift|small"": 0.5, ""dropout|large"": 1.0, ""dropout|medium"": 1.0, ""dropout|small"": 0.5, ""lamp_off_night|large"": 0.25, ""lamp_off_night|medium"": 0.0, ""lamp_off_night|small"": 0.0, ""lamp_on_day|large"": 0.0, ""lamp_on_day|medium"": 0.25, ""lamp_on_day|small"": 0.5, ""level_shift|large"": 1.0, ""level_shift|medium"": 0.25, ""level_shift|small"": 0.5, ""spike|large"": 1.0, ""spike|medium"": 1.0, ""spike|small"": 0.75}"
G2,transformer,joint,0.5,full,96,transformer|joint|lam0.5|full|w96,0,A_val,207.4,79,0.9674720417182094,0.9166666666666666,0.9368635437881874,0.19039163460589917,8.677685950413224,"{""camera_dead|large"": 1.0, ""camera_dead|medium"": 1.0, ""camera_dead|small"": 1.0, ""drift|large"": 1.0, ""drift|medium"": 1.0, ""drift|small"": 1.0, ""dropout|large"": 1.0, ""dropout|medium"": 1.0, ""dropout|small"": 1.0, ""lamp_off_night|large"": 1.0, ""lamp_off_night|medium"": 1.0, ""lamp_off_night|small"": 0.5, ""lamp_on_day|large"": 1.0, ""lamp_on_day|medium"": 1.0, ""lamp_on_day|small"": 0.0, ""level_shift|large"": 1.0, ""level_shift|medium"": 1.0, ""level_shift|small"": 1.0, ""signage_stuck|large"": 1.0, ""signage_stuck|medium"": 1.0, ""signage_stuck|small"": 0.5, ""spike|large"": 1.0, ""spike|medium"": 1.0, ""spike|small"": 1.0}"
G2,transformer,joint,0.5,full,96,transformer|joint|lam0.5|full|w96,0,A_test,207.4,79,0.9312819631429226,0.9375,0.8963799402191963,0.2537402752842609,12.76,"{""camera_dead|large"": 1.0, ""camera_dead|medium"": 1.0, ""camera_dead|small"": 1.0, ""drift|large"": 1.0, ""drift|medium"": 1.0, ""drift|small"": 1.0, ""dropout|large"": 1.0, ""dropout|medium"": 1.0, ""dropout|small"": 1.0, ""lamp_off_night|large"": 1.0, ""lamp_off_night|medium"": 1.0, ""lamp_off_night|small"": 0.75, ""lamp_on_day|large"": 1.0, ""lamp_on_day|medium"": 1.0, ""lamp_on_day|small"": 0.25, ""level_shift|large"": 1.0, ""level_shift|medium"": 1.0, ""level_shift|small"": 1.0, ""signage_stuck|large"": 1.0, ""signage_stuck|medium"": 1.0, ""signage_stuck|small"": 0.5, ""spike|large"": 1.0, ""spike|medium"": 1.0, ""spike|small"": 1.0}"
G2,transformer,joint,0.5,full,96,transformer|joint|lam0.5|full|w96,0,B_val,207.4,79,0.654965874602212,0.5277777777777778,0.17841079460269865,0.030115335326783427,5.444444444444445,"{""drift|large"": 1.0, ""drift|medium"": 0.5, ""drift|small"": 0.5, ""dropout|large"": 1.0, ""dropout|medium"": 1.0, ""dropout|small"": 1.0, ""lamp_off_night|large"": 0.0, ""lamp_off_night|medium"": 0.0, ""lamp_off_night|small"": 0.0, ""lamp_on_day|large"": 0.0, ""lamp_on_day|medium"": 0.5, ""lamp_on_day|small"": 0.0, ""level_shift|large"": 1.0, ""level_shift|medium"": 0.0, ""level_shift|small"": 0.0, ""spike|large"": 1.0, ""spike|medium"": 1.0, ""spike|small"": 1.0}"
G2,transformer,joint,0.5,full,96,transformer|joint|lam0.5|full|w96,0,B_test,207.4,79,0.7226839648307601,0.5833333333333334,0.16295264623955433,0.023678390216401404,6.018939393939394,"{""drift|large"": 1.0, ""drift|medium"": 1.0, ""drift|small"": 0.75, ""dropout|large"": 1.0, ""dropout|medium"": 1.0, ""dropout|small"": 0.5, ""lamp_off_night|large"": 0.25, ""lamp_off_night|medium"": 0.0, ""lamp_off_night|small"": 0.0, ""lamp_on_day|large"": 0.0, ""lamp_on_day|medium"": 0.25, ""lamp_on_day|small"": 0.25, ""level_shift|large"": 1.0, ""level_shift|medium"": 0.25, ""level_shift|small"": 0.5, ""spike|large"": 1.0, ""spike|medium"": 1.0, ""spike|small"": 0.75}"
G2,transformer,no_update,0.5,full,96,transformer|no_update|lam0.5|full|w96,0,A_val,1.3,54,0.9628470805363667,0.9166666666666666,0.93346911065852,0.20370918417677814,8.851239669421489,"{""camera_dead|large"": 1.0, ""camera_dead|medium"": 1.0, ""camera_dead|small"": 1.0, ""drift|large"": 1.0, ""drift|medium"": 1.0, ""drift|small"": 1.0, ""dropout|large"": 1.0, ""dropout|medium"": 1.0, ""dropout|small"": 1.0, ""lamp_off_night|large"": 1.0, ""lamp_off_night|medium"": 1.0, ""lamp_off_night|small"": 0.5, ""lamp_on_day|large"": 1.0, ""lamp_on_day|medium"": 1.0, ""lamp_on_day|small"": 0.0, ""level_shift|large"": 1.0, ""level_shift|medium"": 1.0, ""level_shift|small"": 1.0, ""signage_stuck|large"": 1.0, ""signage_stuck|medium"": 1.0, ""signage_stuck|small"": 0.5, ""spike|large"": 1.0, ""spike|medium"": 1.0, ""spike|small"": 1.0}"
G2,transformer,no_update,0.5,full,96,transformer|no_update|lam0.5|full|w96,0,A_test,1.3,54,0.927370015309912,0.9375,0.9016937894387247,0.2654847396768402,11.68,"{""camera_dead|large"": 1.0, ""camera_dead|medium"": 1.0, ""camera_dead|small"": 1.0, ""drift|large"": 1.0, ""drift|medium"": 1.0, ""drift|small"": 1.0, ""dropout|large"": 1.0, ""dropout|medium"": 1.0, ""dropout|small"": 1.0, ""lamp_off_night|large"": 1.0, ""lamp_off_night|medium"": 1.0, ""lamp_off_night|small"": 1.0, ""lamp_on_day|large"": 1.0, ""lamp_on_day|medium"": 1.0, ""lamp_on_day|small"": 0.0, ""level_shift|large"": 1.0, ""level_shift|medium"": 1.0, ""level_shift|small"": 1.0, ""signage_stuck|large"": 1.0, ""signage_stuck|medium"": 1.0, ""signage_stuck|small"": 0.5, ""spike|large"": 1.0, ""spike|medium"": 1.0, ""spike|small"": 1.0}"
G2,transformer,no_update,0.5,full,96,transformer|no_update|lam0.5|full|w96,0,B_val,1.3,54,0.5465209513995672,0.5555555555555556,0.18140929535232383,0.012387868432293891,3.7777777777777777,"{""drift|large"": 1.0, ""drift|medium"": 1.0, ""drift|small"": 0.5, ""dropout|large"": 1.0, ""dropout|medium"": 1.0, ""dropout|small"": 0.5, ""lamp_off_night|large"": 0.0, ""lamp_off_night|medium"": 0.5, ""lamp_off_night|small"": 0.0, ""lamp_on_day|large"": 0.0, ""lamp_on_day|medium"": 0.5, ""lamp_on_day|small"": 0.0, ""level_shift|large"": 1.0, ""level_shift|medium"": 1.0, ""level_shift|small"": 0.0, ""spike|large"": 1.0, ""spike|medium"": 0.5, ""spike|small"": 0.5}"
G2,transformer,no_update,0.5,full,96,transformer|no_update|lam0.5|full|w96,0,B_test,1.3,54,0.6400045291753507,0.4027777777777778,0.10167130919220056,0.010668285701895139,3.340909090909091,"{""drift|large"": 0.75, ""drift|medium"": 1.0, ""drift|small"": 0.75, ""dropout|large"": 0.75, ""dropout|medium"": 0.25, ""dropout|small"": 0.25, ""lamp_off_night|large"": 0.25, ""lamp_off_night|medium"": 0.25, ""lamp_off_night|small"": 0.25, ""lamp_on_day|large"": 0.0, ""lamp_on_day|medium"": 0.5, ""lamp_on_day|small"": 0.0, ""level_shift|large"": 0.75, ""level_shift|medium"": 0.0, ""level_shift|small"": 0.75, ""spike|large"": 0.5, ""spike|medium"": 0.25, ""spike|small"": 0.0}"
G2,transformer,b_only,0.5,full,96,transformer|b_only|lam0.5|full|w96,1,B_val,52.9,80,0.6889939267871404,0.5,0.1664167916041979,0.022212729602733874,4.222222222222222,"{""drift|large"": 1.0, ""drift|medium"": 0.5, ""drift|small"": 0.5, ""dropout|large"": 1.0, ""dropout|medium"": 1.0, ""dropout|small"": 1.0, ""lamp_off_night|large"": 0.0, ""lamp_off_night|medium"": 0.0, ""lamp_off_night|small"": 0.0, ""lamp_on_day|large"": 0.0, ""lamp_on_day|medium"": 0.5, ""lamp_on_day|small"": 0.0, ""level_shift|large"": 1.0, ""level_shift|medium"": 0.0, ""level_shift|small"": 0.0, ""spike|large"": 1.0, ""spike|medium"": 1.0, ""spike|small"": 0.5}"
G2,transformer,b_only,0.5,full,96,transformer|b_only|lam0.5|full|w96,1,B_test,52.9,80,0.7574911082519216,0.5,0.127669452181987,0.014007545860618413,3.446969696969697,"{""drift|large"": 1.0, ""drift|medium"": 1.0, ""drift|small"": 0.25, ""dropout|large"": 1.0, ""dropout|medium"": 1.0, ""dropout|small"": 0.75, ""lamp_off_night|large"": 0.25, ""lamp_off_night|medium"": 0.0, ""lamp_off_night|small"": 0.0, ""lamp_on_day|large"": 0.0, ""lamp_on_day|medium"": 0.25, ""lamp_on_day|small"": 0.0, ""level_shift|large"": 1.0, ""level_shift|medium"": 0.25, ""level_shift|small"": 0.5, ""spike|large"": 1.0, ""spike|medium"": 0.75, ""spike|small"": 0.0}"
G2,transformer,ft_decoder,0.5,full,96,transformer|ft_decoder|lam0.5|full|w96,1,A_val,112.8,62,19,0.9640188748832108,0.9166666666666666,0.9327902240325866,0.18624839696162573,8.851239669421489,"{""camera_dead|large"": 1.0, ""camera_dead|medium"": 1.0, ""camera_dead|small"": 1.0, ""drift|large"": 1.0, ""drift|medium"": 1.0, ""drift|small"": 1.0, ""dropout|large"": 1.0, ""dropout|medium"": 1.0, ""dropout|small"": 1.0, ""lamp_off_night|large"": 1.0, ""lamp_off_night|medium"": 1.0, ""lamp_off_night|small"": 0.0, ""lamp_on_day|large"": 1.0, ""lamp_on_day|medium"": 1.0, ""lamp_on_day|small"": 0.5, ""level_shift|large"": 1.0, ""level_shift|medium"": 1.0, ""level_shift|small"": 1.0, ""signage_stuck|large"": 1.0, ""signage_stuck|medium"": 1.0, ""signage_stuck|small"": 0.5, ""spike|large"": 1.0, ""spike|medium"": 1.0, ""spike|small"": 1.0}"
G2,transformer,ft_decoder,0.5,full,96,transformer|ft_decoder|lam0.5|full|w96,1,A_test,112.8,62,19,0.9275738857780798,0.9270833333333334,0.9023580205911658,0.25516157989228005,11.0,"{""camera_dead|large"": 1.0, ""camera_dead|medium"": 1.0, ""camera_dead|small"": 1.0, ""drift|large"": 1.0, ""drift|medium"": 1.0, ""drift|small"": 1.0, ""dropout|large"": 1.0, ""dropout|medium"": 1.0, ""dropout|small"": 1.0, ""lamp_off_night|large"": 1.0, ""lamp_off_night|medium"": 1.0, ""lamp_off_night|small"": 0.5, ""lamp_on_day|large"": 1.0, ""lamp_on_day|medium"": 1.0, ""lamp_on_day|small"": 0.25, ""level_shift|large"": 1.0, ""level_shift|medium"": 1.0, ""level_shift|small"": 1.0, ""signage_stuck|large"": 1.0, ""signage_stuck|medium"": 1.0, ""signage_stuck|small"": 0.5, ""spike|large"": 1.0, ""spike|medium"": 1.0, ""spike|small"": 1.0}"
G2,transformer,ft_decoder,0.5,full,96,transformer|ft_decoder|lam0.5|full|w96,1,B_val,112.8,62,19,0.7052295082702135,0.5555555555555556,0.1724137931034483,0.023280649295173005,5.777777777777778,"{""drift|large"": 1.0, ""drift|medium"": 0.5, ""drift|small"": 0.5, ""dropout|large"": 1.0, ""dropout|medium"": 1.0, ""dropout|small"": 1.0, ""lamp_off_night|large"": 0.0, ""lamp_off_night|medium"": 0.0, ""lamp_off_night|small"": 0.0, ""lamp_on_day|large"": 0.0, ""lamp_on_day|medium"": 0.5, ""lamp_on_day|small"": 0.0, ""level_shift|large"": 1.0, ""level_shift|medium"": 0.0, ""level_shift|small"": 0.5, ""spike|large"": 1.0, ""spike|medium"": 1.0, ""spike|small"": 1.0}"
G2,transformer,ft_decoder,0.5,full,96,transformer|ft_decoder|lam0.5|full|w96,1,B_test,112.8,62,19,0.7604007249096552,0.5694444444444444,0.16016713091922005,0.022030443644563944,5.6477272727272725,"{""drift|large"": 1.0, ""drift|medium"": 1.0, ""drift|small"": 0.5, ""dropout|large"": 1.0, ""dropout|medium"": 1.0, ""dropout|small"": 0.5, ""lamp_off_night|large"": 0.25, ""lamp_off_night|medium"": 0.0, ""lamp_off_night|small"": 0.0, ""lamp_on_day|large"": 0.25, ""lamp_on_day|medium"": 0.25, ""lamp_on_day|small"": 0.25, ""level_shift|large"": 1.0, ""level_shift|medium"": 0.5, ""level_shift|small"": 0.5, ""spike|large"": 1.0, ""spike|medium"": 1.0, ""spike|small"": 0.25}"
G2,transformer,ft_pole,0.5,full,96,transformer|ft_pole|lam0.5|full|w96,1,A_val,24.8,62,30,0.9643875511065276,0.9375,0.9348268839103869,0.1884186642991023,8.90909090909091,"{""camera_dead|large"": 1.0, ""camera_dead|medium"": 1.0, ""camera_dead|small"": 1.0, ""drift|large"": 1.0, ""drift|medium"": 1.0, ""drift|small"": 1.0, ""dropout|large"": 1.0, ""dropout|medium"": 1.0, ""dropout|small"": 1.0, ""lamp_off_night|large"": 1.0, ""lamp_off_night|medium"": 1.0, ""lamp_off_night|small"": 0.5, ""lamp_on_day|large"": 1.0, ""lamp_on_day|medium"": 1.0, ""lamp_on_day|small"": 0.5, ""level_shift|large"": 1.0, ""level_shift|medium"": 1.0, ""level_shift|small"": 1.0, ""signage_stuck|large"": 1.0, ""signage_stuck|medium"": 1.0, ""signage_stuck|small"": 0.5, ""spike|large"": 1.0, ""spike|medium"": 1.0, ""spike|small"": 1.0}"
G2,transformer,ft_pole,0.5,full,96,transformer|ft_pole|lam0.5|full|w96,1,A_test,24.8,62,30,0.9280450287903063,0.9270833333333334,0.90501494520093,0.25994913225613403,11.48,"{""camera_dead|large"": 1.0, ""camera_dead|medium"": 1.0, ""camera_dead|small"": 1.0, ""drift|large"": 1.0, ""drift|medium"": 1.0, ""drift|small"": 1.0, ""dropout|large"": 1.0, ""dropout|medium"": 1.0, ""dropout|small"": 1.0, ""lamp_off_night|large"": 1.0, ""lamp_off_night|medium"": 1.0, ""lamp_off_night|small"": 0.5, ""lamp_on_day|large"": 1.0, ""lamp_on_day|medium"": 1.0, ""lamp_on_day|small"": 0.25, ""level_shift|large"": 1.0, ""level_shift|medium"": 1.0, ""level_shift|small"": 1.0, ""signage_stuck|large"": 1.0, ""signage_stuck|medium"": 1.0, ""signage_stuck|small"": 0.5, ""spike|large"": 1.0, ""spike|medium"": 1.0, ""spike|small"": 1.0}"
G2,transformer,ft_pole,0.5,full,96,transformer|ft_pole|lam0.5|full|w96,1,B_val,24.8,62,30,0.6936661955224865,0.5277777777777778,0.1679160419790105,0.026270824434002565,5.0,"{""drift|large"": 1.0, ""drift|medium"": 0.5, ""drift|small"": 0.5, ""dropout|large"": 1.0, ""dropout|medium"": 1.0, ""dropout|small"": 1.0, ""lamp_off_night|large"": 0.0, ""lamp_off_night|medium"": 0.0, ""lamp_off_night|small"": 0.0, ""lamp_on_day|large"": 0.0, ""lamp_on_day|medium"": 0.5, ""lamp_on_day|small"": 0.0, ""level_shift|large"": 1.0, ""level_shift|medium"": 0.0, ""level_shift|small"": 0.0, ""spike|large"": 1.0, ""spike|medium"": 1.0, ""spike|small"": 1.0}"
G2,transformer,ft_pole,0.5,full,96,transformer|ft_pole|lam0.5|full|w96,1,B_test,24.8,62,30,0.7673072341214412,0.5833333333333334,0.16573816155988857,0.02064269916301661,5.488636363636363,"{""drift|large"": 1.0, ""drift|medium"": 1.0, ""drift|small"": 1.0, ""dropout|large"": 1.0, ""dropout|medium"": 1.0, ""dropout|small"": 0.5, ""lamp_off_night|large"": 0.25, ""lamp_off_night|medium"": 0.0, ""lamp_off_night|small"": 0.0, ""lamp_on_day|large"": 0.25, ""lamp_on_day|medium"": 0.25, ""lamp_on_day|small"": 0.25, ""level_shift|large"": 1.0, ""level_shift|medium"": 0.25, ""level_shift|small"": 0.5, ""spike|large"": 1.0, ""spike|medium"": 1.0, ""spike|small"": 0.25}"
G2,transformer,joint,0.5,full,96,transformer|joint|lam0.5|full|w96,1,A_val,151.5,46,0.9636605122181845,0.9166666666666666,0.9341479972844535,0.20124297129328203,8.388429752066116,"{""camera_dead|large"": 1.0, ""camera_dead|medium"": 1.0, ""camera_dead|small"": 1.0, ""drift|large"": 1.0, ""drift|medium"": 1.0, ""drift|small"": 1.0, ""dropout|large"": 1.0, ""dropout|medium"": 1.0, ""dropout|small"": 1.0, ""lamp_off_night|large"": 1.0, ""lamp_off_night|medium"": 1.0, ""lamp_off_night|small"": 0.5, ""lamp_on_day|large"": 1.0, ""lamp_on_day|medium"": 1.0, ""lamp_on_day|small"": 0.0, ""level_shift|large"": 1.0, ""level_shift|medium"": 1.0, ""level_shift|small"": 1.0, ""signage_stuck|large"": 1.0, ""signage_stuck|medium"": 1.0, ""signage_stuck|small"": 0.5, ""spike|large"": 1.0, ""spike|medium"": 1.0, ""spike|small"": 1.0}"
G2,transformer,joint,0.5,full,96,transformer|joint|lam0.5|full|w96,1,A_test,151.5,46,0.9288996649230101,0.9375,0.9093324476917968,0.2666068222621185,11.32,"{""camera_dead|large"": 1.0, ""camera_dead|medium"": 1.0, ""camera_dead|small"": 1.0, ""drift|large"": 1.0, ""drift|medium"": 1.0, ""drift|small"": 1.0, ""dropout|large"": 1.0, ""dropout|medium"": 1.0, ""dropout|small"": 1.0, ""lamp_off_night|large"": 1.0, ""lamp_off_night|medium"": 1.0, ""lamp_off_night|small"": 0.75, ""lamp_on_day|large"": 1.0, ""lamp_on_day|medium"": 1.0, ""lamp_on_day|small"": 0.25, ""level_shift|large"": 1.0, ""level_shift|medium"": 1.0, ""level_shift|small"": 1.0, ""signage_stuck|large"": 1.0, ""signage_stuck|medium"": 1.0, ""signage_stuck|small"": 0.5, ""spike|large"": 1.0, ""spike|medium"": 1.0, ""spike|small"": 1.0}"
G2,transformer,joint,0.5,full,96,transformer|joint|lam0.5|full|w96,1,B_val,151.5,46,0.645142614510771,0.5277777777777778,0.1686656671664168,0.02349423323366083,4.888888888888889,"{""drift|large"": 1.0, ""drift|medium"": 0.5, ""drift|small"": 0.5, ""dropout|large"": 1.0, ""dropout|medium"": 1.0, ""dropout|small"": 1.0, ""lamp_off_night|large"": 0.0, ""lamp_off_night|medium"": 0.0, ""lamp_off_night|small"": 0.0, ""lamp_on_day|large"": 0.0, ""lamp_on_day|medium"": 0.5, ""lamp_on_day|small"": 0.0, ""level_shift|large"": 1.0, ""level_shift|medium"": 0.0, ""level_shift|small"": 0.5, ""spike|large"": 1.0, ""spike|medium"": 1.0, ""spike|small"": 0.5}"
G2,transformer,joint,0.5,full,96,transformer|joint|lam0.5|full|w96,1,B_test,151.5,46,0.7424413044363248,0.5694444444444444,0.13881151346332404,0.02198707662951559,5.674242424242424,"{""drift|large"": 1.0, ""drift|medium"": 1.0, ""drift|small"": 1.0, ""dropout|large"": 1.0, ""dropout|medium"": 1.0, ""dropout|small"": 0.5, ""lamp_off_night|large"": 0.25, ""lamp_off_night|medium"": 0.0, ""lamp_off_night|small"": 0.0, ""lamp_on_day|large"": 0.0, ""lamp_on_day|medium"": 0.25, ""lamp_on_day|small"": 0.0, ""level_shift|large"": 0.75, ""level_shift|medium"": 0.5, ""level_shift|small"": 0.5, ""spike|large"": 1.0, ""spike|medium"": 1.0, ""spike|small"": 0.5}"
G2,transformer,no_update,0.5,full,96,transformer|no_update|lam0.5|full|w96,1,A_val,1.5,62,0.9642611095607286,0.8958333333333334,0.9327902240325866,0.1926605504587156,9.487603305785125,"{""camera_dead|large"": 1.0, ""camera_dead|medium"": 1.0, ""camera_dead|small"": 1.0, ""drift|large"": 1.0, ""drift|medium"": 1.0, ""drift|small"": 1.0, ""dropout|large"": 1.0, ""dropout|medium"": 1.0, ""dropout|small"": 1.0, ""lamp_off_night|large"": 1.0, ""lamp_off_night|medium"": 1.0, ""lamp_off_night|small"": 0.5, ""lamp_on_day|large"": 1.0, ""lamp_on_day|medium"": 1.0, ""lamp_on_day|small"": 0.0, ""level_shift|large"": 1.0, ""level_shift|medium"": 1.0, ""level_shift|small"": 1.0, ""signage_stuck|large"": 1.0, ""signage_stuck|medium"": 1.0, ""signage_stuck|small"": 0.0, ""spike|large"": 1.0, ""spike|medium"": 1.0, ""spike|small"": 1.0}"
G2,transformer,no_update,0.5,full,96,transformer|no_update|lam0.5|full|w96,1,A_test,1.5,62,0.9275011423305054,0.9479166666666666,0.9086682165393557,0.2597247157390784,11.6,"{""camera_dead|large"": 1.0, ""camera_dead|medium"": 1.0, ""camera_dead|small"": 1.0, ""drift|large"": 1.0, ""drift|medium"": 1.0, ""drift|small"": 1.0, ""dropout|large"": 1.0, ""dropout|medium"": 1.0, ""dropout|small"": 1.0, ""lamp_off_night|large"": 1.0, ""lamp_off_night|medium"": 1.0, ""lamp_off_night|small"": 0.75, ""lamp_on_day|large"": 1.0, ""lamp_on_day|medium"": 1.0, ""lamp_on_day|small"": 0.5, ""level_shift|large"": 1.0, ""level_shift|medium"": 1.0, ""level_shift|small"": 1.0, ""signage_stuck|large"": 1.0, ""signage_stuck|medium"": 1.0, ""signage_stuck|small"": 0.5, ""spike|large"": 1.0, ""spike|medium"": 1.0, ""spike|small"": 1.0}"
G2,transformer,no_update,0.5,full,96,transformer|no_update|lam0.5|full|w96,1,B_val,1.5,62,0.5647622045448869,0.5277777777777778,0.18215892053973012,0.011533532678342588,4.0,"{""drift|large"": 1.0, ""drift|medium"": 1.0, ""drift|small"": 0.5, ""dropout|large"": 1.0, ""dropout|medium"": 1.0, ""dropout|small"": 0.0, ""lamp_off_night|large"": 0.0, ""lamp_off_night|medium"": 0.5, ""lamp_off_night|small"": 0.0, ""lamp_on_day|large"": 0.0, ""lamp_on_day|medium"": 0.5, ""lamp_on_day|small"": 0.0, ""level_shift|large"": 1.0, ""level_shift|medium"": 1.0, ""level_shift|small"": 0.0, ""spike|large"": 1.0, ""spike|medium"": 0.5, ""spike|small"": 0.5}"
G2,transformer,no_update,0.5,full,96,transformer|no_update|lam0.5|full|w96,1,B_test,1.5,62,0.6420446110081429,0.4027777777777778,0.11188486536675951,0.007979530768897177,2.571969696969697,"{""drift|large"": 0.75, ""drift|medium"": 0.75, ""drift|small"": 0.75, ""dropout|large"": 0.75, ""dropout|medium"": 0.25, ""dropout|small"": 0.25, ""lamp_off_night|large"": 0.25, ""lamp_off_night|medium"": 0.25, ""lamp_off_night|small"": 0.25, ""lamp_on_day|large"": 0.0, ""lamp_on_day|medium"": 0.25, ""lamp_on_day|small"": 0.0, ""level_shift|large"": 0.75, ""level_shift|medium"": 0.25, ""level_shift|small"": 0.75, ""spike|large"": 0.75, ""spike|medium"": 0.25, ""spike|small"": 0.0}"
G2,transformer,b_only,0.5,full,96,transformer|b_only|lam0.5|full|w96,2,B_val,67.9,80,0.6655483663550541,0.5277777777777778,0.15442278860569716,0.021785561725758223,3.7777777777777777,"{""drift|large"": 1.0, ""drift|medium"": 0.5, ""drift|small"": 0.5, ""dropout|large"": 1.0, ""dropout|medium"": 1.0, ""dropout|small"": 1.0, ""lamp_off_night|large"": 0.0, ""lamp_off_night|medium"": 0.0, ""lamp_off_night|small"": 0.0, ""lamp_on_day|large"": 0.0, ""lamp_on_day|medium"": 0.5, ""lamp_on_day|small"": 0.0, ""level_shift|large"": 1.0, ""level_shift|medium"": 0.0, ""level_shift|small"": 0.0, ""spike|large"": 1.0, ""spike|medium"": 1.0, ""spike|small"": 1.0}"
G2,transformer,b_only,0.5,full,96,transformer|b_only|lam0.5|full|w96,2,B_test,67.9,80,0.7301358233167408,0.4583333333333333,0.10492107706592387,0.016392731688277897,4.083333333333333,"{""drift|large"": 1.0, ""drift|medium"": 0.75, ""drift|small"": 0.75, ""dropout|large"": 1.0, ""dropout|medium"": 1.0, ""dropout|small"": 0.25, ""lamp_off_night|large"": 0.25, ""lamp_off_night|medium"": 0.0, ""lamp_off_night|small"": 0.0, ""lamp_on_day|large"": 0.0, ""lamp_on_day|medium"": 0.25, ""lamp_on_day|small"": 0.25, ""level_shift|large"": 0.5, ""level_shift|medium"": 0.25, ""level_shift|small"": 0.5, ""spike|large"": 1.0, ""spike|medium"": 0.5, ""spike|small"": 0.0}"
G2,transformer,ft_decoder,0.5,full,96,transformer|ft_decoder|lam0.5|full|w96,2,A_val,162.5,55,32,0.9695952953029578,0.8958333333333334,0.9307535641547862,0.1596132978198678,8.735537190082646,"{""camera_dead|large"": 1.0, ""camera_dead|medium"": 1.0, ""camera_dead|small"": 1.0, ""drift|large"": 1.0, ""drift|medium"": 1.0, ""drift|small"": 1.0, ""dropout|large"": 1.0, ""dropout|medium"": 1.0, ""dropout|small"": 1.0, ""lamp_off_night|large"": 1.0, ""lamp_off_night|medium"": 1.0, ""lamp_off_night|small"": 0.0, ""lamp_on_day|large"": 1.0, ""lamp_on_day|medium"": 1.0, ""lamp_on_day|small"": 0.5, ""level_shift|large"": 1.0, ""level_shift|medium"": 1.0, ""level_shift|small"": 1.0, ""signage_stuck|large"": 1.0, ""signage_stuck|medium"": 1.0, ""signage_stuck|small"": 0.0, ""spike|large"": 1.0, ""spike|medium"": 1.0, ""spike|small"": 1.0}"
G2,transformer,ft_decoder,0.5,full,96,transformer|ft_decoder|lam0.5|full|w96,2,A_test,162.5,55,32,0.9390530154643426,0.90625,0.8880770508136832,0.20997905445840814,11.32,"{""camera_dead|large"": 1.0, ""camera_dead|medium"": 1.0, ""camera_dead|small"": 1.0, ""drift|large"": 1.0, ""drift|medium"": 1.0, ""drift|small"": 1.0, ""dropout|large"": 1.0, ""dropout|medium"": 1.0, ""dropout|small"": 1.0, ""lamp_off_night|large"": 1.0, ""lamp_off_night|medium"": 1.0, ""lamp_off_night|small"": 0.5, ""lamp_on_day|large"": 1.0, ""lamp_on_day|medium"": 1.0, ""lamp_on_day|small"": 0.0, ""level_shift|large"": 1.0, ""level_shift|medium"": 1.0, ""level_shift|small"": 1.0, ""signage_stuck|large"": 1.0, ""signage_stuck|medium"": 1.0, ""signage_stuck|small"": 0.25, ""spike|large"": 1.0, ""spike|medium"": 1.0, ""spike|small"": 1.0}"
G2,transformer,ft_decoder,0.5,full,96,transformer|ft_decoder|lam0.5|full|w96,2,B_val,162.5,55,32,0.6719747772418788,0.5555555555555556,0.15967016491754124,0.02285348141819735,4.0,"{""drift|large"": 1.0, ""drift|medium"": 0.5, ""drift|small"": 1.0, ""dropout|large"": 1.0, ""dropout|medium"": 1.0, ""dropout|small"": 1.0, ""lamp_off_night|large"": 0.0, ""lamp_off_night|medium"": 0.0, ""lamp_off_night|small"": 0.0, ""lamp_on_day|large"": 0.0, ""lamp_on_day|medium"": 0.5, ""lamp_on_day|small"": 0.0, ""level_shift|large"": 1.0, ""level_shift|medium"": 0.0, ""level_shift|small"": 0.0, ""spike|large"": 1.0, ""spike|medium"": 1.0, ""spike|small"": 1.0}"
G2,transformer,ft_decoder,0.5,full,96,transformer|ft_decoder|lam0.5|full|w96,2,B_test,162.5,55,32,0.7343049356696437,0.4861111111111111,0.14020427112349118,0.023851858276594824,5.6477272727272725,"{""drift|large"": 1.0, ""drift|medium"": 1.0, ""drift|small"": 0.5, ""dropout|large"": 1.0, ""dropout|medium"": 1.0, ""dropout|small"": 0.25, ""lamp_off_night|large"": 0.25, ""lamp_off_night|medium"": 0.0, ""lamp_off_night|small"": 0.0, ""lamp_on_day|large"": 0.0, ""lamp_on_day|medium"": 0.25, ""lamp_on_day|small"": 0.0, ""level_shift|large"": 0.75, ""level_shift|medium"": 0.25, ""level_shift|small"": 0.5, ""spike|large"": 1.0, ""spike|medium"": 0.75, ""spike|small"": 0.25}"
G2,transformer,ft_pole,0.5,full,96,transformer|ft_pole|lam0.5|full|w96,2,A_val,39.7,55,40,0.9707656832554894,0.8958333333333334,0.9314324507807196,0.16188221367268424,9.024793388429753,"{""camera_dead|large"": 1.0, ""camera_dead|medium"": 1.0, ""camera_dead|small"": 1.0, ""drift|large"": 1.0, ""drift|medium"": 1.0, ""drift|small"": 1.0, ""dropout|large"": 1.0, ""dropout|medium"": 1.0, ""dropout|small"": 1.0, ""lamp_off_night|large"": 1.0, ""lamp_off_night|medium"": 1.0, ""lamp_off_night|small"": 0.0, ""lamp_on_day|large"": 1.0, ""lamp_on_day|medium"": 1.0, ""lamp_on_day|small"": 0.5, ""level_shift|large"": 1.0, ""level_shift|medium"": 1.0, ""level_shift|small"": 1.0, ""signage_stuck|large"": 1.0, ""signage_stuck|medium"": 1.0, ""signage_stuck|small"": 0.0, ""spike|large"": 1.0, ""spike|medium"": 1.0, ""spike|small"": 1.0}"
G2,transformer,ft_pole,0.5,full,96,transformer|ft_pole|lam0.5|full|w96,2,A_test,39.7,55,40,0.9399869041919107,0.9166666666666666,0.8907339754234473,0.21947935368043087,12.56,"{""camera_dead|large"": 1.0, ""camera_dead|medium"": 1.0, ""camera_dead|small"": 1.0, ""drift|large"": 1.0, ""drift|medium"": 1.0, ""drift|small"": 1.0, ""dropout|large"": 1.0, ""dropout|medium"": 1.0, ""dropout|small"": 1.0, ""lamp_off_night|large"": 1.0, ""lamp_off_night|medium"": 1.0, ""lamp_off_night|small"": 0.5, ""lamp_on_day|large"": 1.0, ""lamp_on_day|medium"": 1.0, ""lamp_on_day|small"": 0.0, ""level_shift|large"": 1.0, ""level_shift|medium"": 1.0, ""level_shift|small"": 1.0, ""signage_stuck|large"": 1.0, ""signage_stuck|medium"": 1.0, ""signage_stuck|small"": 0.5, ""spike|large"": 1.0, ""spike|medium"": 1.0, ""spike|small"": 1.0}"
G2,transformer,ft_pole,0.5,full,96,transformer|ft_pole|lam0.5|full|w96,2,B_val,39.7,55,40,0.6781579842287314,0.5277777777777778,0.16041979010494753,0.02797949594190517,4.0,"{""drift|large"": 1.0, ""drift|medium"": 0.5, ""drift|small"": 1.0, ""dropout|large"": 1.0, ""dropout|medium"": 1.0, ""dropout|small"": 1.0, ""lamp_off_night|large"": 0.0, ""lamp_off_night|medium"": 0.0, ""lamp_off_night|small"": 0.0, ""lamp_on_day|large"": 0.0, ""lamp_on_day|medium"": 0.5, ""lamp_on_day|small"": 0.0, ""level_shift|large"": 1.0, ""level_shift|medium"": 0.0, ""level_shift|small"": 0.0, ""spike|large"": 1.0, ""spike|medium"": 1.0, ""spike|small"": 0.5}"
G2,transformer,ft_pole,0.5,full,96,transformer|ft_pole|lam0.5|full|w96,2,B_test,39.7,55,40,0.7213361747788152,0.5694444444444444,0.14438254410399257,0.01908148662127586,5.037878787878788,"{""drift|large"": 1.0, ""drift|medium"": 1.0, ""drift|small"": 0.75, ""dropout|large"": 1.0, ""dropout|medium"": 1.0, ""dropout|small"": 0.5, ""lamp_off_night|large"": 0.25, ""lamp_off_night|medium"": 0.0, ""lamp_off_night|small"": 0.0, ""lamp_on_day|large"": 0.0, ""lamp_on_day|medium"": 0.25, ""lamp_on_day|small"": 0.5, ""level_shift|large"": 1.0, ""level_shift|medium"": 0.25, ""level_shift|small"": 0.5, ""spike|large"": 1.0, ""spike|medium"": 1.0, ""spike|small"": 0.25}"
G2,transformer,joint,0.5,full,96,transformer|joint|lam0.5|full|w96,2,A_val,301.3,74,0.9774956818671773,0.9375,0.9341479972844535,0.146197099733649,10.297520661157025,"{""camera_dead|large"": 1.0, ""camera_dead|medium"": 1.0, ""camera_dead|small"": 1.0, ""drift|large"": 1.0, ""drift|medium"": 1.0, ""drift|small"": 1.0, ""dropout|large"": 1.0, ""dropout|medium"": 1.0, ""dropout|small"": 1.0, ""lamp_off_night|large"": 1.0, ""lamp_off_night|medium"": 1.0, ""lamp_off_night|small"": 0.5, ""lamp_on_day|large"": 1.0, ""lamp_on_day|medium"": 1.0, ""lamp_on_day|small"": 0.5, ""level_shift|large"": 1.0, ""level_shift|medium"": 1.0, ""level_shift|small"": 1.0, ""signage_stuck|large"": 1.0, ""signage_stuck|medium"": 1.0, ""signage_stuck|small"": 0.5, ""spike|large"": 1.0, ""spike|medium"": 1.0, ""spike|small"": 1.0}"
G2,transformer,joint,0.5,full,96,transformer|joint|lam0.5|full|w96,2,A_test,301.3,74,0.9443274371390279,0.9479166666666666,0.8884091663899036,0.20526630760023937,12.76,"{""camera_dead|large"": 1.0, ""camera_dead|medium"": 1.0, ""camera_dead|small"": 1.0, ""drift|large"": 1.0, ""drift|medium"": 1.0, ""drift|small"": 1.0, ""dropout|large"": 1.0, ""dropout|medium"": 1.0, ""dropout|small"": 1.0, ""lamp_off_night|large"": 1.0, ""lamp_off_night|medium"": 1.0, ""lamp_off_night|small"": 0.75, ""lamp_on_day|large"": 1.0, ""lamp_on_day|medium"": 1.0, ""lamp_on_day|small"": 0.5, ""level_shift|large"": 1.0, ""level_shift|medium"": 1.0, ""level_shift|small"": 1.0, ""signage_stuck|large"": 1.0, ""signage_stuck|medium"": 1.0, ""signage_stuck|small"": 0.5, ""spike|large"": 1.0, ""spike|medium"": 1.0, ""spike|small"": 1.0}"
G2,transformer,joint,0.5,full,96,transformer|joint|lam0.5|full|w96,2,B_val,301.3,74,0.6851249193856724,0.5277777777777778,0.1889055472263868,0.03182400683468603,6.222222222222222,"{""drift|large"": 1.0, ""drift|medium"": 1.0, ""drift|small"": 0.5, ""dropout|large"": 1.0, ""dropout|medium"": 1.0, ""dropout|small"": 1.0, ""lamp_off_night|large"": 0.0, ""lamp_off_night|medium"": 0.0, ""lamp_off_night|small"": 0.0, ""lamp_on_day|large"": 0.0, ""lamp_on_day|medium"": 0.5, ""lamp_on_day|small"": 0.0, ""level_shift|large"": 1.0, ""level_shift|medium"": 0.0, ""level_shift|small"": 0.0, ""spike|large"": 1.0, ""spike|medium"": 1.0, ""spike|small"": 0.5}"
G2,transformer,joint,0.5,full,96,transformer|joint|lam0.5|full|w96,2,B_test,301.3,74,0.724989543797927,0.5555555555555556,0.17084493964716807,0.025846740968819115,6.734848484848484,"{""drift|large"": 1.0, ""drift|medium"": 1.0, ""drift|small"": 0.75, ""dropout|large"": 1.0, ""dropout|medium"": 1.0, ""dropout|small"": 0.5, ""lamp_off_night|large"": 0.25, ""lamp_off_night|medium"": 0.0, ""lamp_off_night|small"": 0.0, ""lamp_on_day|large"": 0.0, ""lamp_on_day|medium"": 0.0, ""lamp_on_day|small"": 0.25, ""level_shift|large"": 1.0, ""level_shift|medium"": 0.5, ""level_shift|small"": 0.5, ""spike|large"": 1.0, ""spike|medium"": 1.0, ""spike|small"": 0.25}"
G2,transformer,no_update,0.5,full,96,transformer|no_update|lam0.5|full|w96,2,A_val,1.9,55,0.9713469929046067,0.9166666666666666,0.93346911065852,0.16454572358686,9.31404958677686,"{""camera_dead|large"": 1.0, ""camera_dead|medium"": 1.0, ""camera_dead|small"": 1.0, ""drift|large"": 1.0, ""drift|medium"": 1.0, ""drift|small"": 1.0, ""dropout|large"": 1.0, ""dropout|medium"": 1.0, ""dropout|small"": 1.0, ""lamp_off_night|large"": 1.0, ""lamp_off_night|medium"": 1.0, ""lamp_off_night|small"": 0.5, ""lamp_on_day|large"": 1.0, ""lamp_on_day|medium"": 1.0, ""lamp_on_day|small"": 0.0, ""level_shift|large"": 1.0, ""level_shift|medium"": 1.0, ""level_shift|small"": 1.0, ""signage_stuck|large"": 1.0, ""signage_stuck|medium"": 1.0, ""signage_stuck|small"": 0.5, ""spike|large"": 1.0, ""spike|medium"": 1.0, ""spike|small"": 1.0}"
G2,transformer,no_update,0.5,full,96,transformer|no_update|lam0.5|full|w96,2,A_test,1.9,55,0.939369379897885,0.9270833333333334,0.8907339754234473,0.21843207660083783,13.2,"{""camera_dead|large"": 1.0, ""camera_dead|medium"": 1.0, ""camera_dead|small"": 1.0, ""drift|large"": 1.0, ""drift|medium"": 1.0, ""drift|small"": 1.0, ""dropout|large"": 1.0, ""dropout|medium"": 1.0, ""dropout|small"": 1.0, ""lamp_off_night|large"": 1.0, ""lamp_off_night|medium"": 1.0, ""lamp_off_night|small"": 0.75, ""lamp_on_day|large"": 1.0, ""lamp_on_day|medium"": 1.0, ""lamp_on_day|small"": 0.0, ""level_shift|large"": 1.0, ""level_shift|medium"": 1.0, ""level_shift|small"": 1.0, ""signage_stuck|large"": 1.0, ""signage_stuck|medium"": 1.0, ""signage_stuck|small"": 0.5, ""spike|large"": 1.0, ""spike|medium"": 1.0, ""spike|small"": 1.0}"
G2,transformer,no_update,0.5,full,96,transformer|no_update|lam0.5|full|w96,2,B_val,1.9,55,0.6038160437081759,0.4444444444444444,0.15667166416791603,0.012815036309269542,3.7777777777777777,"{""drift|large"": 1.0, ""drift|medium"": 1.0, ""drift|small"": 0.0, ""dropout|large"": 1.0, ""dropout|medium"": 1.0, ""dropout|small"": 0.0, ""lamp_off_night|large"": 0.0, ""lamp_off_night|medium"": 0.5, ""lamp_off_night|small"": 0.0, ""lamp_on_day|large"": 0.0, ""lamp_on_day|medium"": 0.5, ""lamp_on_day|small"": 0.0, ""level_shift|large"": 0.5, ""level_shift|medium"": 1.0, ""level_shift|small"": 0.0, ""spike|large"": 1.0, ""spike|medium"": 0.5, ""spike|small"": 0.0}"
G2,transformer,no_update,0.5,full,96,transformer|no_update|lam0.5|full|w96,2,B_test,1.9,55,0.6209182709744246,0.3611111111111111,0.07288765088207985,0.0044668025499804845,1.9356060606060606,"{""drift|large"": 0.75, ""drift|medium"": 0.5, ""drift|small"": 0.75, ""dropout|large"": 0.5, ""dropout|medium"": 0.25, ""dropout|small"": 0.25, ""lamp_off_night|large"": 0.25, ""lamp_off_night|medium"": 0.25, ""lamp_off_night|small"": 0.25, ""lamp_on_day|large"": 0.0, ""lamp_on_day|medium"": 0.5, ""lamp_on_day|small"": 0.0, ""level_shift|large"": 0.75, ""level_shift|medium"": 0.0, ""level_shift|small"": 0.75, ""spike|large"": 0.5, ""spike|medium"": 0.25, ""spike|small"": 0.0}"
G5,transformer,ft_pole,0.5,full,192,transformer|ft_pole|lam0.5|full|w192,0,A_val,395.0,79,11,0.9642744368211175,0.875,0.9307535641547862,0.2159416000789188,13.363636363636365,"{""camera_dead|large"": 1.0, ""camera_dead|medium"": 1.0, ""camera_dead|small"": 1.0, ""drift|large"": 1.0, ""drift|medium"": 1.0, ""drift|small"": 1.0, ""dropout|large"": 1.0, ""dropout|medium"": 1.0, ""dropout|small"": 1.0, ""lamp_off_night|large"": 1.0, ""lamp_off_night|medium"": 1.0, ""lamp_off_night|small"": 0.0, ""lamp_on_day|large"": 1.0, ""lamp_on_day|medium"": 1.0, ""lamp_on_day|small"": 0.0, ""level_shift|large"": 1.0, ""level_shift|medium"": 1.0, ""level_shift|small"": 1.0, ""signage_stuck|large"": 1.0, ""signage_stuck|medium"": 1.0, ""signage_stuck|small"": 0.0, ""spike|large"": 1.0, ""spike|medium"": 1.0, ""spike|small"": 1.0}"
G5,transformer,ft_pole,0.5,full,192,transformer|ft_pole|lam0.5|full|w192,0,A_test,395.0,79,11,0.9326617533039139,0.9270833333333334,0.9269345732314845,0.3168013165769001,14.2,"{""camera_dead|large"": 1.0, ""camera_dead|medium"": 1.0, ""camera_dead|small"": 1.0, ""drift|large"": 1.0, ""drift|medium"": 1.0, ""drift|small"": 1.0, ""dropout|large"": 1.0, ""dropout|medium"": 1.0, ""dropout|small"": 1.0, ""lamp_off_night|large"": 1.0, ""lamp_off_night|medium"": 1.0, ""lamp_off_night|small"": 0.75, ""lamp_on_day|large"": 1.0, ""lamp_on_day|medium"": 1.0, ""lamp_on_day|small"": 0.0, ""level_shift|large"": 1.0, ""level_shift|medium"": 1.0, ""level_shift|small"": 1.0, ""signage_stuck|large"": 1.0, ""signage_stuck|medium"": 1.0, ""signage_stuck|small"": 0.5, ""spike|large"": 1.0, ""spike|medium"": 1.0, ""spike|small"": 1.0}"
G5,transformer,ft_pole,0.5,full,192,transformer|ft_pole|lam0.5|full|w192,0,B_val,395.0,79,11,0.7063926921631025,0.4722222222222222,0.12443778110944528,0.01687313114053823,2.7777777777777777,"{""drift|large"": 1.0, ""drift|medium"": 0.5, ""drift|small"": 0.0, ""dropout|large"": 1.0, ""dropout|medium"": 1.0, ""dropout|small"": 1.0, ""lamp_off_night|large"": 0.0, ""lamp_off_night|medium"": 0.0, ""lamp_off_night|small"": 0.0, ""lamp_on_day|large"": 0.0, ""lamp_on_day|medium"": 0.5, ""lamp_on_day|small"": 0.0, ""level_shift|large"": 1.0, ""level_shift|medium"": 0.0, ""level_shift|small"": 0.0, ""spike|large"": 1.0, ""spike|medium"": 1.0, ""spike|small"": 0.5}"
G5,transformer,ft_pole,0.5,full,192,transformer|ft_pole|lam0.5|full|w192,0,B_test,395.0,79,11,0.7209530088796078,0.4444444444444444,0.10863509749303621,0.012663168394119432,2.227272727272727,"{""drift|large"": 1.0, ""drift|medium"": 1.0, ""drift|small"": 0.5, ""dropout|large"": 0.75, ""dropout|medium"": 1.0, ""dropout|small"": 0.25, ""lamp_off_night|large"": 0.25, ""lamp_off_night|medium"": 0.0, ""lamp_off_night|small"": 0.0, ""lamp_on_day|large"": 0.0, ""lamp_on_day|medium"": 0.25, ""lamp_on_day|small"": 0.25, ""level_shift|large"": 0.75, ""level_shift|medium"": 0.25, ""level_shift|small"": 0.5, ""spike|large"": 1.0, ""spike|medium"": 0.25, ""spike|small"": 0.0}"
G5,transformer,ft_pole,0.5,full,192,transformer|ft_pole|lam0.5|full|w192,1,A_val,352.1,58,37,0.9665240649805071,0.875,0.9280380176510523,0.19660649107230938,13.53719008264463,"{""camera_dead|large"": 1.0, ""camera_dead|medium"": 1.0, ""camera_dead|small"": 1.0, ""drift|large"": 1.0, ""drift|medium"": 1.0, ""drift|small"": 1.0, ""dropout|large"": 1.0, ""dropout|medium"": 1.0, ""dropout|small"": 1.0, ""lamp_off_night|large"": 1.0, ""lamp_off_night|medium"": 1.0, ""lamp_off_night|small"": 0.0, ""lamp_on_day|large"": 1.0, ""lamp_on_day|medium"": 1.0, ""lamp_on_day|small"": 0.0, ""level_shift|large"": 1.0, ""level_shift|medium"": 1.0, ""level_shift|small"": 1.0, ""signage_stuck|large"": 1.0, ""signage_stuck|medium"": 1.0, ""signage_stuck|small"": 0.0, ""spike|large"": 1.0, ""spike|medium"": 1.0, ""spike|small"": 1.0}"
G5,transformer,ft_pole,0.5,full,192,transformer|ft_pole|lam0.5|full|w192,1,A_test,352.1,58,37,0.9377401800817708,0.9270833333333334,0.9179674526735304,0.28081986834231,14.8,"{""camera_dead|large"": 1.0, ""camera_dead|medium"": 1.0, ""camera_dead|small"": 1.0, ""drift|large"": 1.0, ""drift|medium"": 1.0, ""drift|small"": 1.0, ""dropout|large"": 1.0, ""dropout|medium"": 1.0, ""dropout|small"": 1.0, ""lamp_off_night|large"": 1.0, ""lamp_off_night|medium"": 1.0, ""lamp_off_night|small"": 0.5, ""lamp_on_day|large"": 1.0, ""lamp_on_day|medium"": 1.0, ""lamp_on_day|small"": 0.25, ""level_shift|large"": 1.0, ""level_shift|medium"": 1.0, ""level_shift|small"": 1.0, ""signage_stuck|large"": 1.0, ""signage_stuck|medium"": 1.0, ""signage_stuck|small"": 0.5, ""spike|large"": 1.0, ""spike|medium"": 1.0, ""spike|small"": 1.0}"
G5,transformer,ft_pole,0.5,full,192,transformer|ft_pole|lam0.5|full|w192,1,B_val,352.1,58,37,0.6920534286466336,0.3888888888888889,0.10419790104947527,0.0149508756941478,2.4444444444444446,"{""drift|large"": 1.0, ""drift|medium"": 0.5, ""drift|small"": 0.0, ""dropout|large"": 1.0, ""dropout|medium"": 1.0, ""dropout|small"": 0.5, ""lamp_off_night|large"": 0.0, ""lamp_off_night|medium"": 0.0, ""lamp_off_night|small"": 0.0, ""lamp_on_day|large"": 0.0, ""lamp_on_day|medium"": 0.5, ""lamp_on_day|small"": 0.0, ""level_shift|large"": 0.5, ""level_shift|medium"": 0.0, ""level_shift|small"": 0.0, ""spike|large"": 1.0, ""spike|medium"": 1.0, ""spike|small"": 0.0}"
G5,transformer,ft_pole,0.5,full,192,transformer|ft_pole|lam0.5|full|w192,1,B_test,352.1,58,37,0.7341184413983378,0.4027777777777778,0.0807799442896936,0.008239732859187303,1.5378787878787878,"{""drift|large"": 1.0, ""drift|medium"": 0.75, ""drift|small"": 0.5, ""dropout|large"": 0.75, ""dropout|medium"": 1.0, ""dropout|small"": 0.25, ""lamp_off_night|large"": 0.25, ""lamp_off_night|medium"": 0.0, ""lamp_off_night|small"": 0.0, ""lamp_on_day|large"": 0.0, ""lamp_on_day|medium"": 0.25, ""lamp_on_day|small"": 0.25, ""level_shift|large"": 0.75, ""level_shift|medium"": 0.0, ""level_shift|small"": 0.5, ""spike|large"": 0.75, ""spike|medium"": 0.25, ""spike|small"": 0.0}"
G5,transformer,ft_pole,0.5,full,192,transformer|ft_pole|lam0.5|full|w192,2,A_val,233.5,58,13,0.9711206973626288,0.875,0.9273591310251188,0.16661734240899675,13.53719008264463,"{""camera_dead|large"": 1.0, ""camera_dead|medium"": 1.0, ""camera_dead|small"": 1.0, ""drift|large"": 1.0, ""drift|medium"": 1.0, ""drift|small"": 1.0, ""dropout|large"": 1.0, ""dropout|medium"": 1.0, ""dropout|small"": 1.0, ""lamp_off_night|large"": 1.0, ""lamp_off_night|medium"": 1.0, ""lamp_off_night|small"": 0.0, ""lamp_on_day|large"": 1.0, ""lamp_on_day|medium"": 1.0, ""lamp_on_day|small"": 0.0, ""level_shift|large"": 1.0, ""level_shift|medium"": 1.0, ""level_shift|small"": 1.0, ""signage_stuck|large"": 1.0, ""signage_stuck|medium"": 1.0, ""signage_stuck|small"": 0.0, ""spike|large"": 1.0, ""spike|medium"": 1.0, ""spike|small"": 1.0}"
G5,transformer,ft_pole,0.5,full,192,transformer|ft_pole|lam0.5|full|w192,2,A_test,233.5,58,13,0.9537346456171774,0.9166666666666666,0.918963799402192,0.22538898862956314,14.92,"{""camera_dead|large"": 1.0, ""camera_dead|medium"": 1.0, ""camera_dead|small"": 1.0, ""drift|large"": 1.0, ""drift|medium"": 1.0, ""drift|small"": 1.0, ""dropout|large"": 1.0, ""dropout|medium"": 1.0, ""dropout|small"": 1.0, ""lamp_off_night|large"": 1.0, ""lamp_off_night|medium"": 1.0, ""lamp_off_night|small"": 0.5, ""lamp_on_day|large"": 1.0, ""lamp_on_day|medium"": 1.0, ""lamp_on_day|small"": 0.0, ""level_shift|large"": 1.0, ""level_shift|medium"": 1.0, ""level_shift|small"": 1.0, ""signage_stuck|large"": 1.0, ""signage_stuck|medium"": 1.0, ""signage_stuck|small"": 0.5, ""spike|large"": 1.0, ""spike|medium"": 1.0, ""spike|small"": 1.0}"
G5,transformer,ft_pole,0.5,full,192,transformer|ft_pole|lam0.5|full|w192,2,B_val,233.5,58,13,0.713019878356422,0.4722222222222222,0.15967016491754124,0.016018795386586928,2.111111111111111,"{""drift|large"": 1.0, ""drift|medium"": 0.5, ""drift|small"": 0.0, ""dropout|large"": 1.0, ""dropout|medium"": 1.0, ""dropout|small"": 1.0, ""lamp_off_night|large"": 0.0, ""lamp_off_night|medium"": 0.0, ""lamp_off_night|small"": 0.0, ""lamp_on_day|large"": 0.0, ""lamp_on_day|medium"": 0.5, ""lamp_on_day|small"": 0.0, ""level_shift|large"": 1.0, ""level_shift|medium"": 0.0, ""level_shift|small"": 0.0, ""spike|large"": 1.0, ""spike|medium"": 1.0, ""spike|small"": 0.5}"
G5,transformer,ft_pole,0.5,full,192,transformer|ft_pole|lam0.5|full|w192,2,B_test,233.5,58,13,0.7207379656633908,0.4444444444444444,0.11652739090064995,0.01665293377856802,2.890151515151515,"{""drift|large"": 1.0, ""drift|medium"": 1.0, ""drift|small"": 0.5, ""dropout|large"": 0.75, ""dropout|medium"": 1.0, ""dropout|small"": 0.25, ""lamp_off_night|large"": 0.25, ""lamp_off_night|medium"": 0.0, ""lamp_off_night|small"": 0.0, ""lamp_on_day|large"": 0.0, ""lamp_on_day|medium"": 0.25, ""lamp_on_day|small"": 0.25, ""level_shift|large"": 0.75, ""level_shift|medium"": 0.25, ""level_shift|small"": 0.5, ""spike|large"": 1.0, ""spike|medium"": 0.25, ""spike|small"": 0.0}"
G4,transformer,ft_pole,0.5,no_light,96,transformer|ft_pole|lam0.5|no_light|w96,0,A_val,120.6,55,19,0.9628658994316895,0.9166666666666666,0.9389002036659878,0.2029199960540594,6.884297520661158,"{""camera_dead|large"": 1.0, ""camera_dead|medium"": 1.0, ""camera_dead|small"": 1.0, ""drift|large"": 1.0, ""drift|medium"": 1.0, ""drift|small"": 1.0, ""dropout|large"": 1.0, ""dropout|medium"": 1.0, ""dropout|small"": 1.0, ""lamp_off_night|large"": 1.0, ""lamp_off_night|medium"": 1.0, ""lamp_off_night|small"": 0.0, ""lamp_on_day|large"": 1.0, ""lamp_on_day|medium"": 1.0, ""lamp_on_day|small"": 0.5, ""level_shift|large"": 1.0, ""level_shift|medium"": 1.0, ""level_shift|small"": 1.0, ""signage_stuck|large"": 1.0, ""signage_stuck|medium"": 1.0, ""signage_stuck|small"": 0.5, ""spike|large"": 1.0, ""spike|medium"": 1.0, ""spike|small"": 1.0}"
G4,transformer,ft_pole,0.5,no_light,96,transformer|ft_pole|lam0.5|no_light|w96,0,A_test,120.6,55,19,0.9278191464729068,0.9583333333333334,0.9216207240119562,0.27124476361460204,9.72,"{""camera_dead|large"": 1.0, ""camera_dead|medium"": 1.0, ""camera_dead|small"": 1.0, ""drift|large"": 1.0, ""drift|medium"": 1.0, ""drift|small"": 1.0, ""dropout|large"": 1.0, ""dropout|medium"": 1.0, ""dropout|small"": 1.0, ""lamp_off_night|large"": 1.0, ""lamp_off_night|medium"": 1.0, ""lamp_off_night|small"": 0.5, ""lamp_on_day|large"": 1.0, ""lamp_on_day|medium"": 1.0, ""lamp_on_day|small"": 0.75, ""level_shift|large"": 1.0, ""level_shift|medium"": 1.0, ""level_shift|small"": 1.0, ""signage_stuck|large"": 1.0, ""signage_stuck|medium"": 1.0, ""signage_stuck|small"": 0.75, ""spike|large"": 1.0, ""spike|medium"": 1.0, ""spike|small"": 1.0}"
G4,transformer,ft_pole,0.5,no_light,96,transformer|ft_pole|lam0.5|no_light|w96,0,B_val,120.6,55,19,0.7011265832269684,0.5555555555555556,0.164167916041979,0.024562152926099957,4.555555555555555,"{""drift|large"": 1.0, ""drift|medium"": 1.0, ""drift|small"": 0.5, ""dropout|large"": 1.0, ""dropout|medium"": 1.0, ""dropout|small"": 1.0, ""lamp_off_night|large"": 0.0, ""lamp_off_night|medium"": 0.0, ""lamp_off_night|small"": 0.0, ""lamp_on_day|large"": 0.0, ""lamp_on_day|medium"": 0.5, ""lamp_on_day|small"": 0.0, ""level_shift|large"": 1.0, ""level_shift|medium"": 0.0, ""level_shift|small"": 0.0, ""spike|large"": 1.0, ""spike|medium"": 1.0, ""spike|small"": 1.0}"
G4,transformer,ft_pole,0.5,no_light,96,transformer|ft_pole|lam0.5|no_light|w96,0,B_test,120.6,55,19,0.7676936716733623,0.5416666666666666,0.15134633240482823,0.016609566763519667,4.321969696969697,"{""drift|large"": 1.0, ""drift|medium"": 1.0, ""drift|small"": 0.5, ""dropout|large"": 1.0, ""dropout|medium"": 1.0, ""dropout|small"": 0.5, ""lamp_off_night|large"": 0.25, ""lamp_off_night|medium"": 0.0, ""lamp_off_night|small"": 0.0, ""lamp_on_day|large"": 0.0, ""lamp_on_day|medium"": 0.25, ""lamp_on_day|small"": 0.25, ""level_shift|large"": 1.0, ""level_shift|medium"": 0.5, ""level_shift|small"": 0.25, ""spike|large"": 1.0, ""spike|medium"": 1.0, ""spike|small"": 0.25}"
G4,transformer,ft_pole,0.5,no_light,96,transformer|ft_pole|lam0.5|no_light|w96,1,A_val,134.9,60,27,0.9667809998271475,0.9166666666666666,0.9341479972844535,0.18762947617638354,10.239669421487603,"{""camera_dead|large"": 1.0, ""camera_dead|medium"": 1.0, ""camera_dead|small"": 1.0, ""drift|large"": 1.0, ""drift|medium"": 1.0, ""drift|small"": 1.0, ""dropout|large"": 1.0, ""dropout|medium"": 1.0, ""dropout|small"": 1.0, ""lamp_off_night|large"": 1.0, ""lamp_off_night|medium"": 1.0, ""lamp_off_night|small"": 0.0, ""lamp_on_day|large"": 1.0, ""lamp_on_day|medium"": 1.0, ""lamp_on_day|small"": 0.5, ""level_shift|large"": 1.0, ""level_shift|medium"": 1.0, ""level_shift|small"": 1.0, ""signage_stuck|large"": 1.0, ""signage_stuck|medium"": 1.0, ""signage_stuck|small"": 0.5, ""spike|large"": 1.0, ""spike|medium"": 1.0, ""spike|small"": 1.0}"
G4,transformer,ft_pole,0.5,no_light,96,transformer|ft_pole|lam0.5|no_light|w96,1,A_test,134.9,60,27,0.9357127049213725,0.9166666666666666,0.9046828296247094,0.23877917414721722,10.2,"{""camera_dead|large"": 1.0, ""camera_dead|medium"": 1.0, ""camera_dead|small"": 1.0, ""drift|large"": 1.0, ""drift|medium"": 1.0, ""drift|small"": 1.0, ""dropout|large"": 1.0, ""dropout|medium"": 1.0, ""dropout|small"": 1.0, ""lamp_off_night|large"": 1.0, ""lamp_off_night|medium"": 1.0, ""lamp_off_night|small"": 0.5, ""lamp_on_day|large"": 1.0, ""lamp_on_day|medium"": 1.0, ""lamp_on_day|small"": 0.0, ""level_shift|large"": 1.0, ""level_shift|medium"": 1.0, ""level_shift|small"": 1.0, ""signage_stuck|large"": 1.0, ""signage_stuck|medium"": 1.0, ""signage_stuck|small"": 0.5, ""spike|large"": 1.0, ""spike|medium"": 1.0, ""spike|small"": 1.0}"
G4,transformer,ft_pole,0.5,no_light,96,transformer|ft_pole|lam0.5|no_light|w96,1,B_val,134.9,60,27,0.7025952529928969,0.5277777777777778,0.17466266866566715,0.028193079880392994,5.333333333333333,"{""drift|large"": 1.0, ""drift|medium"": 0.5, ""drift|small"": 0.5, ""dropout|large"": 1.0, ""dropout|medium"": 1.0, ""dropout|small"": 1.0, ""lamp_off_night|large"": 0.0, ""lamp_off_night|medium"": 0.0, ""lamp_off_night|small"": 0.0, ""lamp_on_day|large"": 0.0, ""lamp_on_day|medium"": 0.5, ""lamp_on_day|small"": 0.0, ""level_shift|large"": 1.0, ""level_shift|medium"": 0.0, ""level_shift|small"": 0.0, ""spike|large"": 1.0, ""spike|medium"": 1.0, ""spike|small"": 1.0}"
G4,transformer,ft_pole,0.5,no_light,96,transformer|ft_pole|lam0.5|no_light|w96,1,B_test,134.9,60,27,0.7611068985646322,0.5833333333333334,0.1541318477251625,0.022984517975627738,6.2310606060606055,"{""drift|large"": 1.0, ""drift|medium"": 1.0, ""drift|small"": 0.5, ""dropout|large"": 1.0, ""dropout|medium"": 1.0, ""dropout|small"": 0.5, ""lamp_off_night|large"": 0.25, ""lamp_off_night|medium"": 0.0, ""lamp_off_night|small"": 0.0, ""lamp_on_day|large"": 0.25, ""lamp_on_day|medium"": 0.25, ""lamp_on_day|small"": 0.25, ""level_shift|large"": 0.75, ""level_shift|medium"": 0.5, ""level_shift|small"": 0.5, ""spike|large"": 1.0, ""spike|medium"": 1.0, ""spike|small"": 0.75}"
G4,transformer,ft_pole,0.5,no_light,96,transformer|ft_pole|lam0.5|no_light|w96,2,A_val,107.7,39,32,0.9685668192336611,0.9166666666666666,0.9300746775288526,0.17944164940317647,11.801652892561984,"{""camera_dead|large"": 1.0, ""camera_dead|medium"": 1.0, ""camera_dead|small"": 1.0, ""drift|large"": 1.0, ""drift|medium"": 1.0, ""drift|small"": 1.0, ""dropout|large"": 1.0, ""dropout|medium"": 1.0, ""dropout|small"": 1.0, ""lamp_off_night|large"": 1.0, ""lamp_off_night|medium"": 1.0, ""lamp_off_night|small"": 0.0, ""lamp_on_day|large"": 1.0, ""lamp_on_day|medium"": 1.0, ""lamp_on_day|small"": 0.5, ""level_shift|large"": 1.0, ""level_shift|medium"": 1.0, ""level_shift|small"": 1.0, ""signage_stuck|large"": 1.0, ""signage_stuck|medium"": 1.0, ""signage_stuck|small"": 0.5, ""spike|large"": 1.0, ""spike|medium"": 1.0, ""spike|small"": 1.0}"
G4,transformer,ft_pole,0.5,no_light,96,transformer|ft_pole|lam0.5|no_light|w96,2,A_test,107.7,39,32,0.9394985939248091,0.90625,0.8907339754234473,0.234590065828845,11.36,"{""camera_dead|large"": 1.0, ""camera_dead|medium"": 1.0, ""camera_dead|small"": 1.0, ""drift|large"": 1.0, ""drift|medium"": 1.0, ""drift|small"": 1.0, ""dropout|large"": 1.0, ""dropout|medium"": 1.0, ""dropout|small"": 1.0, ""lamp_off_night|large"": 1.0, ""lamp_off_night|medium"": 1.0, ""lamp_off_night|small"": 0.5, ""lamp_on_day|large"": 1.0, ""lamp_on_day|medium"": 1.0, ""lamp_on_day|small"": 0.0, ""level_shift|large"": 1.0, ""level_shift|medium"": 1.0, ""level_shift|small"": 1.0, ""signage_stuck|large"": 1.0, ""signage_stuck|medium"": 1.0, ""signage_stuck|small"": 0.25, ""spike|large"": 1.0, ""spike|medium"": 1.0, ""spike|small"": 1.0}"
G4,transformer,ft_pole,0.5,no_light,96,transformer|ft_pole|lam0.5|no_light|w96,2,B_val,107.7,39,32,0.6787563074507172,0.5277777777777778,0.1634182908545727,0.03139683895771038,5.333333333333333,"{""drift|large"": 1.0, ""drift|medium"": 0.5, ""drift|small"": 0.5, ""dropout|large"": 1.0, ""dropout|medium"": 1.0, ""dropout|small"": 1.0, ""lamp_off_night|large"": 0.0, ""lamp_off_night|medium"": 0.0, ""lamp_off_night|small"": 0.0, ""lamp_on_day|large"": 0.0, ""lamp_on_day|medium"": 0.5, ""lamp_on_day|small"": 0.0, ""level_shift|large"": 1.0, ""level_shift|medium"": 0.0, ""level_shift|small"": 0.0, ""spike|large"": 1.0, ""spike|medium"": 1.0, ""spike|small"": 1.0}"
G4,transformer,ft_pole,0.5,no_light,96,transformer|ft_pole|lam0.5|no_light|w96,2,B_test,107.7,39,32,0.7153684184967689,0.5138888888888888,0.14391829155060354,0.02515286872804545,6.178030303030303,"{""drift|large"": 1.0, ""drift|medium"": 1.0, ""drift|small"": 0.5, ""dropout|large"": 1.0, ""dropout|medium"": 1.0, ""dropout|small"": 0.25, ""lamp_off_night|large"": 0.25, ""lamp_off_night|medium"": 0.0, ""lamp_off_night|small"": 0.0, ""lamp_on_day|large"": 0.0, ""lamp_on_day|medium"": 0.25, ""lamp_on_day|small"": 0.25, ""level_shift|large"": 0.75, ""level_shift|medium"": 0.25, ""level_shift|small"": 0.5, ""spike|large"": 1.0, ""spike|medium"": 1.0, ""spike|small"": 0.25}"
G4,transformer,ft_pole,0.5,none,96,transformer|ft_pole|lam0.5|none|w96,0,A_val,161.0,80,31,0.9597661393960447,0.9375,0.9416157501697217,0.22896320410377824,9.545454545454547,"{""camera_dead|large"": 1.0, ""camera_dead|medium"": 1.0, ""camera_dead|small"": 1.0, ""drift|large"": 1.0, ""drift|medium"": 1.0, ""drift|small"": 1.0, ""dropout|large"": 1.0, ""dropout|medium"": 1.0, ""dropout|small"": 1.0, ""lamp_off_night|large"": 1.0, ""lamp_off_night|medium"": 1.0, ""lamp_off_night|small"": 0.5, ""lamp_on_day|large"": 1.0, ""lamp_on_day|medium"": 1.0, ""lamp_on_day|small"": 0.5, ""level_shift|large"": 1.0, ""level_shift|medium"": 1.0, ""level_shift|small"": 1.0, ""signage_stuck|large"": 1.0, ""signage_stuck|medium"": 1.0, ""signage_stuck|small"": 0.5, ""spike|large"": 1.0, ""spike|medium"": 1.0, ""spike|small"": 1.0}"
G4,transformer,ft_pole,0.5,none,96,transformer|ft_pole|lam0.5|none|w96,0,A_test,161.0,80,31,0.9206610471359653,0.9583333333333334,0.9153105280637662,0.2841113105924596,11.88,"{""camera_dead|large"": 1.0, ""camera_dead|medium"": 1.0, ""camera_dead|small"": 1.0, ""drift|large"": 1.0, ""drift|medium"": 1.0, ""drift|small"": 1.0, ""dropout|large"": 1.0, ""dropout|medium"": 1.0, ""dropout|small"": 1.0, ""lamp_off_night|large"": 1.0, ""lamp_off_night|medium"": 1.0, ""lamp_off_night|small"": 0.75, ""lamp_on_day|large"": 1.0, ""lamp_on_day|medium"": 1.0, ""lamp_on_day|small"": 0.75, ""level_shift|large"": 1.0, ""level_shift|medium"": 1.0, ""level_shift|small"": 1.0, ""signage_stuck|large"": 1.0, ""signage_stuck|medium"": 1.0, ""signage_stuck|small"": 0.5, ""spike|large"": 1.0, ""spike|medium"": 1.0, ""spike|small"": 1.0}"
G4,transformer,ft_pole,0.5,none,96,transformer|ft_pole|lam0.5|none|w96,0,B_val,161.0,80,31,0.7020174235821004,0.5555555555555556,0.22788605697151423,0.03929944468175993,6.222222222222222,"{""drift|large"": 1.0, ""drift|medium"": 1.0, ""drift|small"": 1.0, ""dropout|large"": 1.0, ""dropout|medium"": 1.0, ""dropout|small"": 1.0, ""lamp_off_night|large"": 0.0, ""lamp_off_night|medium"": 0.0, ""lamp_off_night|small"": 0.0, ""lamp_on_day|large"": 0.0, ""lamp_on_day|medium"": 0.5, ""lamp_on_day|small"": 0.0, ""level_shift|large"": 1.0, ""level_shift|medium"": 0.0, ""level_shift|small"": 0.0, ""spike|large"": 1.0, ""spike|medium"": 1.0, ""spike|small"": 0.5}"
G4,transformer,ft_pole,0.5,none,96,transformer|ft_pole|lam0.5|none|w96,0,B_test,161.0,80,31,0.730511107049564,0.5833333333333334,0.181058495821727,0.025499804848432284,6.071969696969697,"{""drift|large"": 1.0, ""drift|medium"": 1.0, ""drift|small"": 0.75, ""dropout|large"": 1.0, ""dropout|medium"": 1.0, ""dropout|small"": 0.5, ""lamp_off_night|large"": 0.25, ""lamp_off_night|medium"": 0.0, ""lamp_off_night|small"": 0.0, ""lamp_on_day|large"": 0.25, ""lamp_on_day|medium"": 0.25, ""lamp_on_day|small"": 0.5, ""level_shift|large"": 0.75, ""level_shift|medium"": 0.5, ""level_shift|small"": 0.5, ""spike|large"": 1.0, ""spike|medium"": 0.5, ""spike|small"": 0.75}"
G4,transformer,ft_pole,0.5,none,96,transformer|ft_pole|lam0.5|none|w96,1,A_val,160.4,80,35,0.9662378302523588,0.9166666666666666,0.9409368635437881,0.21998618920785243,12.03305785123967,"{""camera_dead|large"": 1.0, ""camera_dead|medium"": 1.0, ""camera_dead|small"": 1.0, ""drift|large"": 1.0, ""drift|medium"": 1.0, ""drift|small"": 1.0, ""dropout|large"": 1.0, ""dropout|medium"": 1.0, ""dropout|small"": 1.0, ""lamp_off_night|large"": 1.0, ""lamp_off_night|medium"": 1.0, ""lamp_off_night|small"": 0.0, ""lamp_on_day|large"": 1.0, ""lamp_on_day|medium"": 1.0, ""lamp_on_day|small"": 0.5, ""level_shift|large"": 1.0, ""level_shift|medium"": 1.0, ""level_shift|small"": 1.0, ""signage_stuck|large"": 1.0, ""signage_stuck|medium"": 1.0, ""signage_stuck|small"": 0.5, ""spike|large"": 1.0, ""spike|medium"": 1.0, ""spike|small"": 1.0}"
G4,transformer,ft_pole,0.5,none,96,transformer|ft_pole|lam0.5|none|w96,1,A_test,160.4,80,35,0.9346482854309781,0.9479166666666666,0.9232813018930588,0.26316576900059846,12.4,"{""camera_dead|large"": 1.0, ""camera_dead|medium"": 1.0, ""camera_dead|small"": 1.0, ""drift|large"": 1.0, ""drift|medium"": 1.0, ""drift|small"": 1.0, ""dropout|large"": 1.0, ""dropout|medium"": 1.0, ""dropout|small"": 1.0, ""lamp_off_night|large"": 1.0, ""lamp_off_night|medium"": 1.0, ""lamp_off_night|small"": 0.5, ""lamp_on_day|large"": 1.0, ""lamp_on_day|medium"": 1.0, ""lamp_on_day|small"": 0.75, ""level_shift|large"": 1.0, ""level_shift|medium"": 1.0, ""level_shift|small"": 1.0, ""signage_stuck|large"": 1.0, ""signage_stuck|medium"": 1.0, ""signage_stuck|small"": 0.5, ""spike|large"": 1.0, ""spike|medium"": 1.0, ""spike|small"": 1.0}"
G4,transformer,ft_pole,0.5,none,96,transformer|ft_pole|lam0.5|none|w96,1,B_val,160.4,80,35,0.6688244141491834,0.5555555555555556,0.2413793103448276,0.043571123451516446,5.555555555555555,"{""drift|large"": 1.0, ""drift|medium"": 1.0, ""drift|small"": 1.0, ""dropout|large"": 1.0, ""dropout|medium"": 1.0, ""dropout|small"": 1.0, ""lamp_off_night|large"": 0.0, ""lamp_off_night|medium"": 0.0, ""lamp_off_night|small"": 0.0, ""lamp_on_day|large"": 0.0, ""lamp_on_day|medium"": 0.5, ""lamp_on_day|small"": 0.0, ""level_shift|large"": 1.0, ""level_shift|medium"": 0.0, ""level_shift|small"": 0.0, ""spike|large"": 1.0, ""spike|medium"": 1.0, ""spike|small"": 0.5}"
G4,transformer,ft_pole,0.5,none,96,transformer|ft_pole|lam0.5|none|w96,1,B_test,160.4,80,35,0.7163534476958163,0.6111111111111112,0.18477251624883936,0.026323778134351012,6.5227272727272725,"{""drift|large"": 1.0, ""drift|medium"": 1.0, ""drift|small"": 1.0, ""dropout|large"": 1.0, ""dropout|medium"": 1.0, ""dropout|small"": 0.5, ""lamp_off_night|large"": 0.25, ""lamp_off_night|medium"": 0.0, ""lamp_off_night|small"": 0.0, ""lamp_on_day|large"": 0.25, ""lamp_on_day|medium"": 0.25, ""lamp_on_day|small"": 0.5, ""level_shift|large"": 0.75, ""level_shift|medium"": 0.5, ""level_shift|small"": 0.5, ""spike|large"": 1.0, ""spike|medium"": 0.75, ""spike|small"": 0.75}"
G4,transformer,ft_pole,0.5,none,96,transformer|ft_pole|lam0.5|none|w96,2,A_val,139.0,64,38,0.9634652243222368,0.9375,0.9368635437881874,0.21505376344086022,10.239669421487603,"{""camera_dead|large"": 1.0, ""camera_dead|medium"": 1.0, ""camera_dead|small"": 1.0, ""drift|large"": 1.0, ""drift|medium"": 1.0, ""drift|small"": 1.0, ""dropout|large"": 1.0, ""dropout|medium"": 1.0, ""dropout|small"": 1.0, ""lamp_off_night|large"": 1.0, ""lamp_off_night|medium"": 1.0, ""lamp_off_night|small"": 0.5, ""lamp_on_day|large"": 1.0, ""lamp_on_day|medium"": 1.0, ""lamp_on_day|small"": 0.5, ""level_shift|large"": 1.0, ""level_shift|medium"": 1.0, ""level_shift|small"": 1.0, ""signage_stuck|large"": 1.0, ""signage_stuck|medium"": 1.0, ""signage_stuck|small"": 0.5, ""spike|large"": 1.0, ""spike|medium"": 1.0, ""spike|small"": 1.0}"
G4,transformer,ft_pole,0.5,none,96,transformer|ft_pole|lam0.5|none|w96,2,A_test,139.0,64,38,0.9285927909255929,0.9479166666666666,0.9083361009631352,0.258901855176541,12.16,"{""camera_dead|large"": 1.0, ""camera_dead|medium"": 1.0, ""camera_dead|small"": 1.0, ""drift|large"": 1.0, ""drift|medium"": 1.0, ""drift|small"": 1.0, ""dropout|large"": 1.0, ""dropout|medium"": 1.0, ""dropout|small"": 1.0, ""lamp_off_night|large"": 1.0, ""lamp_off_night|medium"": 1.0, ""lamp_off_night|small"": 0.5, ""lamp_on_day|large"": 1.0, ""lamp_on_day|medium"": 1.0, ""lamp_on_day|small"": 0.75, ""level_shift|large"": 1.0, ""level_shift|medium"": 1.0, ""level_shift|small"": 1.0, ""signage_stuck|large"": 1.0, ""signage_stuck|medium"": 1.0, ""signage_stuck|small"": 0.5, ""spike|large"": 1.0, ""spike|medium"": 1.0, ""spike|small"": 1.0}"
G4,transformer,ft_pole,0.5,none,96,transformer|ft_pole|lam0.5|none|w96,2,B_val,139.0,64,38,0.6360089391442681,0.5277777777777778,0.239880059970015,0.037590773173857325,5.666666666666667,"{""drift|large"": 1.0, ""drift|medium"": 1.0, ""drift|small"": 0.5, ""dropout|large"": 1.0, ""dropout|medium"": 1.0, ""dropout|small"": 1.0, ""lamp_off_night|large"": 0.0, ""lamp_off_night|medium"": 0.0, ""lamp_off_night|small"": 0.0, ""lamp_on_day|large"": 0.0, ""lamp_on_day|medium"": 0.5, ""lamp_on_day|small"": 0.0, ""level_shift|large"": 1.0, ""level_shift|medium"": 0.0, ""level_shift|small"": 0.0, ""spike|large"": 1.0, ""spike|medium"": 1.0, ""spike|small"": 0.5}"
G4,transformer,ft_pole,0.5,none,96,transformer|ft_pole|lam0.5|none|w96,2,B_test,139.0,64,38,0.7005711158043053,0.625,0.17363045496750232,0.026106943059109242,6.787878787878788,"{""drift|large"": 1.0, ""drift|medium"": 1.0, ""drift|small"": 1.0, ""dropout|large"": 1.0, ""dropout|medium"": 1.0, ""dropout|small"": 0.75, ""lamp_off_night|large"": 0.25, ""lamp_off_night|medium"": 0.0, ""lamp_off_night|small"": 0.0, ""lamp_on_day|large"": 0.25, ""lamp_on_day|medium"": 0.25, ""lamp_on_day|small"": 0.25, ""level_shift|large"": 0.75, ""level_shift|medium"": 0.5, ""level_shift|small"": 0.5, ""spike|large"": 1.0, ""spike|medium"": 1.0, ""spike|small"": 0.75}"
G3,transformer,ft_pole,1.0,full,96,transformer|ft_pole|lam1.0|full|w96,0,A_val,141.9,36,38,0.9615905676749911,0.8958333333333334,0.9355057705363204,0.2085429614284305,9.487603305785125,"{""camera_dead|large"": 1.0, ""camera_dead|medium"": 1.0, ""camera_dead|small"": 1.0, ""drift|large"": 1.0, ""drift|medium"": 1.0, ""drift|small"": 1.0, ""dropout|large"": 1.0, ""dropout|medium"": 1.0, ""dropout|small"": 1.0, ""lamp_off_night|large"": 1.0, ""lamp_off_night|medium"": 1.0, ""lamp_off_night|small"": 0.0, ""lamp_on_day|large"": 1.0, ""lamp_on_day|medium"": 1.0, ""lamp_on_day|small"": 0.0, ""level_shift|large"": 1.0, ""level_shift|medium"": 1.0, ""level_shift|small"": 1.0, ""signage_stuck|large"": 1.0, ""signage_stuck|medium"": 1.0, ""signage_stuck|small"": 0.5, ""spike|large"": 1.0, ""spike|medium"": 1.0, ""spike|small"": 1.0}"
G3,transformer,ft_pole,1.0,full,96,transformer|ft_pole|lam1.0|full|w96,0,A_test,141.9,36,38,0.9246743091012187,0.9375,0.9023580205911658,0.27124476361460204,10.6,"{""camera_dead|large"": 1.0, ""camera_dead|medium"": 1.0, ""camera_dead|small"": 1.0, ""drift|large"": 1.0, ""drift|medium"": 1.0, ""drift|small"": 1.0, ""dropout|large"": 1.0, ""dropout|medium"": 1.0, ""dropout|small"": 1.0, ""lamp_off_night|large"": 1.0, ""lamp_off_night|medium"": 1.0, ""lamp_off_night|small"": 0.75, ""lamp_on_day|large"": 1.0, ""lamp_on_day|medium"": 1.0, ""lamp_on_day|small"": 0.0, ""level_shift|large"": 1.0, ""level_shift|medium"": 1.0, ""level_shift|small"": 1.0, ""signage_stuck|large"": 1.0, ""signage_stuck|medium"": 1.0, ""signage_stuck|small"": 0.75, ""spike|large"": 1.0, ""spike|medium"": 1.0, ""spike|small"": 1.0}"
G3,transformer,ft_pole,1.0,full,96,transformer|ft_pole|lam1.0|full|w96,0,B_val,141.9,36,38,0.6998876682974189,0.5555555555555556,0.1656671664167916,0.028193079880392994,5.0,"{""drift|large"": 1.0, ""drift|medium"": 1.0, ""drift|small"": 0.5, ""dropout|large"": 1.0, ""dropout|medium"": 1.0, ""dropout|small"": 1.0, ""lamp_off_night|large"": 0.0, ""lamp_off_night|medium"": 0.0, ""lamp_off_night|small"": 0.0, ""lamp_on_day|large"": 0.0, ""lamp_on_day|medium"": 0.5, ""lamp_on_day|small"": 0.0, ""level_shift|large"": 1.0, ""level_shift|medium"": 0.0, ""level_shift|small"": 0.0, ""spike|large"": 1.0, ""spike|medium"": 1.0, ""spike|small"": 1.0}"
G3,transformer,ft_pole,1.0,full,96,transformer|ft_pole|lam1.0|full|w96,0,B_test,141.9,36,38,0.7675028688870982,0.5416666666666666,0.14809656453110492,0.01929832169651763,4.90530303030303,"{""drift|large"": 1.0, ""drift|medium"": 1.0, ""drift|small"": 0.75, ""dropout|large"": 1.0, ""dropout|medium"": 1.0, ""dropout|small"": 0.5, ""lamp_off_night|large"": 0.25, ""lamp_off_night|medium"": 0.0, ""lamp_off_night|small"": 0.0, ""lamp_on_day|large"": 0.25, ""lamp_on_day|medium"": 0.25, ""lamp_on_day|small"": 0.25, ""level_shift|large"": 1.0, ""level_shift|medium"": 0.5, ""level_shift|small"": 0.5, ""spike|large"": 1.0, ""spike|medium"": 0.5, ""spike|small"": 0.0}"
G3,transformer,ft_pole,1.0,full,96,transformer|ft_pole|lam1.0|full|w96,1,A_val,99.3,33,39,0.9628508978923576,0.875,0.9327902240325866,0.1868402880536648,8.677685950413224,"{""camera_dead|large"": 1.0, ""camera_dead|medium"": 1.0, ""camera_dead|small"": 1.0, ""drift|large"": 1.0, ""drift|medium"": 1.0, ""drift|small"": 1.0, ""dropout|large"": 1.0, ""dropout|medium"": 1.0, ""dropout|small"": 1.0, ""lamp_off_night|large"": 1.0, ""lamp_off_night|medium"": 1.0, ""lamp_off_night|small"": 0.0, ""lamp_on_day|large"": 1.0, ""lamp_on_day|medium"": 1.0, ""lamp_on_day|small"": 0.0, ""level_shift|large"": 1.0, ""level_shift|medium"": 1.0, ""level_shift|small"": 1.0, ""signage_stuck|large"": 1.0, ""signage_stuck|medium"": 1.0, ""signage_stuck|small"": 0.0, ""spike|large"": 1.0, ""spike|medium"": 1.0, ""spike|small"": 1.0}"
G3,transformer,ft_pole,1.0,full,96,transformer|ft_pole|lam1.0|full|w96,1,A_test,99.3,33,39,0.9275728174829136,0.90625,0.9033543673198273,0.2539646918013166,9.84,"{""camera_dead|large"": 1.0, ""camera_dead|medium"": 1.0, ""camera_dead|small"": 1.0, ""drift|large"": 1.0, ""drift|medium"": 1.0, ""drift|small"": 1.0, ""dropout|large"": 1.0, ""dropout|medium"": 1.0, ""dropout|small"": 1.0, ""lamp_off_night|large"": 1.0, ""lamp_off_night|medium"": 1.0, ""lamp_off_night|small"": 0.5, ""lamp_on_day|large"": 1.0, ""lamp_on_day|medium"": 1.0, ""lamp_on_day|small"": 0.0, ""level_shift|large"": 1.0, ""level_shift|medium"": 1.0, ""level_shift|small"": 1.0, ""signage_stuck|large"": 1.0, ""signage_stuck|medium"": 1.0, ""signage_stuck|small"": 0.25, ""spike|large"": 1.0, ""spike|medium"": 1.0, ""spike|small"": 1.0}"
G3,transformer,ft_pole,1.0,full,96,transformer|ft_pole|lam1.0|full|w96,1,B_val,99.3,33,39,0.6985269112560336,0.5,0.15592203898050974,0.026057240495514736,4.111111111111111,"{""drift|large"": 1.0, ""drift|medium"": 0.5, ""drift|small"": 0.5, ""dropout|large"": 1.0, ""dropout|medium"": 1.0, ""dropout|small"": 1.0, ""lamp_off_night|large"": 0.0, ""lamp_off_night|medium"": 0.0, ""lamp_off_night|small"": 0.0, ""lamp_on_day|large"": 0.0, ""lamp_on_day|medium"": 0.5, ""lamp_on_day|small"": 0.0, ""level_shift|large"": 1.0, ""level_shift|medium"": 0.0, ""level_shift|small"": 0.0, ""spike|large"": 1.0, ""spike|medium"": 1.0, ""spike|small"": 0.5}"
G3,transformer,ft_pole,1.0,full,96,transformer|ft_pole|lam1.0|full|w96,1,B_test,99.3,33,39,0.7720939942402,0.5138888888888888,0.1309192200557103,0.016175896613036124,3.871212121212121,"{""drift|large"": 1.0, ""drift|medium"": 1.0, ""drift|small"": 0.25, ""dropout|large"": 1.0, ""dropout|medium"": 1.0, ""dropout|small"": 0.5, ""lamp_off_night|large"": 0.25, ""lamp_off_night|medium"": 0.0, ""lamp_off_night|small"": 0.0, ""lamp_on_day|large"": 0.25, ""lamp_on_day|medium"": 0.25, ""lamp_on_day|small"": 0.0, ""level_shift|large"": 0.75, ""level_shift|medium"": 0.25, ""level_shift|small"": 0.5, ""spike|large"": 1.0, ""spike|medium"": 1.0, ""spike|small"": 0.25}"
G3,transformer,ft_pole,1.0,full,96,transformer|ft_pole|lam1.0|full|w96,2,A_val,101.6,39,40,0.9701152593715922,0.9166666666666666,0.9348268839103869,0.17273355036006707,9.66115702479339,"{""camera_dead|large"": 1.0, ""camera_dead|medium"": 1.0, ""camera_dead|small"": 1.0, ""drift|large"": 1.0, ""drift|medium"": 1.0, ""drift|small"": 1.0, ""dropout|large"": 1.0, ""dropout|medium"": 1.0, ""dropout|small"": 1.0, ""lamp_off_night|large"": 1.0, ""lamp_off_night|medium"": 1.0, ""lamp_off_night|small"": 0.0, ""lamp_on_day|large"": 1.0, ""lamp_on_day|medium"": 1.0, ""lamp_on_day|small"": 0.5, ""level_shift|large"": 1.0, ""level_shift|medium"": 1.0, ""level_shift|small"": 1.0, ""signage_stuck|large"": 1.0, ""signage_stuck|medium"": 1.0, ""signage_stuck|small"": 0.5, ""spike|large"": 1.0, ""spike|medium"": 1.0, ""spike|small"": 1.0}"
G3,transformer,ft_pole,1.0,full,96,transformer|ft_pole|lam1.0|full|w96,2,A_test,101.6,39,40,0.9402015072998845,0.9166666666666666,0.9016937894387247,0.2325703171753441,12.36,"{""camera_dead|large"": 1.0, ""camera_dead|medium"": 1.0, ""camera_dead|small"": 1.0, ""drift|large"": 1.0, ""drift|medium"": 1.0, ""drift|small"": 1.0, ""dropout|large"": 1.0, ""dropout|medium"": 1.0, ""dropout|small"": 1.0, ""lamp_off_night|large"": 1.0, ""lamp_off_night|medium"": 1.0, ""lamp_off_night|small"": 0.5, ""lamp_on_day|large"": 1.0, ""lamp_on_day|medium"": 1.0, ""lamp_on_day|small"": 0.0, ""level_shift|large"": 1.0, ""level_shift|medium"": 1.0, ""level_shift|small"": 1.0, ""signage_stuck|large"": 1.0, ""signage_stuck|medium"": 1.0, ""signage_stuck|small"": 0.5, ""spike|large"": 1.0, ""spike|medium"": 1.0, ""spike|small"": 1.0}"
G3,transformer,ft_pole,1.0,full,96,transformer|ft_pole|lam1.0|full|w96,2,B_val,101.6,39,40,0.6861313576445438,0.5277777777777778,0.15967016491754124,0.02285348141819735,3.888888888888889,"{""drift|large"": 1.0, ""drift|medium"": 0.5, ""drift|small"": 0.5, ""dropout|large"": 1.0, ""dropout|medium"": 1.0, ""dropout|small"": 1.0, ""lamp_off_night|large"": 0.0, ""lamp_off_night|medium"": 0.0, ""lamp_off_night|small"": 0.0, ""lamp_on_day|large"": 0.0, ""lamp_on_day|medium"": 0.5, ""lamp_on_day|small"": 0.0, ""level_shift|large"": 1.0, ""level_shift|medium"": 0.0, ""level_shift|small"": 0.0, ""spike|large"": 1.0, ""spike|medium"": 1.0, ""spike|small"": 1.0}"
G3,transformer,ft_pole,1.0,full,96,transformer|ft_pole|lam1.0|full|w96,2,B_test,101.6,39,40,0.733562904700924,0.5416666666666666,0.1374187558031569,0.02085953423825838,5.4356060606060606,"{""drift|large"": 1.0, ""drift|medium"": 1.0, ""drift|small"": 0.5, ""dropout|large"": 1.0, ""dropout|medium"": 1.0, ""dropout|small"": 0.5, ""lamp_off_night|large"": 0.25, ""lamp_off_night|medium"": 0.0, ""lamp_off_night|small"": 0.0, ""lamp_on_day|large"": 0.0, ""lamp_on_day|medium"": 0.25, ""lamp_on_day|small"": 0.25, ""level_shift|large"": 1.0, ""level_shift|medium"": 0.25, ""level_shift|small"": 0.5, ""spike|large"": 1.0, ""spike|medium"": 0.75, ""spike|small"": 0.5}"
